card_id,card_index,card_brand,card_type,has_chip,cards_issued,credit_limit,year_pin_last_changed,card_on_dark_web,expire_month,expire_year,opening_month,opening_year,user_id,card_last4
1,0,Visa,Debit,YES,2,24295.0,2008,No,12,2022,09,2002,1,0444
2,1,Visa,Debit,YES,2,21968.0,2014,No,12,2020,04,2014,1,9986
3,2,Visa,Debit,YES,2,46414.0,2004,No,02,2024,07,2003,1,5491
4,3,Visa,Credit,NO,1,12400.0,2012,No,08,2024,01,2003,1,9057
5,4,Mastercard,Debit (Prepaid),YES,1,28.0,2009,No,03,2009,09,2008,1,6011
6,0,Visa,Credit,YES,1,27500.0,2012,No,09,2003,09,2003,2,2993
7,1,Visa,Debit,YES,2,28508.0,2011,No,07,2022,02,2011,2,8631
8,2,Mastercard,Debit,YES,2,9022.0,2015,No,06,2022,07,2003,2,0948
9,3,Mastercard,Debit (Prepaid),YES,2,54.0,2015,No,11,2020,06,2010,2,9326
10,4,Mastercard,Debit (Prepaid),YES,1,99.0,2012,No,02,2023,07,2006,2,8701
11,0,Mastercard,Debit,YES,2,31599.0,2009,No,03,2022,10,2009,3,2054
12,1,Mastercard,Debit,NO,2,27480.0,2008,No,07,2023,03,2002,3,8599
13,2,Mastercard,Debit,YES,1,26743.0,2019,No,02,2020,03,2019,3,9834
14,3,Visa,Debit,YES,1,31463.0,2014,No,06,2020,04,2014,3,7294
15,4,Mastercard,Debit,YES,1,16055.0,2009,No,06,2024,09,2009,3,2493
16,0,Visa,Credit,YES,2,98100.0,2011,No,05,2015,01,2011,4,4817
17,1,Mastercard,Debit (Prepaid),YES,1,62.0,2007,No,06,2020,02,2007,4,7991
18,2,Visa,Debit,YES,1,132439.0,2011,No,06,2022,11,2010,4,4503
19,3,Visa,Debit,YES,1,125723.0,2010,No,06,2020,10,2009,4,6357
20,0,Mastercard,Debit,YES,1,34900.0,2012,No,01,2022,12,1999,5,7659
21,0,Visa,Credit,YES,2,9900.0,2019,No,09,2021,01,2002,6,6950
22,1,Visa,Debit,YES,2,21587.0,2007,No,07,2013,09,2007,6,1212
23,2,Visa,Credit,YES,2,15800.0,2011,No,11,2022,11,2005,6,0768
24,0,Mastercard,Debit,YES,1,29964.0,2014,No,04,2022,06,2005,7,7336
25,1,Mastercard,Credit,YES,2,11200.0,2010,No,07,2023,09,2010,7,6305
26,2,Mastercard,Debit,NO,2,26753.0,2014,No,12,2021,10,2014,7,4372
27,0,Visa,Debit,NO,2,17480.0,2020,No,05,2023,01,2020,8,4644
28,0,Mastercard,Debit,YES,2,26546.0,2009,No,09,2021,11,2009,9,5152
29,1,Mastercard,Debit,YES,1,23253.0,2017,No,01,2021,09,2017,9,9353
30,2,Visa,Credit,YES,1,16100.0,2014,No,02,2021,01,2005,9,8232
31,3,Visa,Credit,YES,2,8700.0,2012,No,02,2021,01,2012,9,9440
32,4,Mastercard,Debit,YES,1,29333.0,2012,No,01,2019,05,2012,9,3611
33,0,Mastercard,Debit,YES,2,9496.0,2012,No,07,2024,07,2009,10,3532
34,0,Visa,Debit,YES,1,25499.0,2020,No,07,2021,02,2020,11,6614
35,1,Visa,Debit,YES,1,18641.0,2020,No,02,2020,02,2020,11,9923
36,0,Visa,Debit,YES,1,26019.0,2020,No,05,2023,01,2020,12,0724
37,0,Mastercard,Debit,YES,1,25845.0,2020,No,01,2021,02,2020,13,5230
38,0,Visa,Debit,YES,2,2365.0,2009,No,06,2023,01,2007,14,7229
39,1,Mastercard,Debit,YES,2,18684.0,2017,No,06,2023,07,2006,14,3587
40,2,Visa,Credit,NO,2,7400.0,2020,No,02,2021,02,2020,14,6458
41,0,Mastercard,Debit,YES,2,4147.0,2016,No,12,2024,12,2008,15,9334
42,0,Visa,Debit (Prepaid),YES,1,76.0,2012,No,04,2022,12,2012,16,9447
43,1,Discover,Credit,NO,1,4700.0,2014,No,01,2009,12,2008,16,6113
44,2,Visa,Credit,YES,2,5800.0,2011,No,06,2021,08,2007,16,6149
45,3,Mastercard,Debit,YES,2,12082.0,2016,No,03,2024,08,2016,16,0524
46,4,Mastercard,Credit,NO,2,6000.0,2010,No,03,2023,06,2002,16,7562
47,5,Visa,Debit,YES,1,620.0,2014,No,11,2009,02,2002,16,2271
48,0,Mastercard,Debit,YES,1,14499.0,2008,No,08,2022,01,2008,17,9900
49,1,Mastercard,Debit,YES,2,12332.0,2009,No,07,2023,08,2007,17,6144
50,2,Mastercard,Debit,YES,1,18424.0,2013,No,09,2024,08,2013,17,9524
51,3,Visa,Credit,NO,1,15400.0,2008,No,07,2023,08,2003,17,9293
52,4,Visa,Debit,YES,2,14548.0,2013,No,02,2022,08,2007,17,8913
53,5,Mastercard,Credit,YES,2,10100.0,2016,No,12,2016,09,2016,17,4994
54,0,Discover,Credit,YES,1,11200.0,2008,No,04,2011,02,2004,18,2196
55,1,Mastercard,Debit,YES,2,20291.0,2011,No,10,2024,12,2009,18,0967
56,2,Visa,Debit,YES,1,32092.0,2010,No,08,2018,01,2006,18,0908
57,3,Mastercard,Debit,YES,1,20463.0,2020,No,02,2020,01,2020,18,3905
58,0,Visa,Debit,YES,1,15802.0,2020,No,08,2022,01,2020,19,8909
59,1,Visa,Debit,NO,2,4612.0,2020,No,02,2020,02,2020,19,6693
60,2,Discover,Credit,YES,2,19900.0,2020,No,07,2020,01,2020,19,3324
61,0,Mastercard,Debit (Prepaid),YES,1,73.0,2012,No,10,2020,02,2000,20,2402
62,1,Mastercard,Debit,YES,1,11858.0,2010,No,01,2024,09,2009,20,1171
63,2,Mastercard,Debit,YES,1,9664.0,2011,No,03,2005,01,1998,20,8288
64,3,Mastercard,Debit,YES,1,8367.0,2009,No,06,2020,03,2009,20,0567
65,4,Visa,Credit,YES,2,6100.0,2009,No,06,2022,02,2004,20,2730
66,0,Mastercard,Debit,YES,3,9944.0,2020,No,02,2020,02,2020,21,1785
67,1,Visa,Credit,YES,1,7900.0,2020,No,01,2020,01,2020,21,9839
68,2,Visa,Credit,YES,1,5600.0,2020,No,12,2020,02,2020,21,4473
69,0,Visa,Debit,YES,1,68400.0,2020,No,08,2023,01,2020,22,1061
70,1,Mastercard,Debit,YES,2,77237.0,2020,No,04,2023,01,2020,22,3392
71,0,Visa,Debit,YES,2,4488.0,2015,No,08,2024,07,2002,23,5333
72,1,Visa,Credit,YES,2,12500.0,2014,No,02,2020,11,2014,23,4033
73,0,Mastercard,Debit,YES,2,23432.0,2008,No,12,2020,09,2001,24,7601
74,1,Amex,Credit,YES,2,8800.0,2011,No,05,2022,05,2005,24,4839
75,0,Mastercard,Credit,YES,2,12100.0,2020,No,02,2020,02,2020,25,0962
76,0,Mastercard,Debit,YES,1,9708.0,2020,No,02,2020,01,2020,26,6425
77,1,Amex,Credit,YES,2,12000.0,2011,No,11,2021,07,2009,26,1556
78,2,Mastercard,Debit,YES,1,11973.0,2012,No,11,2023,03,2012,26,0263
79,0,Mastercard,Debit,YES,2,13601.0,2014,No,02,2022,10,2006,27,0673
80,1,Mastercard,Credit,YES,2,7800.0,2020,No,01,2024,02,2020,27,7423
81,0,Visa,Debit,YES,2,17816.0,2016,No,10,2023,08,2008,28,0569
82,0,Mastercard,Debit,NO,2,17707.0,2010,No,03,2021,10,2010,29,5704
83,1,Amex,Credit,YES,1,9500.0,2009,No,11,2020,05,2005,29,9220
84,0,Mastercard,Debit,YES,1,19110.0,2011,No,01,2022,05,2010,30,3869
85,1,Mastercard,Debit,YES,1,13428.0,2016,No,08,2023,10,2016,30,1289
86,2,Mastercard,Debit,YES,1,24608.0,2009,No,06,2022,08,2005,30,4781
87,3,Mastercard,Debit,YES,1,13441.0,2011,No,09,2022,01,2008,30,8993
88,0,Mastercard,Debit (Prepaid),YES,2,74.0,2020,No,02,2020,01,2020,31,1808
89,0,Mastercard,Debit,YES,1,17872.0,2008,No,10,2012,06,2008,32,8285
90,1,Mastercard,Credit,YES,1,12900.0,2010,No,09,2022,12,2003,32,9913
91,2,Mastercard,Debit,YES,2,25264.0,2020,No,05,2024,03,2006,32,4029
92,3,Mastercard,Debit,YES,2,20634.0,2007,No,12,2022,03,2005,32,5038
93,0,Visa,Credit,YES,2,12200.0,2010,No,04,2007,12,2006,33,6974
94,1,Visa,Credit,YES,2,5500.0,2008,No,02,2010,01,2008,33,1342
95,0,Visa,Credit,NO,2,6600.0,2020,No,03,2020,02,2020,34,0769
96,1,Mastercard,Debit,YES,1,25815.0,2017,No,11,2020,12,2017,34,2305
97,0,Amex,Credit,YES,2,8400.0,2014,No,06,2021,01,2014,35,4804
98,1,Mastercard,Debit,YES,1,21628.0,2008,No,02,2020,03,2001,35,0868
99,2,Mastercard,Debit,YES,1,24232.0,2009,No,10,2021,07,2009,35,8961
100,0,Mastercard,Debit,YES,2,10775.0,2010,No,11,2023,02,2009,36,8184
101,1,Mastercard,Debit (Prepaid),YES,2,105.0,2013,No,02,2020,06,2007,36,2302
102,0,Visa,Credit,NO,2,7100.0,2010,No,01,2021,11,2010,37,5861
103,1,Mastercard,Debit,YES,1,29351.0,2007,No,07,2024,11,2005,37,4292
104,2,Mastercard,Debit,YES,2,15125.0,2012,No,03,2020,04,2008,37,5174
105,3,Mastercard,Credit,YES,2,8000.0,2008,No,11,2021,11,2003,37,4705
106,4,Mastercard,Debit (Prepaid),YES,1,83.0,2010,No,05,2011,11,2010,37,8745
107,0,Amex,Credit,YES,2,23700.0,2012,No,01,2024,07,2012,38,9536
108,0,Visa,Credit,YES,2,700.0,2016,No,02,2024,12,2016,39,1129
109,0,Mastercard,Debit,YES,2,7488.0,2016,No,07,2024,07,2006,40,4401
110,0,Visa,Credit,NO,1,24900.0,2010,No,01,2002,02,1999,41,9333
111,1,Mastercard,Debit,YES,2,30971.0,2020,No,06,2021,03,2005,41,6761
112,2,Amex,Credit,YES,1,24400.0,2020,No,01,2024,01,2020,41,3253
113,3,Mastercard,Debit,YES,2,53549.0,2020,No,02,2020,01,2020,41,4665
114,4,Visa,Debit,YES,1,53036.0,2013,No,09,2018,10,2013,41,7037
115,5,Mastercard,Debit,YES,1,35750.0,2011,No,12,2024,08,2011,41,9467
116,6,Visa,Debit,YES,1,33375.0,2013,No,07,2021,03,2013,41,1050
117,0,Visa,Debit (Prepaid),YES,2,22.0,2010,No,07,2023,12,2010,42,7151
118,1,Discover,Credit,YES,1,13100.0,2014,No,11,2020,08,2014,42,9196
119,2,Visa,Debit,YES,1,16516.0,2011,No,10,2024,07,2003,42,4632
120,3,Mastercard,Credit,YES,1,15700.0,2011,No,07,2016,05,2004,42,5175
121,4,Mastercard,Debit,YES,1,21058.0,2007,No,05,2024,08,2003,42,9093
122,0,Visa,Debit,YES,2,36425.0,2004,No,10,2023,01,2002,43,5765
123,1,Visa,Debit (Prepaid),YES,2,91.0,2016,No,03,2021,12,2016,43,8902
124,2,Mastercard,Credit,YES,1,13400.0,2014,No,09,2021,04,2005,43,9394
125,3,Mastercard,Credit,YES,2,21600.0,2010,No,04,2021,04,2010,43,9832
126,0,Mastercard,Debit,NO,1,9090.0,2020,No,02,2020,02,2020,44,9803
127,0,Visa,Debit,NO,1,25942.0,2012,No,02,2023,11,2012,45,8639
128,1,Mastercard,Credit,YES,2,10700.0,2013,No,07,2019,02,2003,45,2744
129,2,Mastercard,Credit,YES,2,4900.0,2020,No,07,2022,02,2020,45,6793
130,0,Mastercard,Credit,NO,1,18100.0,2020,No,04,2022,02,2020,46,3241
131,0,Amex,Credit,YES,2,7200.0,2020,No,03,2024,01,2020,47,9364
132,0,Mastercard,Debit,YES,2,22660.0,2007,No,02,2020,07,2004,48,1726
133,1,Discover,Credit,YES,1,19800.0,2011,No,12,2022,05,2011,48,2652
134,2,Mastercard,Credit,YES,2,15500.0,2014,No,11,2024,01,2005,48,6931
135,3,Visa,Debit (Prepaid),YES,1,13.0,2008,No,06,2023,01,2005,48,2080
136,4,Mastercard,Debit,YES,2,4317.0,2011,No,06,2021,07,2001,48,1741
137,0,Mastercard,Debit,NO,1,14719.0,2008,No,12,2021,03,2000,49,5066
138,1,Mastercard,Debit,YES,1,9532.0,2017,No,05,2021,09,2017,49,0880
139,2,Mastercard,Credit,YES,1,10900.0,2014,No,03,2020,07,2006,49,0568
140,0,Mastercard,Credit,YES,2,6200.0,2012,No,09,2024,11,2001,50,6752
141,1,Mastercard,Debit,YES,2,2903.0,2011,No,12,2012,11,2005,50,5459
142,2,Mastercard,Debit,YES,2,4355.0,2010,No,10,2020,12,1999,50,3387
143,0,Mastercard,Debit,YES,1,28963.0,2012,No,04,2021,11,2007,51,0434
144,1,Mastercard,Debit,YES,2,20913.0,2016,No,12,2022,05,2016,51,2905
145,2,Mastercard,Debit,YES,1,23344.0,2010,No,07,2024,02,2010,51,1480
146,3,Mastercard,Debit,YES,2,33642.0,2016,No,01,2020,10,2016,51,1997
147,0,Mastercard,Debit,YES,1,14695.0,2011,No,01,2022,09,2010,52,1945
148,0,Mastercard,Credit,YES,1,13200.0,2015,No,09,2023,01,2007,53,1896
149,1,Visa,Debit,YES,1,29950.0,2013,No,01,2020,09,2008,53,1772
150,2,Visa,Credit,YES,2,4600.0,2011,No,07,2024,12,2007,53,2899
151,0,Mastercard,Debit,YES,1,10051.0,2011,No,12,2022,04,2002,54,8549
152,1,Mastercard,Debit,YES,2,9796.0,2013,No,12,2015,02,2003,54,5425
153,0,Mastercard,Debit,YES,1,17826.0,2009,No,10,2021,10,2009,55,0328
154,1,Mastercard,Debit,YES,1,19086.0,2009,No,11,2024,12,2006,55,6913
155,2,Visa,Debit,YES,2,17345.0,2014,No,06,2024,10,2014,55,2637
156,3,Visa,Debit,YES,2,17976.0,2013,No,09,2020,02,2013,55,9911
157,4,Visa,Debit,YES,2,16447.0,2019,No,01,2022,01,2019,55,6727
158,0,Visa,Debit,YES,2,29573.0,2009,No,10,2024,10,2008,56,6453
159,1,Mastercard,Debit (Prepaid),YES,2,98.0,2010,No,12,2021,12,2010,56,4829
160,2,Mastercard,Debit,YES,2,2559.0,2012,No,08,2019,08,2002,56,8293
161,3,Mastercard,Debit,YES,2,6552.0,2010,No,10,2012,01,2003,56,4149
162,0,Mastercard,Credit,YES,2,13800.0,2020,No,01,2021,01,2020,57,3626
163,0,Mastercard,Debit,YES,1,16375.0,2020,No,08,2020,02,2020,58,1752
164,1,Visa,Debit,YES,1,14213.0,2020,No,05,2023,01,2020,58,8443
165,2,Visa,Debit (Prepaid),YES,1,73.0,2020,No,09,2020,02,2020,58,3069
166,0,Mastercard,Debit,YES,2,53466.0,2013,No,11,2022,07,2007,59,5230
167,0,Visa,Credit,YES,1,6600.0,2013,No,09,2020,01,2011,60,0491
168,1,Mastercard,Credit,NO,2,7200.0,2015,No,06,2022,12,2015,60,6308
169,0,Mastercard,Debit,YES,1,2868.0,2020,No,11,2020,01,2020,61,5768
170,1,Discover,Credit,YES,1,3400.0,2020,No,05,2024,01,2020,61,1506
171,0,Mastercard,Debit,YES,1,12915.0,2013,No,01,2022,10,2011,62,4931
172,1,Visa,Debit (Prepaid),YES,2,84.0,2017,No,12,2023,04,2009,62,2452
173,2,Discover,Credit,YES,2,17600.0,2018,No,07,2021,04,2018,62,0844
174,3,Mastercard,Debit,YES,1,31542.0,2009,No,12,2012,11,2006,62,3675
175,4,Mastercard,Debit,YES,2,23049.0,2013,No,02,2022,06,2013,62,1514
176,5,Visa,Debit,YES,1,29734.0,2017,No,05,2020,12,2017,62,9035
177,6,Visa,Credit,YES,2,27000.0,2016,No,01,2020,09,2011,62,2143
178,7,Mastercard,Debit (Prepaid),YES,1,18.0,2010,No,11,2022,03,2008,62,9104
179,0,Mastercard,Debit,YES,1,17848.0,2015,No,04,2023,12,2015,63,6692
180,1,Mastercard,Debit,NO,1,25563.0,2010,No,11,2022,05,2010,63,0063
181,2,Visa,Credit,YES,2,12000.0,2010,No,04,2020,10,2010,63,9372
182,3,Amex,Credit,NO,2,6600.0,2012,No,11,2018,02,2012,63,9104
183,0,Amex,Credit,NO,1,5600.0,2020,No,09,2023,01,2020,64,1313
184,1,Visa,Debit,YES,3,11873.0,2020,No,11,2022,02,2020,64,9853
185,2,Mastercard,Credit,YES,1,7200.0,2020,No,02,2020,02,2020,64,6771
186,0,Amex,Credit,YES,1,10000.0,2020,No,08,2024,02,2020,65,3735
187,1,Mastercard,Credit,YES,2,500.0,2010,No,04,2023,11,2010,65,9059
188,0,Mastercard,Debit,YES,1,22697.0,2020,No,02,2020,02,2020,66,7125
189,1,Mastercard,Credit,YES,1,18000.0,2013,No,08,2023,03,2013,66,5960
190,2,Mastercard,Debit,YES,1,32903.0,2010,No,10,2024,06,2010,66,7374
191,0,Visa,Debit,YES,2,12764.0,2010,No,08,2021,05,1999,67,2364
192,1,Mastercard,Credit,YES,1,6300.0,2019,No,10,2022,02,2019,67,5863
193,0,Mastercard,Debit,YES,2,7541.0,2013,No,02,2022,09,2008,68,0580
194,1,Visa,Debit,YES,2,1266.0,2012,No,03,2022,06,2007,68,3048
195,2,Mastercard,Credit,NO,1,9500.0,2014,No,04,2020,09,2014,68,4780
196,0,Mastercard,Debit,YES,2,1837.0,2010,No,04,2020,06,2010,69,3516
197,1,Mastercard,Debit,YES,2,17453.0,2008,No,08,2023,02,2006,69,0552
198,0,Visa,Debit,NO,1,28283.0,2012,No,10,2013,05,2008,70,8189
199,1,Visa,Credit,YES,1,13500.0,2012,No,04,2020,05,2010,70,1913
200,2,Visa,Credit,YES,2,13300.0,2012,No,07,2014,06,2012,70,2898
201,0,Mastercard,Debit,YES,2,17941.0,2009,No,09,2021,04,2009,71,6506
202,0,Visa,Credit,YES,1,14400.0,2012,No,04,2018,06,2010,72,1973
203,1,Visa,Credit,YES,1,4400.0,2012,No,04,2020,07,2012,72,1512
204,2,Mastercard,Credit,YES,1,13000.0,2020,No,03,2020,02,2020,72,8691
205,3,Visa,Debit,YES,2,22701.0,2020,No,04,2023,02,2020,72,9269
206,0,Mastercard,Credit,NO,1,16100.0,2020,No,08,2024,02,2020,73,1640
207,1,Mastercard,Debit,YES,2,7629.0,2020,No,09,2023,02,2020,73,8202
208,0,Mastercard,Debit,NO,1,16538.0,2012,No,03,2022,04,2012,74,2129
209,1,Visa,Debit,YES,2,22746.0,2010,No,12,2020,01,2008,74,2208
210,2,Mastercard,Debit,YES,1,9737.0,2016,No,07,2016,02,2016,74,4764
211,3,Mastercard,Credit,YES,1,6500.0,2014,No,07,2019,02,2011,74,0039
212,4,Mastercard,Debit,YES,2,2650.0,2013,No,06,2020,02,2011,74,6217
213,5,Visa,Credit,YES,2,8200.0,2011,No,05,2012,01,2009,74,0716
214,6,Amex,Credit,YES,2,6200.0,2013,No,01,2022,11,2006,74,6765
215,0,Amex,Credit,YES,2,22600.0,2014,No,01,2021,11,2006,75,2753
216,1,Mastercard,Debit,YES,2,6940.0,2009,No,05,2024,03,2006,75,9846
217,2,Mastercard,Debit,YES,2,23408.0,2008,No,03,2024,04,1996,75,7828
218,3,Visa,Credit,YES,2,9700.0,2007,No,09,2022,11,2004,75,1632
219,0,Mastercard,Debit,NO,2,10538.0,2006,No,06,2024,07,2006,76,0589
220,1,Mastercard,Debit,YES,2,6853.0,2006,No,03,2023,08,2001,76,7460
221,2,Mastercard,Debit,YES,2,607.0,2010,No,10,2020,12,2002,76,1087
222,3,Mastercard,Credit,YES,1,0.0,2010,No,08,2021,08,2010,76,2866
223,4,Visa,Debit,YES,2,8253.0,2011,No,06,2021,10,2004,76,8464
224,0,Visa,Debit,YES,2,8492.0,2020,No,09,2020,01,2020,77,8492
225,0,Visa,Credit,YES,1,9100.0,2010,No,07,2022,01,2010,78,7853
226,1,Mastercard,Credit,NO,2,2600.0,2011,No,04,2022,07,2011,78,0891
227,2,Mastercard,Credit,NO,1,7300.0,2010,No,05,2024,11,2002,78,2493
228,0,Visa,Credit,YES,1,15000.0,2009,No,08,2020,10,2009,79,8617
229,1,Mastercard,Credit,YES,2,18700.0,2020,No,04,2024,02,2020,79,1600
230,2,Visa,Debit,YES,1,21458.0,2020,No,05,2021,01,2020,79,9960
231,3,Visa,Credit,NO,1,15700.0,2014,No,04,2020,11,2010,79,8263
232,0,Mastercard,Debit,YES,2,20765.0,2014,No,01,2020,12,2014,80,9374
233,1,Mastercard,Debit,NO,2,18101.0,2020,No,06,2022,02,2020,80,2629
234,2,Visa,Credit,YES,1,8400.0,2020,No,11,2024,02,2020,80,2957
235,3,Mastercard,Debit,YES,1,1737.0,2020,No,03,2020,01,2020,80,9218
236,0,Mastercard,Credit,YES,2,20900.0,2020,No,02,2020,02,2020,81,0431
237,1,Visa,Credit,YES,1,23700.0,2020,No,11,2021,02,2020,81,5695
238,2,Mastercard,Credit,YES,1,17500.0,2020,No,11,2021,01,2020,81,2761
239,0,Visa,Debit,YES,1,26083.0,2009,No,06,2024,12,2009,82,2317
240,1,Visa,Debit,YES,1,31589.0,2008,No,10,2022,05,2008,82,3538
241,2,Visa,Credit,YES,2,24200.0,2013,No,06,2021,10,2000,82,2329
242,0,Mastercard,Debit,YES,2,18321.0,2020,No,02,2020,02,2020,83,8530
243,0,Mastercard,Debit,YES,2,7551.0,2010,No,10,2022,11,2002,84,7132
244,1,Mastercard,Debit,YES,1,15377.0,2011,No,06,2014,08,2004,84,2078
245,2,Visa,Debit,YES,1,12990.0,2016,No,03,2023,10,2007,84,2206
246,3,Visa,Debit,YES,1,8509.0,2010,No,02,2023,06,2010,84,2707
247,0,Visa,Debit,YES,1,96907.0,2014,No,11,2014,11,2014,85,2877
248,1,Visa,Credit,YES,1,43900.0,2013,No,07,2015,03,2008,85,5147
249,2,Visa,Debit (Prepaid),YES,2,76.0,2007,No,10,2020,11,2005,85,9163
250,0,Mastercard,Debit,YES,2,50915.0,2020,No,01,2020,01,2020,86,9158
251,1,Visa,Debit,YES,2,31767.0,2020,No,12,2021,02,2020,86,2868
252,0,Visa,Credit,YES,2,13200.0,2010,No,04,2024,07,2008,87,0690
253,1,Mastercard,Credit,YES,2,16000.0,2012,No,10,2022,02,2011,87,6678
254,2,Visa,Debit,YES,2,18132.0,2020,No,07,2024,01,2020,87,4203
255,3,Visa,Credit,YES,1,300.0,2012,No,02,2019,04,2012,87,4799
256,0,Mastercard,Debit,YES,2,2236.0,2015,No,11,2022,05,2000,88,0448
257,1,Visa,Debit,YES,2,21591.0,2010,No,08,2019,09,2010,88,9268
258,0,Mastercard,Debit,YES,2,11521.0,2020,No,04,2020,02,2020,89,4537
259,1,Visa,Credit,NO,1,8600.0,2020,No,06,2020,01,2020,89,9625
260,0,Amex,Credit,YES,1,9800.0,2010,No,03,2020,08,2003,90,8404
261,1,Visa,Credit,YES,2,11300.0,2009,No,03,2012,02,2008,90,8973
262,2,Mastercard,Credit,YES,1,8400.0,2011,No,10,2019,04,2009,90,2349
263,3,Mastercard,Debit,YES,1,16597.0,2009,No,12,2023,01,1999,90,7350
264,4,Amex,Credit,YES,2,9400.0,2008,No,09,2020,09,2008,90,3532
265,0,Visa,Debit,YES,1,18702.0,2007,No,12,2008,12,2007,91,5413
266,0,Visa,Debit,YES,1,24806.0,2007,No,06,2022,06,2007,92,6463
267,1,Visa,Debit,YES,1,19856.0,2011,No,05,2023,11,2007,92,4247
268,0,Visa,Debit (Prepaid),YES,2,68.0,2010,No,02,2021,02,2010,93,9284
269,1,Amex,Credit,YES,2,4900.0,2009,No,12,2022,06,2009,93,7594
270,0,Mastercard,Debit,YES,1,13390.0,2020,No,02,2022,02,2020,94,4606
271,1,Amex,Credit,YES,3,8400.0,2020,No,11,2024,02,2020,94,7986
272,0,Amex,Credit,YES,2,13700.0,2012,No,03,2024,02,2012,95,1669
273,0,Discover,Credit,YES,2,4200.0,2016,No,11,2024,06,2016,96,0919
274,0,Visa,Debit,YES,2,2292.0,2015,No,08,2020,10,2009,97,1219
275,1,Amex,Credit,YES,1,8800.0,2010,No,03,2021,07,2010,97,6131
276,0,Mastercard,Credit,NO,2,7600.0,2009,No,03,2023,11,2006,98,1205
277,1,Visa,Credit,YES,2,6200.0,2018,No,11,2021,05,2005,98,3977
278,0,Mastercard,Credit,YES,1,12900.0,2011,No,07,2023,06,1999,99,9578
279,1,Mastercard,Debit,YES,2,18820.0,2015,No,06,2022,09,2008,99,5816
280,2,Visa,Debit,YES,2,16167.0,2009,No,07,2005,06,2004,99,7475
281,3,Mastercard,Credit,YES,2,4200.0,2011,No,06,2023,02,2007,99,6477
282,4,Mastercard,Debit,YES,2,18861.0,2011,No,08,2024,06,2006,99,6648
283,5,Visa,Debit,NO,1,27231.0,2011,No,02,2020,02,2011,99,4198
284,0,Visa,Debit,YES,1,24390.0,2020,No,12,2024,02,2020,100,7347
285,1,Mastercard,Debit,YES,1,3106.0,2020,No,02,2023,02,2020,100,8606
286,0,Mastercard,Debit,YES,2,13595.0,2010,No,07,2020,03,2006,101,9539
287,1,Discover,Credit,NO,2,12300.0,2009,No,11,2009,10,2009,101,9947
288,2,Mastercard,Credit,YES,2,12300.0,2009,No,02,2019,08,2005,101,5721
289,3,Mastercard,Debit,YES,1,20743.0,2016,No,04,2021,06,2016,101,1139
290,4,Mastercard,Debit,YES,2,17706.0,2010,No,08,2021,06,2003,101,9829
291,5,Mastercard,Debit,YES,2,20962.0,2009,No,08,2022,05,2009,101,7172
292,6,Mastercard,Debit,YES,2,19439.0,2007,No,03,2024,01,1997,101,3845
293,0,Visa,Debit,NO,1,30160.0,2017,No,03,2022,06,2003,102,2773
294,1,Amex,Credit,YES,2,0.0,2018,No,06,2022,06,2018,102,2560
295,2,Visa,Debit,NO,1,28937.0,2008,No,11,2012,02,2004,102,3786
296,0,Mastercard,Debit (Prepaid),NO,2,22.0,2011,No,05,2020,03,2005,103,2572
297,1,Mastercard,Debit,YES,2,1575.0,2005,No,08,2015,01,2004,103,1083
298,2,Mastercard,Debit,YES,2,7562.0,2011,No,12,2020,10,2002,103,1095
299,3,Mastercard,Debit,YES,2,17211.0,2013,No,05,2024,08,1999,103,5472
300,4,Visa,Credit,NO,2,9500.0,2010,No,06,2010,05,2008,103,1854
301,0,Mastercard,Debit,YES,2,24191.0,2011,No,11,2022,06,2011,104,4653
302,1,Mastercard,Debit (Prepaid),YES,2,68.0,2006,No,03,2023,07,2005,104,9247
303,2,Mastercard,Debit,YES,2,8037.0,2010,No,02,2020,05,2007,104,0022
304,3,Mastercard,Debit (Prepaid),YES,2,97.0,2015,No,02,2018,02,2009,104,9011
305,0,Mastercard,Debit,YES,1,15555.0,2020,No,05,2021,01,2020,105,0161
306,1,Mastercard,Debit,YES,1,18242.0,2016,No,05,2016,04,2016,105,4907
307,2,Visa,Debit (Prepaid),YES,2,62.0,2020,No,12,2021,02,2020,105,2998
308,3,Visa,Debit,NO,1,16715.0,2020,No,12,2022,01,2020,105,6722
309,0,Mastercard,Debit (Prepaid),YES,1,46.0,2020,No,02,2020,02,2020,106,0043
310,0,Mastercard,Debit,YES,2,20195.0,2012,No,04,2021,02,2012,107,1220
311,1,Mastercard,Debit,YES,2,39818.0,2019,No,07,2019,06,2019,107,3433
312,2,Visa,Debit,YES,2,33736.0,2010,No,09,2018,05,2010,107,9448
313,0,Mastercard,Debit,YES,2,17850.0,2008,No,11,2011,08,2008,108,2379
314,1,Amex,Credit,YES,2,11300.0,2008,No,02,2021,08,2005,108,9001
315,0,Visa,Debit,NO,2,1981.0,2014,No,09,2015,05,2010,109,2421
316,1,Mastercard,Debit,YES,1,15695.0,2010,No,07,2024,08,2009,109,5355
317,2,Mastercard,Debit,YES,2,23475.0,2011,No,06,2014,03,2008,109,2842
318,0,Mastercard,Credit,YES,1,12900.0,2011,No,06,2017,11,2001,110,3523
319,1,Mastercard,Debit (Prepaid),YES,1,91.0,2011,No,02,2021,04,2011,110,4427
320,2,Mastercard,Debit,YES,2,15341.0,2014,No,10,2022,02,1999,110,0570
321,0,Mastercard,Debit,YES,2,42116.0,2011,No,06,2015,09,2010,111,4992
322,1,Mastercard,Debit,NO,2,39312.0,2020,No,01,2020,01,2020,111,2846
323,0,Visa,Debit,NO,2,21370.0,2010,No,04,2008,06,2005,112,1960
324,1,Amex,Credit,YES,2,16700.0,2011,No,12,2022,10,2011,112,0241
325,2,Amex,Credit,YES,1,17800.0,2011,No,10,2024,11,2007,112,4599
326,3,Mastercard,Credit,YES,2,16200.0,2011,No,11,2020,12,2007,112,6344
327,4,Amex,Credit,YES,1,17700.0,2013,No,12,2020,05,2011,112,4647
328,0,Mastercard,Credit,YES,1,14600.0,2012,No,03,2021,01,2000,113,5662
329,1,Visa,Credit,YES,2,10700.0,2011,No,07,2024,09,2009,113,1091
330,2,Mastercard,Debit (Prepaid),YES,1,89.0,2010,No,07,2023,04,2010,113,5807
331,0,Mastercard,Debit,YES,3,11398.0,2013,No,09,2006,08,2006,114,7731
332,0,Mastercard,Credit,YES,2,8200.0,2010,No,12,2023,12,2008,115,8008
333,1,Mastercard,Credit,YES,1,6100.0,2008,No,06,2021,08,2008,115,1219
334,2,Mastercard,Debit,YES,1,15820.0,2011,No,07,2024,06,2011,115,0901
335,0,Mastercard,Debit,YES,2,9774.0,2020,No,08,2023,02,2020,116,6909
336,0,Visa,Debit,YES,1,22833.0,2013,No,09,2023,05,2013,117,0276
337,1,Visa,Debit,YES,1,48502.0,2020,No,11,2022,01,2020,117,8991
338,2,Visa,Debit,YES,2,34888.0,2019,No,07,2022,04,2019,117,4508
339,3,Visa,Debit,NO,1,29503.0,2014,No,08,2019,08,2014,117,2783
340,4,Mastercard,Debit,YES,2,19570.0,2019,No,08,2021,01,2019,117,3700
341,5,Mastercard,Debit,YES,1,22297.0,2017,No,12,2023,05,2017,117,6630
342,6,Visa,Debit,YES,1,20031.0,2015,No,09,2023,06,2015,117,4444
343,7,Mastercard,Debit,YES,2,30323.0,2020,No,02,2020,02,2020,117,5219
344,8,Amex,Credit,YES,1,19000.0,2020,No,04,2024,01,2020,117,5379
345,0,Mastercard,Debit,YES,1,18162.0,2018,No,02,2020,07,2018,118,4486
346,1,Visa,Debit (Prepaid),YES,1,54.0,2020,No,12,2020,01,2020,118,9356
347,2,Mastercard,Credit,YES,1,8700.0,2020,No,08,2022,02,2020,118,5975
348,3,Mastercard,Debit,YES,1,14295.0,2020,No,05,2021,01,2020,118,9598
349,0,Visa,Debit,NO,1,17620.0,2019,No,11,2024,11,2019,119,3400
350,1,Mastercard,Debit,YES,2,17201.0,2015,No,02,2020,01,2015,119,9432
351,2,Discover,Credit,YES,1,8300.0,2020,No,08,2021,01,2020,119,9051
352,0,Visa,Debit,YES,2,17853.0,2011,No,08,2023,11,2008,120,9444
353,1,Mastercard,Debit,YES,1,10794.0,2018,No,12,2024,04,2018,120,1204
354,2,Mastercard,Debit,YES,1,15832.0,2011,No,12,2019,11,2010,120,6039
355,0,Mastercard,Debit (Prepaid),YES,1,26.0,2019,No,10,2006,07,2006,121,1183
356,1,Mastercard,Credit,YES,2,16300.0,2009,No,05,2013,11,2007,121,4547
357,0,Mastercard,Debit,YES,2,14836.0,2020,No,10,2024,01,2020,122,9092
358,1,Mastercard,Debit,YES,2,13972.0,2020,No,07,2024,01,2020,122,9124
359,0,Mastercard,Debit,YES,1,33103.0,2013,No,06,2024,06,2013,123,7612
360,1,Mastercard,Debit,YES,1,20847.0,2010,No,09,2023,08,2008,123,3098
361,2,Mastercard,Debit,YES,1,31807.0,2013,No,11,2013,10,2013,123,8670
362,3,Visa,Credit,YES,1,16100.0,2014,No,03,2024,02,2002,123,1962
363,0,Mastercard,Debit,YES,1,28894.0,2011,No,07,2021,05,2002,124,3435
364,1,Visa,Debit (Prepaid),YES,1,61.0,2009,No,03,2002,02,2002,124,2024
365,2,Visa,Credit,YES,1,12500.0,2012,No,02,2023,09,2010,124,7896
366,0,Mastercard,Debit,YES,2,15409.0,2010,No,06,2023,04,2009,125,7493
367,1,Mastercard,Credit,YES,1,5300.0,2012,No,08,2023,10,2003,125,3859
368,2,Mastercard,Debit,YES,1,13469.0,2009,No,12,2016,05,2006,125,8575
369,0,Mastercard,Debit,YES,1,16524.0,2020,No,05,2020,01,2020,126,9011
370,1,Mastercard,Debit,NO,1,29526.0,2020,No,01,2020,01,2020,126,7385
371,2,Mastercard,Debit,YES,1,16407.0,2020,No,07,2023,02,2020,126,1808
372,0,Mastercard,Debit (Prepaid),YES,2,61.0,2015,No,04,2023,06,2008,127,7119
373,1,Mastercard,Debit,YES,2,40628.0,2014,No,11,2020,10,2009,127,1662
374,2,Mastercard,Debit,YES,2,24980.0,2014,No,08,2010,04,2008,127,0040
375,0,Mastercard,Debit,YES,1,10290.0,2020,No,05,2020,02,2020,128,3700
376,1,Mastercard,Debit (Prepaid),YES,1,84.0,2018,No,01,2023,10,2018,128,9588
377,0,Visa,Debit,YES,1,13725.0,2014,No,12,2018,03,2007,129,8683
378,1,Visa,Debit,YES,2,8278.0,2010,No,12,2024,09,2008,129,5962
379,2,Visa,Debit,YES,2,13514.0,2018,No,09,2020,06,2009,129,2206
380,3,Mastercard,Credit,YES,1,3800.0,2011,No,11,2024,04,2011,129,4579
381,0,Mastercard,Debit,YES,2,15119.0,2011,No,10,2024,04,2005,130,4802
382,0,Mastercard,Debit (Prepaid),YES,1,81.0,2020,No,01,2021,01,2020,131,6800
383,1,Mastercard,Debit,YES,1,34183.0,2020,No,02,2020,01,2020,131,1366
384,2,Visa,Credit,YES,1,22200.0,2020,No,07,2022,01,2020,131,3760
385,0,Mastercard,Debit,YES,1,15117.0,2020,No,02,2022,02,2020,132,4702
386,1,Visa,Debit (Prepaid),YES,2,81.0,2010,No,04,2020,06,2010,132,0421
387,0,Mastercard,Debit,YES,2,1543.0,2009,No,05,2023,06,2003,133,5783
388,0,Mastercard,Debit,YES,1,22821.0,2020,No,09,2024,01,2020,134,4163
389,1,Visa,Credit,YES,1,13200.0,2020,No,01,2023,02,2020,134,7623
390,2,Mastercard,Debit,YES,1,16330.0,2020,No,08,2024,01,2020,134,9278
391,3,Visa,Debit (Prepaid),NO,2,39.0,2020,No,01,2020,01,2020,134,0381
392,0,Mastercard,Credit,YES,2,6400.0,2011,No,11,2007,11,2007,135,5216
393,1,Visa,Credit,YES,1,3500.0,2007,No,05,2000,05,2000,135,3944
394,2,Visa,Debit,YES,1,12606.0,2018,No,04,2023,12,2018,135,3789
395,3,Visa,Debit,YES,1,9921.0,2018,No,02,2023,01,2018,135,0640
396,4,Visa,Debit (Prepaid),YES,2,96.0,2009,No,05,2022,08,2007,135,7204
397,5,Mastercard,Debit,YES,1,18964.0,2009,No,12,2024,02,2003,135,6677
398,0,Mastercard,Debit,YES,2,3711.0,2013,No,01,2024,04,2007,136,7616
399,0,Mastercard,Debit,NO,1,35279.0,2015,No,03,2023,02,2015,137,5665
400,1,Visa,Credit,YES,2,13800.0,2015,No,07,2020,11,2008,137,2543
401,2,Mastercard,Debit,YES,2,24215.0,2007,No,02,2022,07,2002,137,7774
402,0,Visa,Credit,YES,1,19400.0,2010,No,09,2024,11,2007,138,1620
403,1,Visa,Debit (Prepaid),YES,2,30.0,2014,No,06,2020,03,2005,138,7836
404,2,Visa,Debit,YES,2,17208.0,2016,No,03,2024,01,2010,138,7199
405,3,Mastercard,Credit,YES,2,18300.0,2011,No,11,2004,01,2001,138,2964
406,4,Mastercard,Debit,YES,1,51012.0,2014,No,09,2021,02,2014,138,8097
407,5,Amex,Credit,YES,1,15000.0,2011,No,02,2019,01,2009,138,6194
408,0,Visa,Credit,YES,1,7600.0,2009,No,04,2018,05,2006,139,0443
409,1,Mastercard,Debit,YES,2,8052.0,2012,No,11,2023,03,2005,139,7288
410,2,Mastercard,Credit,YES,1,8600.0,2007,No,07,2024,03,2005,139,6549
411,3,Mastercard,Debit,YES,2,20128.0,2019,No,08,2020,10,2019,139,9047
412,4,Amex,Credit,YES,1,9000.0,2013,No,03,2023,07,2008,139,1416
413,5,Mastercard,Debit (Prepaid),YES,2,91.0,2012,No,10,2020,11,2011,139,2597
414,0,Amex,Credit,YES,1,6800.0,2009,No,12,2024,02,1996,140,2526
415,1,Mastercard,Debit (Prepaid),YES,1,93.0,2010,No,07,2011,05,2010,140,5339
416,2,Visa,Credit,YES,2,9800.0,2013,No,01,2016,03,2013,140,7271
417,3,Visa,Credit,YES,2,6700.0,2011,No,01,2021,06,2010,140,6661
418,0,Visa,Credit,YES,1,9800.0,2015,No,05,2023,01,2006,141,0939
419,1,Visa,Debit,YES,2,24544.0,2013,No,01,2018,06,2006,141,6058
420,2,Mastercard,Debit,YES,1,22639.0,2010,No,05,2023,05,2008,141,7367
421,3,Discover,Credit,YES,1,1100.0,2015,No,11,2023,07,2015,141,9077
422,4,Mastercard,Debit (Prepaid),YES,1,86.0,2013,No,05,2016,04,2013,141,7380
423,0,Visa,Debit,YES,2,2330.0,2011,No,08,2020,04,2010,142,3393
424,1,Visa,Credit,YES,2,5900.0,2020,No,08,2020,02,2020,142,3524
425,0,Visa,Debit,YES,2,47372.0,2008,No,02,2020,12,2007,143,2446
426,1,Visa,Debit,NO,2,28127.0,2010,No,07,2022,05,2010,143,3386
427,2,Mastercard,Debit (Prepaid),YES,1,28.0,2006,No,03,2010,09,2006,143,9829
428,3,Visa,Debit,YES,2,62081.0,2020,No,03,2024,02,2020,143,0019
429,0,Amex,Credit,YES,1,5800.0,2011,No,11,2022,09,2011,144,0454
430,1,Visa,Credit,YES,1,6700.0,2009,No,07,2016,07,2009,144,3876
431,2,Visa,Credit,YES,1,6700.0,2012,No,02,2015,03,2006,144,5929
432,3,Mastercard,Debit,YES,2,1424.0,2012,No,07,2022,12,2004,144,2530
433,0,Mastercard,Debit (Prepaid),NO,1,58.0,2020,No,07,2024,02,2020,145,0288
434,1,Visa,Credit,YES,2,19400.0,2008,No,05,2009,07,2006,145,6784
435,2,Visa,Debit,YES,2,4052.0,2013,No,05,2012,12,2010,145,6450
436,3,Visa,Credit,YES,2,9300.0,2010,No,05,2010,04,2004,145,3493
437,0,Visa,Credit,YES,1,9600.0,2020,No,05,2022,02,2020,146,7370
438,1,Mastercard,Debit,YES,1,16923.0,2020,No,02,2020,02,2020,146,2781
439,0,Mastercard,Credit,YES,1,7700.0,2020,No,02,2020,01,2020,147,5924
440,0,Mastercard,Debit,YES,2,146.0,2020,No,07,2022,02,2020,148,3172
441,0,Mastercard,Debit,NO,1,12091.0,2009,No,03,2023,05,2009,149,6697
442,1,Mastercard,Debit,YES,2,11157.0,2011,No,11,2006,09,2006,149,3349
443,2,Visa,Credit,YES,2,7100.0,2012,No,07,2010,12,2002,149,9951
444,3,Mastercard,Debit,YES,1,7612.0,2011,No,01,2012,08,2010,149,1307
445,4,Visa,Credit,YES,2,6100.0,2013,No,12,2021,02,2013,149,7227
446,0,Visa,Debit,YES,2,27706.0,2008,No,07,2023,12,2008,150,7889
447,1,Mastercard,Debit (Prepaid),NO,2,45.0,2009,No,04,2009,03,2008,150,2358
448,2,Mastercard,Debit,NO,2,2046.0,2008,No,05,2021,02,2000,150,6135
449,3,Mastercard,Credit,YES,1,17400.0,2012,No,10,2024,09,2012,150,0754
450,4,Mastercard,Debit,YES,1,26231.0,2008,No,05,2020,12,2008,150,0026
451,0,Visa,Credit,YES,2,18300.0,2010,No,02,2009,06,2007,151,4543
452,1,Visa,Credit,YES,2,13900.0,2014,No,05,2016,07,2001,151,2595
453,0,Mastercard,Credit,YES,2,17200.0,2013,No,08,2022,06,1999,152,8757
454,1,Visa,Debit,YES,2,14217.0,2012,No,06,2023,10,2006,152,0739
455,2,Mastercard,Debit,YES,2,39533.0,2016,No,03,2024,04,2007,152,0036
456,3,Mastercard,Debit,YES,2,3141.0,2013,No,04,2023,08,2008,152,8271
457,4,Visa,Credit,YES,2,12800.0,2014,No,11,2022,04,2014,152,1974
458,5,Mastercard,Debit,NO,1,38342.0,2010,No,01,2020,09,2010,152,8279
459,0,Mastercard,Credit,YES,1,3000.0,2020,No,01,2020,01,2020,153,1307
460,0,Visa,Debit,NO,1,16486.0,2020,No,12,2020,02,2020,154,8485
461,0,Mastercard,Debit,YES,2,28868.0,2020,No,05,2024,01,2020,155,4446
462,1,Mastercard,Debit,YES,1,51836.0,2020,No,02,2021,01,2020,155,6819
463,0,Visa,Credit,YES,2,8900.0,2020,No,09,2021,02,2020,156,6303
464,1,Mastercard,Credit,YES,1,9900.0,2020,No,02,2020,02,2020,156,0471
465,2,Visa,Debit,YES,1,22935.0,2020,No,02,2020,01,2020,156,9873
466,3,Visa,Credit,YES,2,7900.0,2020,No,10,2023,02,2020,156,2423
467,4,Mastercard,Debit,YES,1,17336.0,2014,No,02,2020,12,2014,156,3212
468,0,Visa,Debit,YES,2,20206.0,2011,No,03,2021,07,2011,157,5301
469,1,Visa,Credit,YES,2,9900.0,2018,No,10,2023,01,2018,157,1404
470,2,Mastercard,Debit (Prepaid),NO,1,78.0,2012,No,11,2021,01,2012,157,6854
471,3,Mastercard,Debit,YES,1,17335.0,2010,No,05,2023,11,2010,157,0797
472,4,Visa,Credit,YES,1,9700.0,2020,No,06,2024,01,2003,157,1504
473,0,Visa,Debit,NO,2,25048.0,2010,No,06,2021,12,2004,158,4976
474,1,Visa,Debit,YES,1,25214.0,2014,No,12,2014,03,2014,158,3558
475,2,Mastercard,Debit,YES,1,33580.0,2020,No,04,2023,02,2020,158,3745
476,0,Visa,Debit,NO,2,1952.0,2011,No,04,2013,03,2011,159,7632
477,0,Mastercard,Debit,YES,1,18491.0,2011,No,05,2023,07,2009,160,9778
478,1,Visa,Credit,YES,1,9800.0,2014,No,02,2013,08,2010,160,9709
479,2,Mastercard,Credit,YES,1,0.0,2010,No,12,2021,12,2009,160,3354
480,0,Mastercard,Debit,YES,1,5857.0,2012,No,09,2023,01,2011,161,8736
481,1,Visa,Debit,YES,2,10366.0,2014,No,06,2020,10,2007,161,3772
482,2,Visa,Debit,YES,1,10161.0,2008,No,01,2024,04,2004,161,3671
483,3,Mastercard,Debit,YES,2,9297.0,2012,No,04,2021,01,2005,161,1031
484,4,Visa,Debit,YES,1,12434.0,2012,No,09,2021,07,2003,161,7425
485,0,Mastercard,Debit,YES,2,29973.0,2010,No,04,2020,11,2010,162,5748
486,1,Visa,Debit,YES,2,25330.0,2015,No,02,2020,09,2015,162,4108
487,2,Visa,Debit,YES,2,52609.0,2010,No,04,2020,04,2006,162,7208
488,3,Visa,Credit,YES,1,25200.0,2016,No,10,2020,12,2006,162,8026
489,0,Visa,Debit,YES,1,11832.0,2007,No,11,2022,12,1996,163,1543
490,1,Visa,Credit,YES,1,5400.0,2013,No,08,2016,04,2008,163,3093
491,2,Mastercard,Debit,NO,1,3384.0,2009,No,01,2024,06,2009,163,9461
492,0,Mastercard,Debit,YES,1,13756.0,2012,No,04,2014,06,2012,164,1331
493,1,Mastercard,Debit,YES,1,9263.0,2010,No,06,2022,01,2006,164,5430
494,2,Mastercard,Debit,YES,1,16899.0,2014,No,12,2024,04,2014,164,0697
495,3,Visa,Credit,YES,1,5700.0,2012,No,01,2022,06,2004,164,9332
496,4,Mastercard,Debit (Prepaid),YES,1,46.0,2012,No,05,2021,03,2007,164,2953
497,0,Mastercard,Credit,YES,2,11400.0,2020,No,01,2024,02,2020,165,9597
498,0,Mastercard,Debit (Prepaid),YES,1,95.0,2011,No,08,2022,11,2011,166,9305
499,1,Mastercard,Credit,YES,2,10700.0,2015,No,06,2023,02,2007,166,6338
500,2,Amex,Credit,YES,1,8700.0,2011,No,02,2024,06,2011,166,7108
501,3,Visa,Debit,YES,2,12150.0,2008,No,01,2022,06,2004,166,7089
502,0,Discover,Credit,YES,1,7800.0,2017,No,03,2019,06,2017,167,2002
503,1,Visa,Debit,NO,1,13761.0,2013,No,10,2013,02,2013,167,7070
504,0,Visa,Debit,YES,2,45377.0,2011,No,06,2020,07,2010,168,3081
505,0,Mastercard,Debit,YES,1,18091.0,2020,No,01,2020,01,2020,169,9715
506,1,Mastercard,Debit,YES,1,14514.0,2020,No,12,2022,01,2020,169,8669
507,0,Mastercard,Credit,YES,1,15900.0,2020,No,03,2022,02,2020,170,2163
508,1,Visa,Credit,YES,1,13000.0,2020,No,12,2020,01,2020,170,2221
509,2,Visa,Debit,YES,2,17905.0,2020,No,09,2021,01,2020,170,3514
510,0,Visa,Credit,YES,2,7000.0,2011,No,07,2022,11,2010,171,4445
511,1,Visa,Credit,YES,3,7100.0,2010,No,07,2020,04,2010,171,5206
512,2,Mastercard,Debit,YES,2,16476.0,2008,No,06,2024,05,2005,171,5490
513,3,Visa,Credit,NO,2,7200.0,2011,No,10,2009,12,2006,171,2443
514,0,Mastercard,Credit,YES,1,11800.0,2011,No,10,2017,12,2010,172,8083
515,1,Mastercard,Debit,YES,2,6832.0,2015,No,12,2018,08,2010,172,1928
516,2,Mastercard,Debit,YES,2,6222.0,2009,No,12,2023,09,2009,172,6337
517,0,Amex,Credit,YES,1,13300.0,2015,No,03,2024,05,2007,173,6942
518,1,Visa,Debit,YES,2,2942.0,2014,No,08,2023,12,2003,173,0537
519,2,Visa,Debit,YES,2,33539.0,2018,No,12,2022,06,2005,173,2455
520,0,Visa,Credit,YES,2,14000.0,2020,No,04,2023,02,2020,174,2344
521,1,Visa,Debit,YES,1,20160.0,2020,No,06,2024,01,2020,174,8200
522,0,Mastercard,Debit,YES,1,35466.0,2020,No,03,2022,01,2020,175,5753
523,1,Visa,Debit,YES,2,24677.0,2020,No,02,2020,02,2020,175,8464
524,2,Visa,Debit,YES,1,16520.0,2020,No,02,2020,02,2020,175,2106
525,0,Visa,Debit,YES,2,6708.0,2013,No,04,2008,10,2005,176,5525
526,1,Mastercard,Credit,YES,1,1200.0,2014,No,10,2022,01,2014,176,7511
527,2,Visa,Debit,YES,1,10903.0,2011,No,06,2022,08,2011,176,0731
528,3,Mastercard,Debit,YES,1,6710.0,2013,No,10,2021,02,2013,176,0120
529,4,Mastercard,Debit,YES,2,10841.0,2017,No,05,2024,11,2017,176,1029
530,0,Visa,Debit (Prepaid),YES,1,40.0,2020,No,11,2024,01,2020,177,8512
531,1,Mastercard,Debit,YES,2,29340.0,2010,No,05,2023,05,2008,177,4068
532,2,Amex,Credit,YES,2,13600.0,2018,No,06,2020,06,2018,177,8511
533,3,Mastercard,Credit,YES,2,7700.0,2010,No,09,2022,05,2010,177,0285
534,0,Mastercard,Debit,YES,1,18803.0,2008,No,11,2021,11,2004,178,1969
535,1,Mastercard,Debit,YES,2,28405.0,2008,No,10,2022,06,1998,178,5094
536,2,Mastercard,Debit,YES,1,15521.0,2011,No,04,2011,02,2011,178,7637
537,0,Visa,Credit,YES,1,3800.0,2003,No,06,2021,01,2001,179,2531
538,1,Visa,Credit,YES,2,10900.0,2013,No,10,2022,06,2010,179,9683
539,2,Mastercard,Debit,YES,2,1930.0,2015,No,03,2023,01,2008,179,7313
540,3,Discover,Credit,YES,2,13900.0,2014,No,03,2024,08,2014,179,8389
541,0,Mastercard,Debit,YES,1,5575.0,2010,No,03,2024,01,2010,180,2370
542,1,Amex,Credit,NO,2,8300.0,2016,No,05,2023,04,2016,180,1074
543,2,Visa,Debit,YES,1,13009.0,2009,No,05,2020,01,2009,180,3773
544,3,Mastercard,Debit,YES,2,12029.0,2020,No,12,2024,01,2020,180,4263
545,4,Visa,Credit,YES,1,6100.0,2020,No,08,2022,01,2020,180,4529
546,0,Visa,Debit,YES,1,24123.0,2013,No,10,2022,08,2013,181,5975
547,1,Visa,Credit,YES,1,14700.0,2010,No,03,2015,02,2008,181,7326
548,2,Visa,Debit (Prepaid),YES,2,12.0,2013,No,02,2020,12,2006,181,9695
549,3,Visa,Debit,YES,1,11737.0,2009,No,07,2020,09,2004,181,2160
550,0,Visa,Debit,YES,1,14366.0,2008,No,01,2024,03,1997,182,3350
551,1,Mastercard,Debit,YES,1,17272.0,2015,No,08,2015,01,2015,182,6637
552,2,Mastercard,Debit,YES,2,13605.0,2009,No,11,2023,07,2002,182,3581
553,0,Visa,Credit,YES,1,21000.0,2009,No,05,2023,07,2005,183,3374
554,0,Mastercard,Debit,YES,2,21470.0,2020,No,05,2024,02,2020,184,8585
555,0,Visa,Debit,YES,1,26850.0,2017,No,12,2017,09,2017,185,7529
556,1,Visa,Credit,YES,2,10400.0,2010,No,09,2024,02,2009,185,8788
557,2,Visa,Credit,YES,2,8000.0,2011,No,07,2008,10,2007,185,4706
558,3,Visa,Credit,YES,2,13000.0,2010,No,01,2020,04,2000,185,2444
559,4,Mastercard,Debit,YES,1,5840.0,2009,No,03,2020,07,2006,185,9955
560,5,Mastercard,Debit (Prepaid),YES,2,68.0,2012,No,02,2012,03,2008,185,9173
561,0,Amex,Credit,YES,1,16000.0,2016,No,10,2022,09,2010,186,1275
562,1,Visa,Debit,NO,1,32223.0,2005,No,03,2008,06,2002,186,3088
563,2,Mastercard,Debit,YES,2,13323.0,2010,No,01,2022,10,2010,186,9778
564,3,Visa,Debit,YES,2,576.0,2011,No,07,2021,08,2001,186,4750
565,0,Visa,Debit,YES,1,25977.0,2009,No,09,2024,04,2007,187,7952
566,1,Visa,Debit (Prepaid),YES,1,84.0,2014,No,03,2016,08,2014,187,4219
567,0,Mastercard,Debit (Prepaid),YES,2,23.0,2010,No,10,2021,09,2006,188,7758
568,1,Visa,Credit,NO,2,5200.0,2009,No,09,2023,11,1999,188,2481
569,0,Mastercard,Debit (Prepaid),YES,2,66.0,2010,No,08,2013,06,2006,189,3550
570,1,Amex,Credit,YES,1,1200.0,2009,No,06,2024,10,2006,189,0931
571,2,Mastercard,Debit,YES,1,20759.0,2009,No,11,2020,01,2007,189,4646
572,3,Mastercard,Credit,YES,1,15100.0,2010,No,06,2024,06,2001,189,6648
573,4,Mastercard,Credit,YES,1,11100.0,2020,No,10,2021,01,2020,189,4263
574,0,Mastercard,Debit (Prepaid),YES,2,52.0,2020,No,05,2022,01,2020,190,4730
575,0,Mastercard,Debit,YES,2,15110.0,2009,No,08,2024,09,2004,191,0440
576,1,Mastercard,Credit,YES,2,10600.0,2014,No,04,2023,09,2010,191,8895
577,2,Visa,Credit,YES,2,8600.0,2011,No,01,2020,09,2005,191,0665
578,3,Amex,Credit,YES,2,8400.0,2012,No,09,2020,08,2010,191,7381
579,4,Mastercard,Credit,YES,2,11100.0,2014,No,10,2022,05,2014,191,2258
580,0,Mastercard,Credit,YES,1,2800.0,2010,No,11,2021,02,2008,192,5735
581,0,Visa,Credit,YES,2,5700.0,2016,No,09,2019,12,2016,193,3292
582,1,Visa,Debit,YES,1,12252.0,2010,No,08,2011,06,2002,193,5290
583,2,Mastercard,Debit,YES,1,22420.0,2013,No,12,2023,06,2013,193,1945
584,0,Visa,Debit,YES,2,3715.0,2009,No,09,2018,10,2005,194,3186
585,1,Visa,Debit (Prepaid),YES,1,67.0,2011,No,06,2021,08,2009,194,5889
586,2,Visa,Debit,YES,2,26460.0,2017,No,11,2020,07,2007,194,9491
587,3,Visa,Debit,YES,1,12783.0,2015,No,11,2023,09,2009,194,1292
588,0,Amex,Credit,YES,2,21400.0,2011,No,03,2023,01,2006,195,9610
589,1,Visa,Credit,NO,2,13600.0,2007,No,02,2021,06,2007,195,6186
590,2,Mastercard,Debit,NO,1,46201.0,2013,No,03,2020,10,2013,195,1114
591,0,Visa,Credit,YES,2,7700.0,2010,No,04,2022,04,2010,196,4036
592,0,Mastercard,Debit,YES,2,18937.0,2010,No,01,2010,10,2005,197,4164
593,0,Mastercard,Debit,YES,1,14539.0,2012,No,10,2021,06,2012,198,7530
594,1,Mastercard,Debit,YES,2,21723.0,2011,No,03,2020,12,2011,198,6243
595,0,Mastercard,Debit,YES,1,16858.0,2020,No,12,2023,02,2020,199,3183
596,0,Visa,Debit,NO,2,22143.0,2020,No,09,2022,02,2020,200,6492
597,1,Visa,Debit (Prepaid),YES,2,61.0,2020,No,03,2023,02,2020,200,3606
598,2,Mastercard,Debit,YES,1,15683.0,2016,No,04,2022,11,2016,200,6457
599,0,Mastercard,Debit (Prepaid),YES,1,65.0,2020,No,08,2020,01,2020,201,1334
600,0,Mastercard,Debit,YES,1,12139.0,2019,No,04,2022,09,2019,202,6073
601,1,Visa,Debit,YES,1,10130.0,2011,No,07,2021,07,2001,202,0900
602,2,Visa,Credit,YES,1,7300.0,2010,No,08,2023,07,2004,202,0161
603,3,Visa,Debit (Prepaid),NO,1,57.0,2016,No,01,2012,11,2009,202,3922
604,4,Visa,Credit,YES,1,3800.0,2011,No,11,2022,06,2010,202,1464
605,5,Mastercard,Debit (Prepaid),YES,2,121.0,2008,No,03,2021,07,2008,202,8622
606,0,Mastercard,Debit,YES,1,13569.0,2007,No,11,2020,02,2006,203,6319
607,0,Mastercard,Debit,YES,1,15358.0,2020,No,02,2020,01,2020,204,6748
608,0,Mastercard,Debit,NO,1,9550.0,2018,No,12,1999,11,1999,205,7047
609,1,Visa,Credit,YES,1,17300.0,2011,No,03,2024,06,2011,205,5074
610,0,Mastercard,Credit,YES,2,15000.0,2007,No,02,2021,08,2007,206,1126
611,1,Visa,Debit (Prepaid),YES,2,106.0,2008,No,04,2023,07,2008,206,4551
612,2,Visa,Credit,YES,1,20100.0,2017,No,04,2021,03,2010,206,1551
613,3,Visa,Debit (Prepaid),YES,2,50.0,2008,No,12,2022,08,2000,206,9566
614,0,Mastercard,Debit,YES,1,10843.0,2009,No,02,2015,03,2008,207,2877
615,1,Visa,Debit,YES,2,12057.0,2014,No,08,2023,04,2014,207,2693
616,0,Mastercard,Credit,YES,2,11100.0,2019,No,03,2022,05,2019,208,6134
617,1,Visa,Debit,YES,1,13969.0,2008,No,06,2012,07,2004,208,0732
618,2,Mastercard,Credit,YES,1,7600.0,2017,No,04,2023,07,2003,208,2640
619,0,Visa,Debit,YES,1,9578.0,2020,No,10,2024,01,2020,209,9794
620,1,Visa,Debit,YES,1,16711.0,2020,No,10,2023,02,2020,209,7053
621,2,Mastercard,Debit,YES,2,15435.0,2018,No,11,2020,12,2018,209,8007
622,3,Amex,Credit,YES,1,14300.0,2020,No,06,2020,01,2020,209,7551
623,0,Mastercard,Debit,YES,1,9431.0,2015,No,04,2020,04,2015,210,2224
624,1,Mastercard,Credit,YES,1,6100.0,2012,No,04,2022,07,2009,210,0822
625,0,Discover,Credit,YES,1,17400.0,2013,No,09,2014,10,2010,211,0324
626,1,Mastercard,Debit,YES,1,35500.0,2011,No,01,2024,11,2006,211,3386
627,2,Mastercard,Debit,YES,2,27687.0,2007,No,08,2023,06,2004,211,2328
628,0,Mastercard,Debit,NO,2,40073.0,2020,No,01,2024,02,2020,212,4534
629,1,Mastercard,Credit,YES,2,22000.0,2020,No,08,2023,02,2020,212,2003
630,2,Visa,Debit,NO,2,8509.0,2020,No,03,2021,01,2020,212,1417
631,0,Mastercard,Debit,YES,1,11037.0,2013,No,12,2018,06,2013,213,4447
632,1,Mastercard,Debit,YES,1,16986.0,2010,No,10,2023,03,2007,213,1001
633,2,Visa,Credit,YES,1,8800.0,2014,No,03,2011,10,2007,213,8753
634,3,Mastercard,Debit,YES,2,8212.0,2011,No,01,2024,08,2010,213,6500
635,4,Visa,Debit,YES,2,24270.0,2008,No,09,2023,09,2007,213,3274
636,0,Visa,Debit,YES,2,12586.0,2020,No,01,2024,01,2020,214,9866
637,0,Amex,Credit,NO,2,11800.0,2018,No,09,2019,01,2018,215,2871
638,0,Mastercard,Debit,NO,2,18050.0,2010,No,10,2021,03,2003,216,0023
639,1,Discover,Credit,YES,2,21800.0,2011,No,09,2022,07,2010,216,0495
640,0,Mastercard,Debit (Prepaid),YES,1,97.0,2020,No,04,2024,02,2020,217,8422
641,0,Amex,Credit,YES,2,19600.0,2011,No,05,2009,04,2008,218,9134
642,1,Discover,Credit,NO,2,21900.0,2011,No,12,2019,03,2011,218,0095
643,2,Visa,Credit,YES,2,21400.0,2011,No,12,2008,11,2008,218,2242
644,3,Mastercard,Debit,NO,2,34572.0,2015,No,02,2024,10,2009,218,1461
645,0,Mastercard,Credit,YES,2,11700.0,2020,No,08,2020,02,2020,219,6014
646,0,Mastercard,Credit,YES,1,8500.0,2009,No,02,2020,01,2008,220,4186
647,1,Mastercard,Debit,YES,2,19928.0,2011,No,08,2021,09,2009,220,7461
648,2,Mastercard,Debit,YES,1,9902.0,2012,No,01,2023,11,2010,220,5024
649,0,Visa,Credit,YES,1,11000.0,2015,No,04,2021,02,2002,221,2710
650,1,Mastercard,Credit,YES,1,6300.0,2010,No,08,2023,09,2010,221,9550
651,2,Visa,Debit,YES,1,22474.0,2012,No,12,2022,08,2012,221,9754
652,3,Mastercard,Debit,YES,1,24926.0,2011,No,08,2024,08,2001,221,9057
653,0,Mastercard,Debit (Prepaid),YES,2,77.0,2020,No,02,2020,02,2020,222,1477
654,0,Visa,Credit,YES,1,9100.0,2020,No,02,2020,01,2020,223,7146
655,1,Mastercard,Debit,YES,1,10838.0,2010,No,07,2018,12,2009,223,3555
656,2,Mastercard,Debit,YES,1,1940.0,2020,No,07,2020,01,2020,223,1011
657,3,Mastercard,Debit,YES,2,100.0,2008,No,06,2016,07,2008,223,0581
658,0,Mastercard,Debit,YES,1,23231.0,2011,No,01,2021,10,2007,224,4584
659,1,Visa,Debit,YES,2,17323.0,2011,No,03,2009,03,2005,224,2928
660,2,Visa,Credit,YES,2,11800.0,2018,No,07,2021,02,2005,224,9535
661,3,Mastercard,Credit,YES,2,6100.0,2017,No,06,2022,07,2017,224,9060
662,4,Mastercard,Debit,YES,1,18241.0,2016,No,06,2022,04,2016,224,8371
663,5,Visa,Debit (Prepaid),NO,2,100.0,2010,No,11,2007,05,2004,224,8870
664,0,Mastercard,Credit,YES,2,12700.0,2010,No,12,2007,11,2007,225,0170
665,0,Visa,Credit,YES,3,4600.0,2010,No,03,2022,04,2008,226,3240
666,0,Mastercard,Debit,YES,1,21106.0,2020,No,05,2023,01,2020,227,3778
667,1,Mastercard,Debit,YES,1,16417.0,2020,No,02,2020,02,2020,227,4549
668,2,Mastercard,Credit,YES,1,6500.0,2015,No,10,2020,02,2015,227,8944
669,0,Mastercard,Credit,YES,2,5600.0,2020,No,08,2020,01,2020,228,0750
670,0,Mastercard,Credit,YES,1,5700.0,2012,No,07,2015,03,2012,229,5987
671,1,Visa,Credit,YES,1,11800.0,2011,No,11,2022,12,2011,229,2270
672,2,Visa,Credit,YES,2,20700.0,2007,No,05,2022,02,2007,229,1594
673,3,Mastercard,Debit,YES,2,17587.0,2016,No,02,2021,02,2016,229,8040
674,0,Visa,Debit,YES,2,24651.0,2015,No,01,2021,10,2009,230,0414
675,1,Visa,Debit,YES,2,27727.0,2009,No,02,2020,12,2003,230,6747
676,0,Mastercard,Debit,YES,1,21727.0,2008,No,12,2023,11,2008,231,7313
677,1,Visa,Credit,YES,1,13900.0,2010,No,08,2023,12,2010,231,2811
678,2,Mastercard,Credit,YES,2,10300.0,2019,No,05,2022,07,2019,231,0458
679,0,Visa,Debit (Prepaid),YES,1,16.0,2020,No,11,2024,01,2020,232,3807
680,0,Visa,Debit,YES,1,9146.0,2020,No,04,2024,01,2020,233,9564
681,1,Mastercard,Credit,YES,2,5000.0,2020,No,02,2020,02,2020,233,5819
682,0,Mastercard,Debit,YES,1,17895.0,2016,No,07,2016,04,2016,234,0497
683,1,Visa,Debit (Prepaid),YES,1,59.0,2011,No,01,2022,08,2011,234,6667
684,2,Visa,Credit,YES,1,11800.0,2013,No,07,2022,02,2004,234,4982
685,0,Mastercard,Debit (Prepaid),YES,2,74.0,2012,No,10,2016,03,2012,235,0352
686,1,Mastercard,Debit,YES,1,13168.0,2007,No,05,2020,08,2001,235,6288
687,2,Mastercard,Debit,YES,1,12431.0,2007,No,07,2006,04,2005,235,5411
688,0,Mastercard,Debit,YES,2,21478.0,2020,No,02,2020,02,2020,236,4449
689,1,Mastercard,Debit,YES,2,4583.0,2015,No,06,2022,09,2006,236,1147
690,2,Visa,Debit (Prepaid),YES,1,11.0,2020,No,02,2020,02,2020,236,3098
691,0,Visa,Credit,YES,1,5800.0,2013,No,07,2020,10,2007,237,6410
692,1,Mastercard,Debit,YES,2,2704.0,2013,No,01,2013,05,2006,237,9094
693,2,Mastercard,Debit,NO,1,7581.0,2014,No,04,2021,07,2005,237,5413
694,0,Visa,Credit,NO,1,10200.0,2020,No,02,2020,02,2020,238,9051
695,1,Mastercard,Debit,YES,1,9984.0,2020,No,10,2022,01,2020,238,2685
696,2,Visa,Debit,YES,2,2174.0,2020,No,04,2022,02,2020,238,1619
697,3,Visa,Credit,YES,2,200.0,2020,No,03,2023,01,2020,238,6784
698,0,Mastercard,Credit,YES,2,7900.0,2020,No,04,2021,02,2020,239,0520
699,1,Visa,Debit,NO,1,20827.0,2011,No,03,2020,04,2011,239,7161
700,2,Mastercard,Debit (Prepaid),NO,1,74.0,2020,No,02,2020,02,2020,239,1944
701,3,Visa,Debit,YES,1,52585.0,2020,No,02,2020,02,2020,239,5977
702,4,Visa,Credit,NO,1,16700.0,2009,No,06,2023,12,2008,239,4441
703,0,Visa,Debit,YES,2,32030.0,2009,No,12,2023,08,2004,240,1832
704,1,Mastercard,Debit (Prepaid),YES,2,64.0,2019,No,11,2020,09,2019,240,1971
705,2,Mastercard,Debit (Prepaid),YES,1,78.0,2011,No,06,2014,01,2006,240,1012
706,3,Visa,Credit,YES,1,18500.0,2012,No,11,2022,04,2008,240,2944
707,4,Mastercard,Debit,YES,2,26357.0,2013,No,09,2019,10,2006,240,9000
708,5,Mastercard,Debit,YES,1,28864.0,2013,No,12,2020,10,2010,240,4839
709,6,Mastercard,Debit,NO,2,19651.0,2013,No,07,2020,02,2000,240,2889
710,7,Mastercard,Debit,NO,2,52179.0,2010,No,10,2021,07,2003,240,6487
711,0,Mastercard,Debit,YES,2,47709.0,2014,No,08,2022,08,2014,241,3480
712,1,Visa,Debit,YES,2,54128.0,2011,No,03,2016,09,2008,241,8161
713,2,Visa,Debit,YES,2,39389.0,2018,No,08,2024,08,2018,241,4124
714,3,Visa,Credit,YES,1,29800.0,2011,No,02,2020,07,2008,241,8767
715,0,Discover,Credit,YES,1,19100.0,2020,No,01,2020,01,2020,242,8677
716,1,Visa,Debit,NO,2,2819.0,2009,No,07,2009,05,2009,242,4380
717,2,Visa,Credit,YES,1,12100.0,2020,No,01,2020,01,2020,242,2434
718,3,Mastercard,Credit,YES,1,18000.0,2010,No,08,2021,04,2010,242,0846
719,0,Mastercard,Credit,YES,2,8700.0,2007,No,11,2019,02,2007,243,8140
720,1,Visa,Debit (Prepaid),YES,2,30.0,2008,No,02,2020,05,2007,243,0723
721,2,Mastercard,Debit,YES,2,22248.0,2015,No,08,2013,03,2002,243,0704
722,0,Mastercard,Debit (Prepaid),YES,1,69.0,2012,No,09,2007,03,2002,244,1384
723,1,Discover,Credit,YES,1,9600.0,2012,No,08,2024,07,2005,244,2741
724,2,Mastercard,Debit,YES,2,4319.0,2011,No,02,2022,08,2005,244,3720
725,0,Visa,Debit,YES,1,24079.0,2020,No,01,2020,01,2020,245,4617
726,0,Mastercard,Debit,YES,2,10058.0,2020,No,02,2020,01,2020,246,3457
727,0,Visa,Debit,YES,2,974.0,2018,No,07,2023,04,2018,247,7852
728,1,Mastercard,Debit,YES,2,1212.0,2011,No,07,2020,05,2011,247,5580
729,0,Visa,Credit,YES,1,2700.0,2018,No,02,2021,04,2018,248,7049
730,1,Mastercard,Debit,YES,1,16113.0,2010,No,08,2022,05,2010,248,6229
731,0,Amex,Credit,YES,2,13700.0,2019,No,12,2019,08,2019,249,6315
732,0,Visa,Debit,NO,2,19097.0,2010,No,03,2024,02,2005,250,5610
733,0,Mastercard,Debit,YES,1,12874.0,2020,No,02,2020,02,2020,251,0807
734,0,Visa,Credit,YES,2,8900.0,2011,No,09,2015,06,2005,252,6338
735,0,Mastercard,Debit (Prepaid),YES,2,46.0,2007,No,12,2024,09,1996,253,4957
736,1,Visa,Debit,YES,2,13116.0,2012,No,10,2015,07,2003,253,9230
737,2,Visa,Debit,YES,2,21022.0,2011,No,10,2021,02,2010,253,0918
738,0,Visa,Credit,NO,1,13200.0,2020,No,01,2021,01,2020,254,7071
739,1,Mastercard,Debit,YES,1,12569.0,2020,No,02,2020,02,2020,254,0510
740,0,Visa,Credit,YES,2,10100.0,2010,No,08,2010,05,2006,255,5642
741,1,Mastercard,Debit,YES,2,15714.0,2006,No,09,2012,02,2006,255,3732
742,2,Visa,Credit,YES,1,15000.0,2016,No,08,2017,03,2016,255,4550
743,3,Mastercard,Debit,NO,2,14664.0,2010,No,03,2022,02,2008,255,0626
744,4,Mastercard,Debit,YES,1,12605.0,2015,No,10,2015,05,2015,255,8308
745,0,Mastercard,Credit,YES,2,500.0,2011,No,10,2023,11,2006,256,9578
746,1,Mastercard,Debit,YES,1,15492.0,2017,No,06,2021,04,2017,256,0216
747,2,Mastercard,Credit,YES,2,12800.0,2010,No,11,2020,04,2007,256,8310
748,3,Mastercard,Credit,YES,2,3300.0,2020,No,02,2023,02,2020,256,6073
749,4,Discover,Credit,YES,1,15500.0,2008,No,08,2020,12,2001,256,9188
750,5,Amex,Credit,YES,2,4100.0,2010,No,06,2022,04,2006,256,8730
751,0,Mastercard,Debit,YES,2,18764.0,2014,No,02,2020,04,2010,257,6678
752,1,Visa,Debit,YES,2,33302.0,2020,No,07,2022,01,2020,257,8614
753,2,Amex,Credit,YES,1,12600.0,2011,No,07,2024,07,2007,257,2924
754,3,Visa,Debit,YES,1,28320.0,2009,No,07,2023,02,2009,257,4423
755,0,Mastercard,Debit,YES,2,2883.0,2015,No,10,2023,03,2008,258,8901
756,1,Mastercard,Debit,YES,2,28886.0,2011,No,05,2023,04,2003,258,0657
757,2,Discover,Credit,YES,1,14400.0,2009,No,11,2022,01,2009,258,5366
758,3,Mastercard,Debit (Prepaid),NO,2,86.0,2010,No,12,2023,06,2008,258,3506
759,4,Mastercard,Credit,NO,1,11800.0,2008,No,02,2024,12,2008,258,8602
760,5,Mastercard,Credit,YES,2,18900.0,2007,No,02,2021,08,2003,258,9017
761,6,Mastercard,Debit,YES,1,37318.0,2018,No,06,2020,04,2018,258,5678
762,0,Discover,Credit,YES,1,2400.0,2012,No,01,2020,10,2012,259,5916
763,0,Visa,Credit,NO,2,3500.0,2013,No,05,2019,09,2013,260,9543
764,1,Mastercard,Credit,YES,1,10400.0,2015,No,12,2022,03,2006,260,0458
765,2,Visa,Debit,YES,1,10629.0,2008,No,08,2020,05,2007,260,5431
766,3,Visa,Debit (Prepaid),YES,2,64.0,2012,No,11,2023,08,2008,260,1938
767,0,Visa,Debit,YES,1,13361.0,2010,No,07,2024,08,2005,261,8970
768,1,Mastercard,Debit,YES,1,24739.0,2013,No,05,2021,12,2013,261,2431
769,2,Visa,Debit,YES,2,12978.0,2009,No,08,2022,12,2009,261,7575
770,3,Visa,Credit,YES,1,9500.0,2016,No,11,2021,07,2011,261,7686
771,0,Mastercard,Debit,YES,1,15331.0,2015,No,02,2021,01,2015,262,4429
772,1,Visa,Debit,YES,1,16725.0,2008,No,10,2010,04,2001,262,7057
773,2,Visa,Debit,YES,1,22861.0,2013,No,04,2014,07,2013,262,5186
774,3,Mastercard,Debit,YES,1,24186.0,2008,No,05,2024,09,2008,262,1902
775,0,Mastercard,Debit (Prepaid),YES,2,21.0,2013,No,03,2024,01,2008,263,8018
776,1,Visa,Debit,YES,2,32075.0,2010,No,09,2023,07,2004,263,8969
777,2,Mastercard,Debit,YES,2,3934.0,2015,No,05,2020,09,2008,263,5468
778,3,Mastercard,Debit,YES,1,5204.0,2013,No,06,2022,10,2011,263,1650
779,4,Visa,Debit,YES,2,11239.0,2010,No,04,2023,04,2008,263,5400
780,0,Mastercard,Credit,YES,1,11200.0,2020,No,02,2020,02,2020,264,0187
781,1,Visa,Debit,YES,2,10430.0,2020,No,06,2022,02,2020,264,8626
782,2,Visa,Credit,YES,1,9400.0,2020,No,12,2021,02,2020,264,3907
783,0,Mastercard,Debit,NO,2,18296.0,2020,No,01,2022,01,2020,265,8837
784,1,Discover,Credit,YES,2,4300.0,2020,No,03,2024,02,2020,265,9617
785,0,Visa,Credit,YES,2,7500.0,2019,No,02,2022,11,2019,266,7299
786,1,Visa,Debit,YES,1,22811.0,2020,No,09,2021,01,2020,266,6639
787,2,Visa,Debit,YES,1,9865.0,2020,No,05,2022,01,2020,266,8045
788,0,Visa,Debit,YES,2,27584.0,2008,No,08,2024,01,2003,267,0054
789,1,Visa,Debit (Prepaid),YES,1,50.0,2009,No,02,2024,08,2009,267,1913
790,2,Mastercard,Debit,YES,2,23152.0,2010,No,10,2011,07,2010,267,6118
791,3,Mastercard,Debit,YES,2,11108.0,2015,No,01,2022,07,2007,267,7400
792,0,Mastercard,Debit,YES,1,37192.0,2020,No,05,2023,02,2020,268,9333
793,1,Mastercard,Debit (Prepaid),YES,2,59.0,2012,No,10,2017,09,2012,268,1365
794,0,Mastercard,Debit,YES,2,24413.0,2015,No,06,2009,10,2005,269,0438
795,1,Mastercard,Debit,YES,1,27491.0,2014,No,10,2020,07,2004,269,9438
796,2,Visa,Credit,YES,2,12100.0,2010,No,03,2023,05,2004,269,3331
797,3,Visa,Debit,YES,2,19256.0,2017,No,03,2024,06,2017,269,0635
798,0,Mastercard,Debit,YES,1,12053.0,2020,No,07,2024,01,2020,270,3352
799,1,Visa,Credit,YES,2,8700.0,2013,No,02,2020,01,2013,270,4005
800,2,Mastercard,Debit,YES,1,19267.0,2012,No,09,2023,07,2012,270,6171
801,3,Visa,Debit,YES,1,14074.0,2009,No,05,2013,05,2008,270,8251
802,0,Visa,Credit,YES,2,0.0,2020,No,02,2020,02,2020,271,0545
803,1,Visa,Credit,NO,1,12300.0,2020,No,11,2021,02,2020,271,4077
804,2,Mastercard,Debit,NO,2,2055.0,2020,No,02,2020,01,2020,271,3245
805,0,Mastercard,Debit,YES,1,33070.0,2012,No,12,2021,08,2012,272,2604
806,1,Mastercard,Debit,YES,2,16094.0,2014,No,08,2024,12,2014,272,4120
807,2,Mastercard,Debit,YES,2,19651.0,2009,No,02,2020,11,2009,272,6823
808,3,Mastercard,Debit,YES,1,23875.0,2020,No,06,2023,02,2020,272,5605
809,4,Mastercard,Credit,YES,1,10600.0,2016,No,09,2023,03,2008,272,5603
810,5,Mastercard,Debit,YES,2,26774.0,2015,No,10,2010,08,2005,272,5377
811,6,Mastercard,Debit,NO,2,7842.0,2014,No,12,2022,10,2007,272,7672
812,0,Visa,Debit (Prepaid),YES,1,55.0,2019,No,04,2024,07,2019,273,2893
813,1,Mastercard,Credit,YES,1,12600.0,2012,No,09,2014,05,2007,273,4123
814,2,Mastercard,Debit,YES,2,16647.0,2012,No,06,2012,04,2010,273,8796
815,3,Amex,Credit,YES,1,8600.0,2013,No,12,2022,11,2013,273,9939
816,4,Mastercard,Credit,YES,3,15900.0,2011,No,11,2012,01,2011,273,3954
817,5,Amex,Credit,YES,1,5800.0,2008,No,09,2009,03,2008,273,8937
818,0,Mastercard,Debit,YES,2,31845.0,2020,No,09,2024,01,2020,274,5888
819,1,Mastercard,Credit,YES,2,25300.0,2012,No,10,2018,01,2012,274,2114
820,2,Mastercard,Debit,YES,1,35299.0,2012,No,07,2022,03,2012,274,9242
821,0,Mastercard,Debit,YES,2,7488.0,2020,No,01,2020,01,2020,275,3850
822,1,Mastercard,Credit,YES,2,10200.0,2020,No,07,2021,01,2020,275,2689
823,2,Visa,Credit,NO,2,15300.0,2020,No,09,2022,02,2020,275,5771
824,0,Visa,Debit,YES,1,23798.0,2007,No,05,2022,07,2000,276,0104
825,1,Mastercard,Debit,YES,1,20859.0,2009,No,06,2023,02,2009,276,2723
826,2,Discover,Credit,YES,1,9200.0,2014,No,07,2007,05,2007,276,2187
827,3,Mastercard,Debit,YES,1,35681.0,2014,No,02,2024,09,2002,276,5738
828,4,Amex,Credit,YES,1,9000.0,2017,No,08,2023,09,2017,276,2783
829,5,Visa,Debit,YES,1,15206.0,2015,No,01,2021,05,2015,276,8334
830,0,Mastercard,Credit,YES,2,19800.0,2017,No,10,2020,09,2017,277,6349
831,0,Mastercard,Credit,NO,2,5400.0,2020,No,02,2024,02,2020,278,0859
832,1,Mastercard,Debit,YES,1,15834.0,2020,No,01,2022,02,2020,278,5756
833,2,Mastercard,Debit,YES,1,15688.0,2020,No,05,2020,01,2020,278,2399
834,3,Mastercard,Credit,YES,1,12200.0,2020,No,09,2024,02,2020,278,8033
835,0,Mastercard,Credit,YES,1,12500.0,2010,No,11,2020,11,2008,279,2786
836,1,Mastercard,Debit,YES,1,5796.0,2011,No,04,2022,09,2004,279,2772
837,2,Visa,Debit (Prepaid),YES,2,109.0,2009,No,06,2022,09,2003,279,4623
838,3,Visa,Debit,YES,2,15747.0,2020,No,07,2020,02,2020,279,5870
839,0,Mastercard,Credit,YES,1,11900.0,2020,No,04,2021,01,2020,280,3224
840,1,Amex,Credit,YES,2,12700.0,2020,No,07,2023,02,2020,280,0937
841,0,Visa,Credit,YES,2,20300.0,2011,No,03,2021,07,2011,281,6550
842,1,Mastercard,Debit (Prepaid),YES,1,75.0,2020,No,11,2021,02,2020,281,5844
843,2,Mastercard,Debit,NO,1,15163.0,2020,No,03,2022,02,2020,281,9594
844,3,Visa,Debit,YES,1,30952.0,2012,No,11,2022,05,2012,281,9718
845,0,Mastercard,Debit,YES,2,13177.0,2014,No,01,2022,12,2008,282,2270
846,1,Visa,Credit,YES,1,2500.0,2009,No,03,2019,12,2009,282,2601
847,2,Mastercard,Debit,NO,2,20819.0,2019,No,09,2020,01,2019,282,0055
848,0,Visa,Debit,YES,1,10599.0,2010,No,08,2023,05,2009,283,6459
849,0,Visa,Debit,YES,2,38171.0,2011,No,05,2023,02,2008,284,5712
850,1,Mastercard,Debit,YES,1,61324.0,2011,No,12,2020,07,2010,284,8075
851,2,Mastercard,Debit,YES,1,31362.0,2010,No,04,2016,10,2003,284,7515
852,0,Visa,Debit,YES,2,15569.0,2020,No,12,2021,02,2020,285,0329
853,0,Mastercard,Debit,YES,1,16398.0,2014,No,10,2016,03,2014,286,1830
854,1,Visa,Credit,YES,1,6600.0,2010,No,06,2012,01,2001,286,5767
855,2,Mastercard,Credit,YES,2,6600.0,2007,No,10,2022,02,2002,286,3874
856,3,Mastercard,Debit (Prepaid),YES,1,59.0,2010,No,07,2021,04,2010,286,5409
857,0,Mastercard,Debit (Prepaid),YES,1,42.0,2014,No,07,2022,05,2008,287,7574
858,1,Visa,Debit (Prepaid),YES,2,119.0,2009,No,11,2022,04,2009,287,6722
859,0,Visa,Debit,YES,2,24250.0,2010,No,11,2006,07,2004,288,3044
860,1,Visa,Credit,YES,1,12400.0,2013,No,04,2024,02,2003,288,0127
861,2,Visa,Credit,YES,2,6500.0,2014,No,11,2022,09,2014,288,3941
862,3,Mastercard,Credit,YES,1,13900.0,2010,No,07,2020,12,2010,288,9258
863,0,Mastercard,Debit (Prepaid),YES,2,100.0,2013,No,11,2015,07,2013,289,1662
864,1,Mastercard,Credit,YES,1,8000.0,2010,No,03,2022,02,2008,289,1082
865,2,Mastercard,Debit (Prepaid),YES,2,49.0,2009,No,11,2018,04,2009,289,0835
866,3,Discover,Credit,YES,2,2900.0,2011,No,08,2020,05,2004,289,5385
867,4,Discover,Credit,YES,1,10400.0,2014,No,01,2016,07,2008,289,0196
868,5,Mastercard,Debit (Prepaid),YES,2,37.0,2016,No,05,2023,02,2003,289,7326
869,6,Mastercard,Debit,NO,2,13606.0,2016,No,12,2023,12,2008,289,2729
870,7,Mastercard,Debit,YES,2,13347.0,2007,No,03,2024,11,2003,289,1894
871,0,Mastercard,Debit (Prepaid),NO,1,54.0,2007,No,12,2023,02,2005,290,2355
872,1,Mastercard,Debit,NO,2,23402.0,2011,No,11,2024,12,2007,290,0830
873,2,Visa,Debit,NO,2,30393.0,2020,No,05,2020,01,2020,290,4559
874,0,Mastercard,Debit,YES,2,1298.0,2012,No,01,2022,03,2009,291,5439
875,0,Mastercard,Debit (Prepaid),YES,1,101.0,2010,No,11,2024,12,2006,292,2495
876,1,Visa,Debit (Prepaid),YES,1,70.0,2007,No,09,2020,12,2004,292,1379
877,2,Mastercard,Debit,YES,3,15163.0,2020,No,07,2022,01,2020,292,9165
878,3,Mastercard,Debit (Prepaid),YES,1,107.0,2011,No,01,2022,04,2005,292,4023
879,4,Visa,Debit,YES,2,21107.0,2009,No,10,2009,10,2009,292,4344
880,5,Visa,Debit,YES,1,15807.0,2011,No,03,2023,10,2011,292,5232
881,6,Mastercard,Debit,YES,2,18689.0,2019,No,08,2024,01,2019,292,1120
882,7,Mastercard,Debit,YES,2,15839.0,2010,No,01,2018,04,2003,292,0836
883,0,Visa,Credit,YES,2,5900.0,2010,No,04,2018,04,2010,293,4448
884,1,Mastercard,Debit,NO,1,11726.0,2011,No,06,2022,10,2002,293,1216
885,2,Mastercard,Debit,YES,1,13537.0,2009,No,02,2022,11,2008,293,0865
886,3,Visa,Debit,YES,1,10609.0,2020,No,07,2022,02,2020,293,9589
887,0,Visa,Credit,YES,2,2000.0,2007,No,06,2021,07,2007,294,9948
888,0,Visa,Debit,YES,2,4817.0,2014,No,07,2023,07,2005,295,3664
889,1,Mastercard,Credit,YES,2,1300.0,2011,No,07,2024,11,2005,295,8580
890,0,Mastercard,Debit,YES,1,1684.0,2020,No,12,2023,02,2020,296,7174
891,1,Visa,Credit,YES,2,2000.0,2020,No,09,2024,02,2020,296,4975
892,0,Mastercard,Credit,YES,1,13200.0,2009,No,04,2022,08,2005,297,8370
893,1,Mastercard,Debit,YES,2,11641.0,2020,No,11,2021,02,2020,297,4326
894,0,Mastercard,Credit,NO,2,7100.0,2011,No,02,2024,02,2006,298,6153
895,1,Amex,Credit,YES,1,8500.0,2012,No,12,2009,12,2009,298,9852
896,0,Mastercard,Credit,YES,1,6000.0,2013,No,04,2021,11,2008,299,8276
897,1,Mastercard,Credit,YES,2,2000.0,2014,No,07,2020,06,2014,299,7524
898,2,Visa,Debit,YES,2,15240.0,2017,No,06,2020,07,2017,299,7131
899,0,Mastercard,Debit,YES,2,7272.0,2016,No,11,2024,03,2006,300,4943
900,1,Visa,Debit,YES,2,9542.0,2020,No,09,2022,02,2020,300,0985
901,2,Amex,Credit,YES,1,4500.0,2007,No,11,2024,06,2007,300,0214
902,0,Mastercard,Credit,YES,2,8000.0,2011,No,05,2021,09,2009,301,3455
903,1,Visa,Debit (Prepaid),YES,1,84.0,2014,No,08,2021,09,2014,301,2506
904,2,Mastercard,Debit,NO,1,9957.0,2020,No,03,2020,01,2020,301,3324
905,3,Mastercard,Credit,YES,2,8300.0,2015,No,06,2015,05,2010,301,0306
906,0,Visa,Debit,YES,1,11739.0,2011,No,12,2010,11,2010,302,2821
907,1,Mastercard,Debit (Prepaid),YES,1,79.0,2011,No,09,2022,01,2011,302,8093
908,2,Visa,Debit,YES,1,11093.0,2011,No,11,2024,09,2011,302,0592
909,0,Visa,Debit,YES,2,20447.0,2016,No,08,2022,10,2010,303,4791
910,1,Discover,Credit,YES,2,8800.0,2011,No,11,2022,05,2011,303,4889
911,2,Mastercard,Debit,YES,1,13946.0,2017,No,04,2023,04,2017,303,9213
912,3,Visa,Debit,NO,2,25529.0,2010,No,07,2020,12,2010,303,8761
913,4,Visa,Debit (Prepaid),YES,1,61.0,2018,No,12,2022,08,2018,303,7032
914,5,Mastercard,Debit,YES,2,17536.0,2017,No,02,2022,09,2017,303,0615
915,6,Visa,Debit,YES,2,20770.0,2014,No,03,2015,01,2014,303,5219
916,0,Mastercard,Debit (Prepaid),YES,2,22.0,2020,No,02,2020,01,2020,304,3021
917,0,Mastercard,Debit,YES,1,10691.0,2014,No,07,2023,02,2014,305,0579
918,1,Mastercard,Debit (Prepaid),YES,1,75.0,2009,No,08,2010,04,2009,305,6521
919,2,Mastercard,Credit,YES,1,4900.0,2011,No,07,2022,01,2008,305,9658
920,3,Mastercard,Debit,YES,2,14661.0,2009,No,07,2020,12,1997,305,8284
921,0,Mastercard,Credit,YES,1,6900.0,2020,No,12,2020,02,2020,306,5539
922,1,Visa,Credit,YES,2,5400.0,2020,No,01,2022,01,2020,306,3771
923,0,Mastercard,Debit,YES,2,2725.0,2020,No,07,2024,02,2020,307,4428
924,1,Discover,Credit,YES,2,19600.0,2019,No,02,2020,02,2019,307,7502
925,0,Visa,Debit,YES,2,2572.0,2010,No,07,2023,06,2005,308,0871
926,1,Mastercard,Credit,YES,2,5000.0,2011,No,12,2022,08,2011,308,7902
927,2,Discover,Credit,YES,1,10300.0,2012,No,12,2013,04,2004,308,6802
928,3,Amex,Credit,YES,2,11400.0,2014,No,06,2018,12,2014,308,1398
929,0,Mastercard,Debit,YES,2,9230.0,2013,No,02,2020,09,2008,309,1437
930,0,Mastercard,Debit,YES,1,11203.0,2008,No,06,2024,03,2004,310,2416
931,1,Mastercard,Debit,YES,2,12369.0,2010,No,02,2021,09,2006,310,0009
932,2,Visa,Credit,YES,1,7900.0,2017,No,09,2017,12,2008,310,9583
933,3,Mastercard,Debit,YES,2,20362.0,2012,No,10,2014,05,2004,310,7233
934,4,Mastercard,Debit,YES,2,13529.0,2007,No,05,2021,09,1996,310,0842
935,0,Discover,Credit,YES,2,16800.0,2015,No,12,2022,02,2010,311,9947
936,1,Discover,Credit,YES,1,7100.0,2013,No,10,2022,12,2013,311,6914
937,2,Visa,Credit,YES,1,9600.0,2008,No,11,2020,04,2008,311,5178
938,0,Mastercard,Debit (Prepaid),YES,1,113.0,2008,No,04,2021,03,2004,312,8815
939,1,Mastercard,Debit,YES,1,16818.0,2020,No,04,2020,01,2020,312,1650
940,2,Mastercard,Debit,YES,1,12358.0,2003,No,08,2021,03,2003,312,7810
941,3,Amex,Credit,YES,2,8100.0,2012,No,10,2011,12,2008,312,2547
942,4,Visa,Credit,YES,2,9800.0,2008,No,03,2020,05,2003,312,8398
943,5,Mastercard,Debit,YES,2,17332.0,2012,No,12,2024,07,2011,312,6228
944,0,Mastercard,Credit,YES,2,6000.0,2020,No,11,2021,02,2020,313,3458
945,0,Mastercard,Debit,YES,2,18776.0,2012,No,04,2021,08,2009,314,2596
946,0,Visa,Credit,YES,1,9300.0,2011,No,03,2022,10,2011,315,3429
947,1,Discover,Credit,YES,2,8000.0,2016,No,06,2021,08,2016,315,6470
948,2,Mastercard,Debit,NO,1,11194.0,2014,No,09,2021,07,2014,315,3810
949,3,Visa,Debit,YES,2,12754.0,2012,No,04,2023,10,2012,315,0629
950,4,Visa,Credit,YES,1,9700.0,2013,No,08,2024,10,2011,315,4836
951,0,Mastercard,Debit,YES,1,17936.0,2012,No,09,2020,05,2012,316,0631
952,1,Amex,Credit,YES,1,8500.0,2011,No,01,2021,04,2010,316,4111
953,0,Visa,Debit,YES,1,24826.0,2012,No,06,2023,01,2012,317,9572
954,0,Visa,Debit,YES,1,27091.0,2018,No,03,2020,08,2003,318,3425
955,0,Mastercard,Debit (Prepaid),YES,1,67.0,2011,No,01,2021,06,2011,319,0459
956,1,Amex,Credit,NO,1,14600.0,2007,No,04,2020,01,2007,319,9626
957,2,Mastercard,Credit,YES,2,13500.0,2012,No,11,2021,06,2012,319,8252
958,3,Mastercard,Debit,YES,1,27132.0,2013,No,09,2023,03,2013,319,5150
959,0,Mastercard,Debit,YES,2,10400.0,2013,No,12,2024,11,2010,320,4517
960,1,Mastercard,Debit,YES,1,43169.0,2012,No,07,2020,03,2005,320,3060
961,2,Mastercard,Debit,YES,2,5269.0,2016,No,10,2023,01,2003,320,4156
962,3,Mastercard,Debit,YES,2,48370.0,2011,No,12,2024,04,2001,320,5545
963,4,Visa,Credit,YES,2,17100.0,2018,No,11,2019,06,2018,320,3550
964,5,Visa,Debit (Prepaid),YES,1,65.0,2009,No,04,2024,10,2003,320,5808
965,0,Mastercard,Debit,YES,2,2656.0,2015,No,12,2020,05,2011,321,0246
966,1,Mastercard,Credit,YES,2,7800.0,2011,No,10,2024,04,2007,321,8611
967,2,Discover,Credit,YES,1,13400.0,2005,No,03,2020,07,2004,321,9611
968,3,Mastercard,Debit,NO,1,16726.0,2020,No,08,2023,02,2005,321,6111
969,0,Visa,Debit,YES,1,30162.0,2010,No,12,2024,03,2005,322,3039
970,1,Mastercard,Debit,YES,1,19970.0,2010,No,10,2010,09,2010,322,9188
971,2,Mastercard,Debit,YES,1,31199.0,2018,No,05,2024,11,2018,322,5335
972,3,Mastercard,Debit,YES,2,14983.0,2010,No,10,2024,11,2006,322,5357
973,4,Mastercard,Debit,YES,2,18491.0,2014,No,10,2014,10,2014,322,2490
974,0,Visa,Debit,YES,2,23094.0,2011,No,08,2021,03,2008,323,3671
975,1,Visa,Credit,YES,1,18300.0,2005,No,10,2022,09,2005,323,8824
976,2,Mastercard,Debit,YES,1,31907.0,2019,No,02,2024,02,2019,323,5196
977,3,Visa,Debit,YES,2,32761.0,2008,No,10,2020,03,2008,323,1074
978,0,Mastercard,Debit,YES,1,11105.0,2009,No,04,2024,09,2008,324,6426
979,0,Mastercard,Debit,YES,2,32267.0,2020,No,08,2021,01,2020,325,1732
980,1,Mastercard,Debit,YES,1,30670.0,2020,No,09,2021,01,2020,325,9348
981,0,Visa,Debit (Prepaid),YES,2,83.0,2007,No,01,2017,12,2007,326,3241
982,0,Visa,Debit,YES,1,13821.0,2009,No,07,2020,02,2008,327,8694
983,1,Visa,Credit,YES,1,14400.0,2010,No,05,2021,05,2004,327,2516
984,2,Mastercard,Credit,YES,1,13300.0,2007,No,10,2010,07,2006,327,3201
985,3,Visa,Credit,NO,1,9300.0,2009,No,08,2014,01,2009,327,4018
986,0,Mastercard,Debit,YES,1,8580.0,2011,No,08,2022,07,2011,328,2479
987,1,Mastercard,Credit,YES,2,6600.0,2008,No,10,2023,12,2007,328,4706
988,0,Visa,Debit,YES,1,12783.0,2010,No,06,2014,04,2008,329,5741
989,1,Mastercard,Debit,YES,2,14321.0,2012,No,05,2021,02,2012,329,3466
990,2,Visa,Debit,YES,2,14488.0,2018,No,12,2020,07,2018,329,6169
991,3,Visa,Debit,NO,1,16116.0,2020,No,01,2020,01,2020,329,7832
992,0,Visa,Credit,YES,2,14800.0,2012,No,07,2021,10,2002,330,9763
993,0,Visa,Debit (Prepaid),YES,2,43.0,2011,No,07,2021,12,2010,331,0230
994,0,Visa,Debit,YES,2,36546.0,2017,No,07,2024,02,2017,332,4063
995,1,Mastercard,Debit,YES,1,18462.0,2007,No,08,2021,06,2004,332,9748
996,2,Amex,Credit,NO,1,13300.0,2013,No,06,2021,05,2008,332,5348
997,3,Mastercard,Debit (Prepaid),YES,2,36.0,2018,No,08,2020,03,2008,332,9328
998,4,Amex,Credit,YES,2,11200.0,2011,No,09,2023,12,2011,332,7928
999,0,Mastercard,Debit,YES,2,30074.0,2006,No,02,2020,02,2003,333,6493
1000,1,Mastercard,Debit,YES,1,7589.0,2011,No,05,2016,02,2003,333,7307
1001,2,Mastercard,Debit,NO,2,27112.0,2015,No,12,2014,02,2009,333,7773
1002,0,Mastercard,Credit,YES,1,16700.0,2008,No,02,2021,03,2008,334,9362
1003,1,Visa,Debit,YES,2,24968.0,2010,No,07,2013,02,2010,334,2827
1004,2,Mastercard,Debit,YES,2,16751.0,2010,No,01,2012,08,2005,334,7537
1005,3,Mastercard,Debit,YES,2,12852.0,2012,No,07,2021,10,2010,334,5201
1006,4,Discover,Credit,NO,2,10200.0,2010,No,11,2023,03,2007,334,8311
1007,5,Mastercard,Debit,YES,1,21922.0,2011,No,12,2006,03,2005,334,0389
1008,0,Visa,Credit,YES,2,5600.0,2020,No,05,2022,01,2020,335,6106
1009,0,Mastercard,Debit,YES,2,9609.0,2008,No,12,2006,07,2006,336,7971
1010,0,Mastercard,Debit (Prepaid),YES,1,62.0,2020,No,01,2020,01,2020,337,0241
1011,1,Mastercard,Debit,YES,2,12194.0,2011,No,05,2018,11,2011,337,9324
1012,0,Mastercard,Debit,YES,2,12636.0,2020,No,01,2020,01,2020,338,4903
1013,1,Visa,Credit,YES,1,0.0,2020,No,02,2020,01,2020,338,7151
1014,0,Mastercard,Debit,YES,2,8024.0,2012,No,02,2020,02,2009,339,7005
1015,1,Visa,Debit,YES,2,8902.0,2008,No,11,2020,03,2008,339,6768
1016,2,Visa,Debit,NO,2,8081.0,2011,No,11,2020,04,2003,339,5685
1017,0,Mastercard,Debit,YES,1,9773.0,2020,No,06,2023,01,2020,340,1624
1018,1,Mastercard,Debit,YES,1,13130.0,2020,No,12,2023,02,2020,340,8655
1019,0,Mastercard,Debit,YES,2,9953.0,2020,No,10,2023,01,2020,341,2965
1020,0,Amex,Credit,YES,1,9000.0,2015,No,11,2021,07,2010,342,0206
1021,1,Mastercard,Debit,YES,2,11415.0,2013,No,10,2024,05,2003,342,1250
1022,2,Visa,Credit,YES,2,1900.0,2012,No,05,2022,10,2012,342,3353
1023,3,Mastercard,Debit (Prepaid),YES,1,54.0,2008,No,01,2017,02,2007,342,9993
1024,0,Mastercard,Debit,YES,1,405.0,2020,No,07,2021,02,2020,343,7173
1025,0,Mastercard,Debit,NO,1,23907.0,2010,No,03,2011,02,2010,344,3438
1026,1,Visa,Credit,YES,2,15500.0,2010,No,06,2022,10,2005,344,6427
1027,2,Visa,Debit,YES,2,3415.0,2012,No,08,2020,08,1996,344,5839
1028,0,Visa,Credit,YES,2,8500.0,2007,No,04,2023,02,2007,345,9087
1029,1,Visa,Debit,YES,2,11473.0,2008,No,03,2020,03,2007,345,6251
1030,2,Mastercard,Debit,YES,3,23932.0,2011,No,07,2022,12,1999,345,1710
1031,3,Mastercard,Debit,YES,1,9614.0,2010,No,08,2013,08,2010,345,6153
1032,0,Mastercard,Debit,YES,1,58709.0,2009,No,02,2020,12,2009,346,9338
1033,1,Mastercard,Debit (Prepaid),YES,1,98.0,2009,No,01,2016,03,2009,346,2645
1034,2,Visa,Debit,YES,1,24401.0,2012,No,07,2022,05,2012,346,2396
1035,0,Mastercard,Debit,YES,1,3628.0,2013,No,01,2016,08,2006,347,9227
1036,0,Visa,Debit,YES,1,47359.0,2020,No,02,2020,02,2020,348,7403
1037,1,Visa,Debit,YES,2,41205.0,2010,No,05,2010,01,2010,348,3203
1038,2,Mastercard,Credit,YES,2,17400.0,2010,No,03,2016,01,2009,348,2916
1039,0,Mastercard,Debit,YES,1,17688.0,2018,No,04,2022,08,2018,349,4914
1040,1,Mastercard,Credit,YES,1,15000.0,2013,No,10,2021,10,2007,349,7534
1041,2,Mastercard,Debit,YES,2,27075.0,2015,No,03,2023,02,2002,349,3222
1042,3,Discover,Credit,YES,1,13700.0,2010,No,04,2022,12,2009,349,1285
1043,4,Mastercard,Credit,YES,1,19000.0,2016,No,04,2024,03,1998,349,8605
1044,0,Discover,Credit,NO,2,14300.0,2010,No,04,2014,01,2009,350,1820
1045,1,Visa,Credit,YES,1,7600.0,2010,No,05,2024,06,2010,350,1109
1046,2,Mastercard,Debit,NO,1,13788.0,2019,No,11,2020,03,2019,350,0107
1047,3,Mastercard,Debit,YES,1,20801.0,2020,No,08,2022,01,2020,350,9547
1048,0,Visa,Debit,YES,2,19015.0,2011,No,06,2024,04,2011,351,2492
1049,1,Visa,Debit,YES,2,2181.0,2011,No,07,2013,01,2010,351,8489
1050,2,Visa,Credit,YES,2,6400.0,2007,No,05,2023,11,2007,351,4102
1051,3,Visa,Debit (Prepaid),YES,2,78.0,2011,No,07,2011,12,2010,351,1181
1052,0,Mastercard,Debit (Prepaid),NO,2,63.0,2020,No,01,2024,01,2020,352,1472
1053,1,Mastercard,Debit,NO,1,12907.0,2020,No,08,2023,02,2020,352,1124
1054,2,Mastercard,Credit,YES,1,6500.0,2020,No,05,2022,01,2020,352,9741
1055,3,Discover,Credit,YES,1,7100.0,2020,No,11,2024,02,2020,352,3690
1056,0,Mastercard,Debit,YES,1,12353.0,2008,No,02,2020,06,2008,353,7671
1057,1,Mastercard,Debit (Prepaid),YES,2,65.0,2012,No,05,2020,08,2012,353,9116
1058,2,Visa,Debit (Prepaid),YES,1,72.0,2012,No,04,2018,06,2012,353,7373
1059,3,Mastercard,Debit,YES,2,18526.0,2016,No,01,2024,05,2016,353,9385
1060,0,Visa,Debit,YES,2,6513.0,2013,No,12,2023,05,2004,354,3279
1061,1,Mastercard,Debit,YES,1,5044.0,2008,No,08,2020,11,2008,354,3569
1062,0,Visa,Debit,NO,2,25079.0,2008,No,08,2023,07,2007,355,5457
1063,1,Visa,Debit,YES,1,39578.0,2019,No,04,2024,04,2019,355,9153
1064,2,Visa,Debit,YES,1,36641.0,2009,No,10,2022,01,2009,355,8864
1065,0,Visa,Debit,YES,1,1083.0,2020,No,11,2023,01,2020,356,5938
1066,1,Mastercard,Debit,YES,1,9628.0,2020,No,03,2021,02,2020,356,6941
1067,0,Amex,Credit,YES,2,13500.0,2020,No,09,2024,01,2020,357,6183
1068,1,Visa,Debit,YES,2,12512.0,2012,No,05,2019,10,2010,357,7146
1069,2,Visa,Debit,YES,2,21442.0,2015,No,04,2023,04,2008,357,0198
1070,3,Mastercard,Debit (Prepaid),YES,2,69.0,2013,No,04,2024,01,2009,357,1854
1071,0,Visa,Debit,NO,2,22700.0,2020,No,06,2022,01,2020,358,6053
1072,1,Visa,Debit (Prepaid),YES,2,60.0,2020,No,02,2020,02,2020,358,7470
1073,0,Visa,Debit (Prepaid),NO,2,80.0,2013,No,07,2021,09,2008,359,1276
1074,1,Visa,Credit,YES,1,1300.0,2014,No,10,2023,05,2014,359,2709
1075,2,Visa,Debit,YES,1,40984.0,2012,No,09,2019,08,2012,359,3344
1076,0,Mastercard,Debit,YES,1,19536.0,2014,No,01,2016,10,2011,360,0149
1077,1,Mastercard,Debit,YES,1,9044.0,2013,No,02,2009,03,1999,360,4118
1078,2,Visa,Credit,NO,2,12500.0,2018,No,05,2024,06,2018,360,3322
1079,0,Mastercard,Debit,YES,2,2338.0,2016,No,09,2021,12,2007,361,1097
1080,1,Amex,Credit,YES,1,3900.0,2017,No,07,2024,12,2017,361,2495
1081,0,Visa,Debit,YES,2,12528.0,2012,No,11,2019,01,2004,362,7491
1082,1,Mastercard,Debit,YES,2,19756.0,2013,No,03,2020,04,1999,362,3613
1083,2,Mastercard,Debit,YES,1,2042.0,2008,No,10,1999,11,1998,362,1986
1084,0,Discover,Credit,YES,1,8300.0,2013,No,06,2020,06,2005,363,0378
1085,1,Mastercard,Debit,YES,2,8571.0,2015,No,04,2022,08,2005,363,0835
1086,0,Mastercard,Debit,YES,1,19369.0,2020,No,08,2020,01,2020,364,4774
1087,1,Visa,Debit (Prepaid),YES,1,70.0,2020,No,07,2024,01,2020,364,5088
1088,2,Mastercard,Debit,YES,1,15127.0,2020,No,10,2020,02,2020,364,7609
1089,3,Discover,Credit,YES,1,9400.0,2020,No,03,2022,01,2020,364,3836
1090,4,Visa,Credit,YES,2,5400.0,2020,No,06,2022,02,2020,364,2317
1091,0,Mastercard,Debit,YES,1,17167.0,2007,No,06,2006,06,2006,365,1421
1092,0,Mastercard,Debit,YES,1,25048.0,2011,No,08,2020,09,2011,366,2725
1093,1,Amex,Credit,YES,1,25600.0,2009,No,08,2022,12,2003,366,1995
1094,2,Mastercard,Debit,YES,2,17257.0,2007,No,07,2020,06,2007,366,8643
1095,3,Mastercard,Debit,NO,2,31829.0,2020,No,02,2022,04,2005,366,5549
1096,4,Mastercard,Debit,YES,2,3991.0,2013,No,09,2014,10,2008,366,0253
1097,5,Mastercard,Debit,YES,2,3991.0,2013,No,05,2024,11,2006,366,3044
1098,6,Mastercard,Debit,YES,2,34953.0,2011,No,01,2024,12,2004,366,8291
1099,0,Mastercard,Debit,YES,1,21726.0,2018,No,11,2021,02,2018,367,3077
1100,1,Visa,Debit,YES,1,15063.0,2017,No,08,2020,05,2017,367,4956
1101,2,Mastercard,Debit,YES,1,12596.0,2020,No,01,2020,01,2020,367,9858
1102,0,Visa,Debit,NO,2,6335.0,2020,No,01,2009,05,2006,368,4118
1103,1,Mastercard,Debit (Prepaid),YES,1,43.0,2013,No,04,2014,08,2008,368,1154
1104,2,Visa,Credit,YES,2,8100.0,2016,No,01,2020,06,2016,368,3591
1105,3,Visa,Credit,YES,2,8900.0,2010,No,04,2023,02,2010,368,9268
1106,0,Amex,Credit,YES,1,16000.0,2008,No,01,2024,08,2005,369,7205
1107,1,Mastercard,Debit,YES,2,19304.0,2010,No,04,2011,08,2005,369,2577
1108,2,Visa,Debit,YES,2,36548.0,2015,No,10,2020,06,2007,369,7684
1109,3,Mastercard,Debit,YES,1,10354.0,2010,No,12,2023,02,2008,369,8585
1110,4,Discover,Credit,YES,1,8000.0,2017,No,08,2024,05,2017,369,5361
1111,0,Mastercard,Debit,YES,2,1559.0,2020,No,01,2020,01,2020,370,6170
1112,1,Mastercard,Debit,YES,1,15100.0,2020,No,02,2020,02,2020,370,5796
1113,0,Mastercard,Debit,YES,1,51302.0,2010,No,12,2023,10,2001,371,9176
1114,1,Mastercard,Debit (Prepaid),YES,1,80.0,2010,No,09,2014,07,2003,371,7801
1115,0,Visa,Credit,YES,1,15800.0,2012,No,10,2021,08,2010,372,2622
1116,1,Visa,Credit,YES,1,16800.0,2011,No,11,2020,12,2011,372,5765
1117,2,Visa,Debit,NO,1,2508.0,2012,No,11,2021,08,2005,372,2108
1118,3,Visa,Credit,NO,2,2600.0,2013,No,12,2022,11,2013,372,3866
1119,0,Mastercard,Debit,YES,1,4851.0,2020,No,05,2022,04,2005,373,2278
1120,0,Mastercard,Credit,YES,1,7300.0,2011,No,06,2023,05,2010,374,4896
1121,1,Mastercard,Debit,YES,1,18540.0,2009,No,03,2024,07,2009,374,0828
1122,2,Mastercard,Debit,NO,2,4072.0,2010,No,02,2014,07,2010,374,9385
1123,3,Mastercard,Debit,YES,1,1744.0,2020,No,02,2020,02,2020,374,4065
1124,4,Mastercard,Debit (Prepaid),YES,2,33.0,2013,No,01,2014,07,2009,374,5266
1125,0,Mastercard,Debit,YES,1,17767.0,2014,No,02,2020,03,2014,375,3763
1126,1,Mastercard,Debit (Prepaid),YES,1,57.0,2013,No,11,2022,09,2013,375,6612
1127,2,Visa,Debit,YES,1,23011.0,2010,No,05,2022,08,2010,375,3813
1128,3,Mastercard,Debit,YES,1,21160.0,2009,No,10,2023,02,2009,375,5700
1129,4,Mastercard,Debit,NO,2,21291.0,2020,No,12,2021,01,2020,375,4744
1130,0,Visa,Credit,YES,1,19100.0,2018,No,10,2020,04,2018,376,7106
1131,0,Mastercard,Debit,YES,2,7834.0,2012,No,03,2020,05,1996,377,6143
1132,0,Visa,Debit,YES,2,38317.0,2014,No,12,2020,04,2014,378,1391
1133,1,Visa,Debit,YES,2,55693.0,2006,No,10,2023,01,2000,378,8161
1134,2,Visa,Debit,YES,1,40710.0,2010,No,11,2020,09,2010,378,4848
1135,3,Mastercard,Debit,YES,2,61355.0,2015,No,12,2024,04,2015,378,6512
1136,0,Mastercard,Credit,YES,1,5300.0,2020,No,02,2020,01,2020,379,8285
1137,1,Mastercard,Credit,YES,1,15800.0,2020,No,06,2022,01,2020,379,4709
1138,0,Mastercard,Debit,YES,1,26219.0,2020,No,01,2020,01,2020,380,5243
1139,1,Discover,Credit,YES,1,20400.0,2020,No,02,2020,02,2020,380,9507
1140,0,Mastercard,Debit,YES,1,28066.0,2020,No,03,2020,02,2020,381,9951
1141,1,Visa,Credit,NO,2,19500.0,2020,No,06,2024,01,2020,381,3026
1142,2,Mastercard,Credit,YES,1,15100.0,2020,No,04,2020,01,2020,381,1354
1143,0,Mastercard,Debit,YES,1,9059.0,2008,No,09,2022,12,2003,382,8243
1144,1,Mastercard,Credit,YES,2,6300.0,2014,No,03,2024,06,2014,382,2489
1145,2,Mastercard,Debit,YES,1,12793.0,2017,No,12,2017,09,2017,382,7184
1146,3,Mastercard,Credit,YES,1,7800.0,2020,No,05,2020,02,2020,382,3611
1147,0,Visa,Credit,YES,1,14000.0,2011,No,10,2022,02,2011,383,5853
1148,0,Mastercard,Debit (Prepaid),NO,1,80.0,2020,No,02,2023,02,2020,384,9580
1149,1,Mastercard,Credit,YES,1,15400.0,2020,No,12,2024,01,2020,384,0183
1150,0,Mastercard,Debit,YES,2,28747.0,2010,No,04,2021,04,2010,385,8553
1151,1,Mastercard,Debit (Prepaid),YES,2,110.0,2011,No,07,2021,05,2011,385,3054
1152,0,Mastercard,Debit (Prepaid),YES,2,112.0,2012,No,04,2022,10,2008,386,7063
1153,1,Discover,Credit,NO,2,9700.0,2011,No,12,2010,06,2009,386,7022
1154,2,Visa,Credit,YES,1,8600.0,2014,No,10,2013,11,2009,386,8419
1155,3,Mastercard,Debit (Prepaid),YES,2,43.0,2012,No,10,2004,02,2001,386,0083
1156,4,Mastercard,Debit,YES,2,19629.0,2011,No,04,2015,12,2010,386,7908
1157,5,Mastercard,Credit,YES,2,3400.0,2008,No,04,2021,09,2003,386,6426
1158,0,Mastercard,Debit,YES,2,20769.0,2020,No,01,2022,02,2020,387,7582
1159,1,Amex,Credit,YES,2,12100.0,2020,No,12,2022,02,2020,387,2149
1160,2,Mastercard,Debit,YES,1,16371.0,2020,No,06,2023,02,2020,387,0571
1161,3,Mastercard,Credit,YES,1,12500.0,2020,No,10,2020,02,2020,387,0034
1162,4,Mastercard,Debit,YES,1,18976.0,2020,No,02,2020,02,2020,387,7894
1163,5,Mastercard,Debit,YES,2,30119.0,2020,No,02,2020,01,2020,387,6693
1164,0,Mastercard,Debit,YES,2,26147.0,2016,No,07,2022,03,2016,388,6224
1165,0,Visa,Debit (Prepaid),YES,2,74.0,2020,No,02,2020,02,2020,389,9369
1166,0,Visa,Credit,YES,1,7100.0,2020,No,01,2024,01,2020,390,9107
1167,1,Visa,Debit,YES,2,13964.0,2020,No,05,2021,02,2020,390,3254
1168,0,Visa,Credit,YES,2,12000.0,2013,No,11,2020,02,2005,391,3485
1169,1,Mastercard,Debit,YES,2,14710.0,2016,No,07,2021,12,2006,391,5353
1170,2,Mastercard,Credit,NO,2,5600.0,2011,No,02,2024,05,2008,391,7723
1171,3,Amex,Credit,YES,1,13600.0,2009,No,05,2007,01,2007,391,9145
1172,4,Mastercard,Debit,YES,2,14592.0,2018,No,01,2023,05,2002,391,6368
1173,0,Mastercard,Debit,YES,1,16791.0,2013,No,03,2024,08,2013,392,5640
1174,1,Mastercard,Debit,YES,1,15909.0,2008,No,09,2024,07,2008,392,3369
1175,2,Mastercard,Debit,NO,2,13466.0,2020,No,06,2022,02,2020,392,6520
1176,0,Mastercard,Debit,YES,2,5066.0,2016,No,11,2020,10,2008,393,3870
1177,1,Visa,Debit,YES,2,13452.0,2012,No,09,2024,09,2005,393,1306
1178,0,Visa,Debit,YES,1,17652.0,2020,No,01,2020,01,2020,394,1495
1179,1,Visa,Debit,YES,1,22566.0,2014,No,07,2018,05,2014,394,8687
1180,2,Mastercard,Debit (Prepaid),YES,2,101.0,2020,No,01,2023,02,2020,394,4539
1181,3,Mastercard,Debit,YES,1,17860.0,2010,No,02,2009,08,2007,394,0958
1182,4,Visa,Debit,YES,1,13635.0,2020,No,12,2024,02,2020,394,4779
1183,5,Amex,Credit,YES,1,12800.0,2014,No,10,2024,07,2005,394,3555
1184,6,Mastercard,Debit,YES,1,12076.0,2012,No,04,2022,02,1999,394,1806
1185,0,Mastercard,Credit,YES,1,13500.0,2020,No,05,2024,02,2020,395,8275
1186,1,Mastercard,Debit (Prepaid),YES,1,38.0,2020,No,11,2024,01,2020,395,2023
1187,2,Mastercard,Debit (Prepaid),YES,2,100.0,2020,No,09,2024,01,2020,395,2147
1188,0,Visa,Debit,YES,1,24501.0,2019,No,01,2023,08,2019,396,2561
1189,1,Visa,Credit,YES,1,15100.0,2011,No,11,2020,06,2005,396,2228
1190,2,Mastercard,Debit,YES,2,14709.0,2013,No,07,2023,12,2004,396,8484
1191,3,Mastercard,Debit,NO,1,45782.0,2015,No,08,2020,11,2010,396,7389
1192,0,Mastercard,Debit,YES,2,18292.0,2020,No,02,2020,01,2020,397,4493
1193,1,Amex,Credit,YES,1,13400.0,2012,No,05,2020,10,1999,397,0533
1194,2,Visa,Credit,YES,2,11100.0,2015,No,05,2021,06,2015,397,6144
1195,0,Visa,Debit,YES,1,33397.0,2020,No,01,2023,02,2020,398,7071
1196,0,Mastercard,Debit (Prepaid),YES,1,80.0,2008,No,08,2017,03,2002,399,1469
1197,1,Visa,Credit,YES,2,5400.0,2013,No,03,2023,05,2007,399,9091
1198,2,Amex,Credit,YES,2,11000.0,2010,No,06,2021,04,2010,399,9378
1199,3,Visa,Debit,YES,1,8374.0,2010,No,03,2012,06,2006,399,7382
1200,0,Mastercard,Debit,YES,2,23691.0,2015,No,03,2021,06,2009,400,7639
1201,1,Visa,Debit,YES,2,15817.0,2013,No,12,2023,03,2010,400,3369
1202,2,Mastercard,Debit,YES,2,36912.0,2015,No,06,2024,09,2009,400,7240
1203,0,Visa,Debit,YES,2,36976.0,2020,No,09,2021,02,2020,401,8436
1204,0,Mastercard,Debit,YES,1,52121.0,2020,No,06,2022,01,2020,402,5862
1205,0,Mastercard,Debit,YES,1,12564.0,2018,No,03,2024,01,2018,403,0237
1206,1,Visa,Debit,YES,1,15981.0,2008,No,05,2021,10,2008,403,1062
1207,0,Visa,Debit,YES,2,12758.0,2011,No,12,2007,12,2007,404,1429
1208,1,Mastercard,Debit (Prepaid),YES,2,24.0,2020,No,01,2020,01,2020,404,0681
1209,2,Mastercard,Debit,YES,2,13209.0,2012,No,10,2017,03,2006,404,1344
1210,0,Mastercard,Debit,YES,1,11254.0,2020,No,09,2024,01,2020,405,0406
1211,1,Mastercard,Debit,YES,2,16703.0,2014,No,05,2024,06,2014,405,9669
1212,2,Discover,Credit,YES,2,7300.0,2010,No,11,2020,05,2010,405,0679
1213,3,Mastercard,Credit,YES,2,8600.0,2012,No,08,2022,02,2012,405,6849
1214,0,Visa,Debit,YES,1,17173.0,2014,No,10,2013,02,1997,406,1785
1215,1,Visa,Credit,YES,2,22000.0,2013,No,03,2020,08,2013,406,4577
1216,2,Mastercard,Debit,YES,1,29739.0,2008,No,11,2009,11,2004,406,4536
1217,0,Mastercard,Debit,YES,2,12905.0,2010,No,02,2020,05,2010,407,3164
1218,1,Mastercard,Debit,YES,2,447.0,2015,No,10,2022,08,2006,407,5471
1219,2,Mastercard,Debit,YES,1,22100.0,2009,No,02,2014,11,2006,407,0907
1220,3,Visa,Debit,YES,2,7616.0,2010,No,03,2024,07,2010,407,6512
1221,0,Mastercard,Debit,YES,1,17665.0,2020,No,07,2021,01,2020,408,5057
1222,1,Mastercard,Debit,YES,1,12551.0,2019,No,09,2024,10,2019,408,6695
1223,2,Amex,Credit,YES,2,7400.0,2020,No,05,2022,02,2020,408,3027
1224,0,Mastercard,Debit,YES,2,14223.0,2013,No,06,2024,02,2013,409,6040
1225,1,Discover,Credit,NO,1,11200.0,2007,No,03,2012,03,2007,409,7371
1226,2,Mastercard,Credit,YES,1,14000.0,2019,No,02,2020,03,2019,409,0762
1227,3,Visa,Debit (Prepaid),YES,2,79.0,2009,No,09,2022,12,2009,409,5785
1228,0,Visa,Debit,YES,2,13547.0,2020,No,02,2020,02,2020,410,8366
1229,0,Mastercard,Debit,YES,1,12626.0,2020,No,06,2022,02,2020,411,9753
1230,1,Mastercard,Debit,YES,2,17042.0,2011,No,07,2024,07,2011,411,0356
1231,2,Mastercard,Debit,YES,2,11930.0,2011,No,01,2024,06,2011,411,0423
1232,0,Mastercard,Debit,YES,2,10442.0,2005,No,12,2013,11,2005,412,2553
1233,1,Mastercard,Debit,YES,2,23296.0,2014,No,08,2023,11,2009,412,8177
1234,0,Visa,Debit,YES,1,19555.0,2010,No,06,2015,10,2010,413,6445
1235,1,Mastercard,Debit,YES,1,22310.0,2020,No,02,2020,01,2020,413,3477
1236,0,Mastercard,Credit,NO,1,14800.0,2016,No,02,2021,11,2016,414,9435
1237,1,Visa,Credit,YES,2,11300.0,2011,No,03,2020,04,2002,414,6584
1238,2,Mastercard,Debit (Prepaid),YES,1,31.0,2010,No,09,2022,04,2003,414,9802
1239,3,Mastercard,Debit,YES,1,24090.0,2009,No,05,2024,09,1998,414,5354
1240,0,Mastercard,Debit,YES,1,18138.0,2008,No,05,2011,03,2006,415,6825
1241,1,Visa,Debit (Prepaid),YES,3,74.0,2018,No,05,2023,06,2018,415,1034
1242,2,Mastercard,Debit,YES,1,23016.0,2010,No,06,2021,01,2010,415,1238
1243,3,Visa,Debit,YES,2,35791.0,2009,No,02,2020,11,2009,415,2230
1244,0,Mastercard,Debit,YES,1,15116.0,2020,No,07,2022,02,2020,416,7546
1245,0,Visa,Credit,YES,1,8000.0,2011,No,08,2022,12,2005,417,9789
1246,1,Amex,Credit,YES,2,2200.0,2019,No,01,2023,02,2019,417,3087
1247,2,Visa,Credit,YES,1,6800.0,2020,No,10,2024,01,2020,417,3307
1248,3,Mastercard,Debit,YES,1,427.0,2010,No,03,2020,05,2008,417,4113
1249,0,Mastercard,Debit,YES,1,22112.0,2010,No,02,2002,02,2002,418,6090
1250,1,Visa,Debit,YES,2,10211.0,2013,No,04,2018,09,2013,418,3647
1251,2,Mastercard,Debit,YES,1,11940.0,2011,No,12,2008,10,2007,418,6250
1252,3,Visa,Credit,YES,1,7400.0,2010,No,09,2021,04,1994,418,2115
1253,4,Visa,Debit (Prepaid),NO,1,64.0,2014,No,02,2021,06,2005,418,2351
1254,5,Mastercard,Debit,YES,2,7343.0,2013,No,12,2022,05,2004,418,3562
1255,6,Visa,Credit,YES,1,5500.0,2010,No,01,2023,06,2003,418,6879
1256,0,Mastercard,Debit,YES,2,3843.0,2009,No,01,2014,01,2008,419,4563
1257,0,Mastercard,Debit (Prepaid),YES,2,72.0,2020,No,02,2020,01,2020,420,6347
1258,1,Mastercard,Debit,YES,1,21227.0,2020,No,02,2020,02,2020,420,8925
1259,2,Mastercard,Debit,YES,1,21943.0,2020,No,05,2022,02,2020,420,0284
1260,0,Mastercard,Debit,YES,2,47833.0,2010,No,04,2020,10,2004,421,1974
1261,1,Amex,Credit,NO,2,13400.0,2013,No,09,2018,04,2013,421,7546
1262,2,Amex,Credit,YES,1,21700.0,2010,No,09,2010,04,2010,421,2656
1263,0,Mastercard,Debit,YES,2,19122.0,2013,No,05,2022,10,2013,422,2263
1264,1,Visa,Debit,YES,2,17245.0,2019,No,11,2019,06,2019,422,8042
1265,2,Mastercard,Debit,NO,2,17564.0,2010,No,06,2022,12,2010,422,4300
1266,3,Visa,Credit,YES,1,14100.0,2011,No,07,2020,09,2006,422,8326
1267,0,Amex,Credit,YES,1,11400.0,2020,No,07,2021,01,2020,423,9333
1268,1,Mastercard,Debit,YES,2,18281.0,2020,No,09,2022,02,2020,423,9851
1269,0,Mastercard,Debit,YES,1,14471.0,2014,No,03,2021,04,2014,424,5223
1270,1,Mastercard,Debit,YES,1,11399.0,2010,No,04,2024,10,2008,424,9484
1271,2,Mastercard,Credit,YES,3,12400.0,2008,No,04,2011,05,2008,424,9821
1272,0,Visa,Debit,YES,2,27520.0,2012,No,04,2021,01,2012,425,3275
1273,1,Visa,Debit,YES,1,38648.0,2005,No,04,2022,11,2003,425,6102
1274,2,Mastercard,Debit,YES,2,41051.0,2006,No,08,2008,02,2006,425,5182
1275,3,Amex,Credit,YES,1,19300.0,2018,No,03,2014,06,2009,425,4405
1276,4,Mastercard,Debit,YES,2,9683.0,2016,No,12,2023,08,2007,425,4241
1277,0,Mastercard,Debit,NO,2,15061.0,2007,No,02,2020,06,2007,426,9594
1278,1,Mastercard,Debit,YES,2,16652.0,2010,No,02,2022,10,2008,426,8973
1279,2,Mastercard,Debit,YES,1,10970.0,2013,No,02,2020,09,2013,426,2567
1280,3,Visa,Debit,YES,2,15458.0,2019,No,03,2021,09,2019,426,1516
1281,4,Mastercard,Debit,YES,2,11475.0,2014,No,07,2020,05,2014,426,7605
1282,5,Mastercard,Debit,YES,1,12031.0,2014,No,01,2017,07,2014,426,8585
1283,0,Mastercard,Debit (Prepaid),YES,1,49.0,2009,No,10,2024,12,2002,427,9944
1284,0,Mastercard,Debit,YES,2,14408.0,2008,No,12,2022,09,2008,428,8231
1285,1,Mastercard,Debit,YES,1,18035.0,2010,No,07,2020,05,2010,428,5465
1286,2,Mastercard,Debit,YES,2,16786.0,2008,No,04,2022,09,2008,428,3881
1287,3,Visa,Debit,YES,1,12009.0,2009,No,02,2020,03,2006,428,4564
1288,0,Discover,Credit,YES,1,6800.0,2014,No,04,2021,08,2014,429,3783
1289,1,Mastercard,Credit,YES,1,10300.0,2009,No,07,2021,04,2006,429,2356
1290,2,Mastercard,Debit,YES,2,16274.0,2009,No,03,2021,10,2009,429,8171
1291,0,Mastercard,Credit,YES,1,28000.0,2020,No,01,2020,01,2020,430,1204
1292,1,Visa,Debit,YES,2,4201.0,2020,No,04,2024,01,2020,430,3864
1293,0,Discover,Credit,YES,1,25300.0,2012,No,10,2015,04,2007,431,0671
1294,1,Visa,Debit,YES,1,40350.0,2014,No,03,2022,02,2008,431,7302
1295,2,Visa,Credit,YES,1,22500.0,2010,No,08,2018,06,2008,431,4489
1296,3,Visa,Debit,YES,1,26110.0,2012,No,10,2023,12,2012,431,9799
1297,0,Mastercard,Debit (Prepaid),YES,1,46.0,2020,No,02,2020,01,2020,432,5005
1298,1,Mastercard,Debit,YES,1,24886.0,2020,No,09,2020,02,2020,432,2424
1299,2,Visa,Debit,YES,2,12257.0,2020,No,07,2022,02,2020,432,5648
1300,3,Mastercard,Debit,NO,2,27489.0,2020,No,01,2020,01,2020,432,6952
1301,0,Visa,Credit,YES,1,9700.0,2012,No,07,2022,11,2010,433,6835
1302,1,Mastercard,Debit,YES,1,11712.0,2019,No,03,2024,06,2008,433,0841
1303,2,Amex,Credit,YES,2,5900.0,2014,No,02,2020,07,2014,433,4199
1304,3,Visa,Debit,YES,1,10318.0,2016,No,04,2021,06,2016,433,5663
1305,0,Mastercard,Debit,YES,1,3836.0,2009,No,12,2014,07,2006,434,2517
1306,1,Visa,Credit,YES,2,13200.0,2011,No,12,2023,06,2010,434,3801
1307,2,Mastercard,Debit (Prepaid),NO,2,56.0,2011,No,08,2021,11,2009,434,7055
1308,0,Amex,Credit,YES,2,13800.0,2020,No,01,2020,01,2020,435,3877
1309,0,Mastercard,Debit,YES,2,7767.0,2020,No,09,2022,01,2020,436,5605
1310,0,Visa,Debit,YES,1,14999.0,2010,No,09,2022,05,2010,437,5457
1311,1,Mastercard,Debit,YES,2,9281.0,2013,No,01,2024,07,2013,437,9143
1312,2,Visa,Debit,NO,1,15512.0,2013,No,03,2024,11,2013,437,3760
1313,0,Visa,Debit (Prepaid),YES,2,67.0,2020,No,04,2023,02,2020,438,2583
1314,1,Visa,Debit,YES,1,10564.0,2010,No,09,2022,11,2009,438,6169
1315,0,Mastercard,Debit,YES,1,13206.0,2018,No,08,2019,03,2018,439,7399
1316,1,Visa,Debit,YES,1,11809.0,2010,No,08,2024,11,2004,439,6603
1317,2,Discover,Credit,YES,1,8800.0,2008,No,06,2024,03,2006,439,2105
1318,0,Visa,Debit,NO,1,29793.0,2017,No,05,2018,10,2017,440,5686
1319,1,Mastercard,Debit (Prepaid),YES,1,80.0,2008,No,03,2022,11,2008,440,8176
1320,2,Mastercard,Debit,YES,2,24739.0,2011,No,04,2024,04,2008,440,2886
1321,3,Mastercard,Debit,YES,2,32447.0,2009,No,01,2020,09,2009,440,3739
1322,4,Amex,Credit,NO,2,20900.0,2007,No,11,2020,01,2007,440,0062
1323,0,Visa,Debit,YES,1,23912.0,2009,No,05,2024,11,2003,441,0578
1324,1,Amex,Credit,YES,2,8200.0,2010,No,11,2024,04,1998,441,9865
1325,2,Visa,Debit,YES,2,119.0,2012,No,02,2008,07,2004,441,0551
1326,3,Mastercard,Debit,YES,1,19137.0,2012,No,04,2017,11,2009,441,5798
1327,0,Mastercard,Debit,YES,1,13609.0,2010,No,10,2021,11,2008,442,5392
1328,1,Visa,Credit,YES,2,8600.0,2012,No,02,2021,05,2004,442,7807
1329,0,Amex,Credit,YES,2,27000.0,2020,No,02,2020,02,2020,443,8373
1330,1,Discover,Credit,YES,2,17500.0,2020,No,06,2021,01,2020,443,8359
1331,2,Visa,Credit,YES,1,21000.0,2020,No,02,2020,01,2020,443,3572
1332,0,Mastercard,Debit,YES,2,9401.0,2011,No,02,2023,04,2010,444,1718
1333,1,Visa,Debit,YES,2,17146.0,2009,No,06,2023,11,2009,444,7924
1334,2,Mastercard,Debit,YES,2,10863.0,2011,No,06,2021,05,2009,444,6532
1335,3,Mastercard,Debit,YES,1,9742.0,2010,No,07,2018,04,2010,444,8147
1336,0,Mastercard,Credit,YES,2,4600.0,2020,No,02,2021,02,2020,445,3479
1337,1,Visa,Debit,YES,1,29925.0,2020,No,07,2022,01,2020,445,6008
1338,0,Mastercard,Debit,YES,2,10305.0,2010,No,07,2021,11,2002,446,2763
1339,0,Mastercard,Credit,YES,2,13300.0,2008,No,10,2023,09,2008,447,5374
1340,1,Mastercard,Debit (Prepaid),YES,2,48.0,2014,No,10,2012,05,2006,447,8071
1341,2,Mastercard,Credit,NO,2,0.0,2012,No,01,2020,01,2006,447,8483
1342,3,Visa,Credit,NO,1,10600.0,2013,No,02,2022,09,2002,447,9379
1343,4,Mastercard,Debit,YES,2,1778.0,2011,No,03,2021,05,2008,447,9098
1344,0,Visa,Debit,YES,1,47523.0,2020,No,09,2021,01,2020,448,7635
1345,1,Mastercard,Debit (Prepaid),YES,1,82.0,2020,No,04,2024,01,2020,448,7114
1346,0,Amex,Credit,YES,1,19400.0,2012,No,03,2017,05,2012,449,3505
1347,1,Mastercard,Debit,YES,1,23403.0,2013,No,11,2014,01,2013,449,3399
1348,2,Mastercard,Credit,YES,1,13900.0,2012,No,05,2024,01,2005,449,2810
1349,0,Mastercard,Debit (Prepaid),YES,1,95.0,2011,No,03,2008,10,2002,450,3744
1350,1,Mastercard,Debit,YES,2,20417.0,2016,No,06,2022,06,2016,450,7620
1351,2,Visa,Credit,YES,1,6300.0,2011,No,05,2022,01,2006,450,8958
1352,0,Mastercard,Debit,YES,1,16064.0,2016,No,01,2020,12,2016,451,7452
1353,1,Mastercard,Debit (Prepaid),YES,1,98.0,2020,No,03,2020,02,2020,451,5738
1354,2,Visa,Debit,YES,2,16386.0,2015,No,07,2015,03,2015,451,5002
1355,3,Visa,Credit,YES,1,10100.0,2020,No,03,2023,02,2020,451,5328
1356,4,Visa,Debit,YES,2,3472.0,2020,No,10,2020,01,2020,451,8353
1357,0,Amex,Credit,YES,1,7700.0,2020,No,04,2022,01,2020,452,7582
1358,1,Mastercard,Debit,YES,3,11018.0,2020,No,10,2023,01,2020,452,5788
1359,2,Visa,Credit,YES,2,8200.0,2018,No,04,2024,06,2018,452,5203
1360,0,Mastercard,Debit,YES,1,4976.0,2008,No,09,2018,07,2008,453,2172
1361,1,Amex,Credit,YES,1,4100.0,2009,No,07,2018,11,2004,453,4025
1362,0,Visa,Debit,YES,2,6076.0,2011,No,07,2021,09,2004,454,6426
1363,0,Mastercard,Credit,YES,3,8000.0,2020,No,12,2021,02,2020,455,0577
1364,1,Discover,Credit,YES,2,14600.0,2020,No,08,2023,02,2020,455,0978
1365,2,Mastercard,Credit,YES,1,8300.0,2010,No,03,2024,10,2008,455,7242
1366,3,Visa,Debit,YES,2,19054.0,2017,No,08,2024,05,2009,455,6751
1367,0,Mastercard,Debit,YES,1,29265.0,2020,No,03,2020,02,2020,456,6478
1368,1,Mastercard,Debit,YES,1,22245.0,2020,No,02,2020,02,2020,456,3081
1369,2,Mastercard,Debit,YES,2,17028.0,2020,No,10,2021,02,2020,456,8168
1370,0,Mastercard,Debit (Prepaid),YES,2,67.0,2014,No,02,2020,02,2009,457,8797
1371,1,Discover,Credit,YES,2,15300.0,2011,No,10,2005,06,2001,457,5700
1372,2,Mastercard,Debit,YES,1,20552.0,2015,No,01,2021,09,2015,457,0799
1373,0,Mastercard,Debit (Prepaid),YES,2,32.0,2020,No,03,2021,01,2020,458,2340
1374,0,Mastercard,Debit,YES,1,48003.0,2012,No,02,2024,01,2012,459,2478
1375,1,Visa,Credit,YES,1,16300.0,2013,No,07,2024,04,2009,459,7166
1376,2,Mastercard,Credit,YES,2,10800.0,2010,No,04,2024,05,2009,459,7921
1377,0,Amex,Credit,YES,2,11100.0,2009,No,02,2021,01,2006,460,6089
1378,0,Visa,Debit (Prepaid),YES,3,64.0,2011,No,06,2022,02,2011,461,9691
1379,0,Visa,Credit,YES,1,17300.0,2007,No,11,2022,03,2004,462,7946
1380,1,Mastercard,Credit,YES,1,13900.0,2014,No,04,2023,03,2014,462,8795
1381,2,Mastercard,Debit,YES,2,23807.0,2012,No,02,2020,05,2012,462,7051
1382,3,Visa,Debit (Prepaid),NO,2,140.0,2017,No,06,2021,07,2017,462,4293
1383,4,Mastercard,Debit,YES,2,26329.0,2015,No,12,2024,08,2015,462,8028
1384,5,Mastercard,Debit,NO,1,25224.0,2011,No,09,2023,07,2010,462,1224
1385,0,Discover,Credit,YES,2,8500.0,2012,No,12,2020,08,2012,463,5289
1386,1,Visa,Credit,NO,1,11200.0,2009,No,06,2023,02,2005,463,7031
1387,2,Mastercard,Debit,YES,2,14576.0,2011,No,01,2013,06,2008,463,3183
1388,3,Visa,Credit,YES,1,9000.0,2009,No,04,2021,05,2009,463,1188
1389,4,Visa,Debit,YES,1,21409.0,2020,No,06,2020,02,2020,463,1336
1390,0,Mastercard,Debit,YES,2,7406.0,2014,No,03,2014,04,2009,464,8178
1391,1,Visa,Credit,YES,2,3300.0,2010,No,03,2016,10,2009,464,1209
1392,2,Mastercard,Credit,YES,1,7300.0,2010,No,11,2023,10,2008,464,0938
1393,3,Visa,Debit,YES,1,4386.0,2016,No,10,2024,09,2010,464,3131
1394,0,Visa,Credit,YES,1,13000.0,2012,No,07,2023,12,2010,465,5695
1395,1,Mastercard,Debit,YES,2,14418.0,2005,No,04,2020,02,2000,465,9141
1396,2,Mastercard,Debit,YES,2,9120.0,2013,No,07,2022,05,2009,465,9439
1397,0,Visa,Debit,YES,1,11588.0,2008,No,02,2013,05,2006,466,2591
1398,1,Mastercard,Credit,NO,1,7500.0,2011,No,10,2023,09,2011,466,3039
1399,2,Visa,Debit,YES,2,18042.0,2011,No,09,2011,08,2011,466,6383
1400,0,Mastercard,Debit,YES,2,13694.0,2017,No,08,2018,11,2017,467,7230
1401,1,Mastercard,Debit,YES,2,15849.0,2009,No,04,2021,08,2001,467,7128
1402,2,Visa,Debit,YES,1,16566.0,2009,No,06,2024,08,2005,467,7765
1403,3,Discover,Credit,YES,1,10400.0,2009,No,04,2012,12,2009,467,5878
1404,0,Mastercard,Credit,YES,1,9200.0,2020,No,02,2020,02,2020,468,8655
1405,1,Mastercard,Debit,YES,2,17967.0,2020,No,02,2020,02,2020,468,0502
1406,2,Amex,Credit,YES,2,8400.0,2020,No,01,2021,01,2020,468,1667
1407,0,Mastercard,Debit,YES,1,14168.0,2020,No,09,2024,01,2020,469,1642
1408,1,Visa,Debit,YES,1,3149.0,2020,No,06,2020,02,2020,469,3540
1409,0,Mastercard,Debit,YES,1,13161.0,2020,No,04,2023,02,2020,470,4769
1410,0,Visa,Credit,YES,2,11700.0,2008,No,09,2020,02,2004,471,0963
1411,1,Mastercard,Debit,YES,1,17678.0,2017,No,01,2019,02,2017,471,1247
1412,2,Visa,Debit (Prepaid),YES,1,81.0,2015,No,04,2020,09,2015,471,8761
1413,3,Mastercard,Debit,YES,2,26231.0,2017,No,01,2023,07,2017,471,1015
1414,0,Visa,Credit,YES,1,7700.0,2017,No,11,2021,03,2017,472,1817
1415,1,Visa,Credit,YES,1,6800.0,2009,No,08,2022,11,2006,472,8631
1416,2,Mastercard,Debit,YES,2,736.0,2015,No,03,2023,03,2010,472,5248
1417,0,Visa,Debit (Prepaid),YES,1,96.0,2012,No,08,2018,10,2012,473,9933
1418,1,Mastercard,Debit,NO,1,14977.0,2015,No,04,2017,10,2015,473,3892
1419,2,Visa,Debit,YES,1,13162.0,2020,No,04,2023,02,2020,473,9092
1420,3,Visa,Debit,YES,2,17649.0,2013,No,11,2019,09,2013,473,5012
1421,4,Visa,Debit,YES,1,10538.0,2011,No,02,2021,11,2011,473,1667
1422,5,Mastercard,Credit,YES,2,10500.0,2011,No,02,2022,11,2007,473,8278
1423,6,Mastercard,Debit (Prepaid),YES,2,74.0,2010,No,11,2020,01,2007,473,2889
1424,0,Visa,Debit,YES,1,39441.0,2008,No,02,2018,10,2002,474,5002
1425,1,Mastercard,Debit,YES,2,27720.0,2016,No,11,2022,05,2016,474,7347
1426,2,Amex,Credit,YES,1,20800.0,2013,No,05,2023,04,2011,474,5089
1427,3,Visa,Credit,YES,2,5300.0,2017,No,10,2022,04,2017,474,7541
1428,0,Visa,Debit (Prepaid),NO,1,65.0,2007,No,01,2023,01,2001,475,6043
1429,0,Visa,Debit,YES,2,20182.0,2020,No,08,2021,02,2020,476,5247
1430,1,Visa,Credit,YES,2,8700.0,2020,No,01,2020,01,2020,476,6641
1431,0,Visa,Credit,YES,1,23300.0,2020,No,05,2020,01,2020,477,8550
1432,1,Visa,Debit,YES,1,8989.0,2020,No,02,2020,01,2020,477,0922
1433,0,Mastercard,Debit,YES,1,41816.0,2020,No,02,2024,02,2020,478,8853
1434,1,Visa,Debit,YES,1,16202.0,2020,No,03,2020,01,2020,478,3167
1435,2,Visa,Debit,YES,2,39457.0,2014,No,10,2020,06,2014,478,2558
1436,0,Visa,Credit,YES,3,7900.0,2009,No,09,2024,06,2009,479,8804
1437,0,Mastercard,Credit,YES,2,7400.0,2008,No,01,2023,02,2006,480,8217
1438,1,Mastercard,Debit (Prepaid),YES,2,107.0,2018,No,08,2023,06,2018,480,8572
1439,0,Visa,Debit (Prepaid),YES,1,24.0,2009,No,03,2021,04,2001,481,3260
1440,0,Visa,Debit,YES,2,88743.0,2010,No,08,2022,06,2004,482,8775
1441,1,Visa,Credit,NO,1,57200.0,2011,No,02,2023,01,1999,482,4121
1442,2,Discover,Credit,NO,1,2500.0,2014,No,08,2022,05,2014,482,6082
1443,3,Mastercard,Debit,YES,1,151223.0,2009,No,12,2009,08,2004,482,4580
1444,4,Visa,Credit,YES,1,61100.0,2010,No,02,2020,01,2008,482,8378
1445,0,Mastercard,Debit,YES,1,26960.0,2010,No,04,2022,07,2006,483,2959
1446,1,Visa,Debit,YES,1,16531.0,2011,No,12,2022,12,2011,483,4130
1447,2,Mastercard,Debit (Prepaid),YES,1,69.0,2013,No,05,2024,04,2013,483,9874
1448,3,Mastercard,Debit,YES,1,14054.0,2016,No,08,2021,12,2016,483,6210
1449,4,Mastercard,Credit,YES,1,9100.0,2015,No,12,2024,09,2005,483,2235
1450,0,Mastercard,Debit (Prepaid),YES,3,74.0,2020,No,02,2020,01,2020,484,4946
1451,0,Visa,Credit,YES,2,23000.0,2016,No,06,2024,10,2016,485,3621
1452,1,Visa,Credit,YES,2,21900.0,2013,No,09,2024,10,2010,485,7623
1453,2,Mastercard,Credit,YES,2,11200.0,2018,No,02,2020,01,2018,485,7751
1454,0,Visa,Debit,YES,1,22676.0,2012,No,12,2020,11,2008,486,7941
1455,0,Visa,Debit (Prepaid),YES,1,65.0,2009,No,02,2022,06,2009,487,7553
1456,1,Discover,Credit,YES,2,12000.0,2012,No,08,2010,08,2007,487,3176
1457,2,Visa,Debit,YES,1,20723.0,2013,No,05,2020,03,2007,487,3061
1458,3,Mastercard,Credit,YES,2,11500.0,2007,No,01,2023,05,2007,487,6685
1459,4,Discover,Credit,YES,2,7300.0,2009,No,04,2021,12,1991,487,3552
1460,0,Amex,Credit,NO,1,14400.0,2010,No,07,2010,10,2006,488,2311
1461,1,Mastercard,Credit,YES,2,14200.0,2016,No,10,2021,06,2016,488,8869
1462,2,Visa,Debit,YES,1,18818.0,2008,No,06,2020,07,2003,488,9017
1463,3,Visa,Debit,YES,1,20509.0,2007,No,02,2022,09,2005,488,8795
1464,4,Visa,Debit,YES,1,17510.0,2008,No,01,2023,09,2002,488,6177
1465,0,Visa,Debit,YES,1,3335.0,2012,No,06,2024,10,1998,489,2101
1466,1,Mastercard,Debit,YES,2,4598.0,2017,No,02,2020,12,2003,489,4037
1467,2,Visa,Credit,YES,2,4900.0,2012,No,01,2020,01,2012,489,3748
1468,3,Mastercard,Debit,YES,2,18498.0,2010,No,08,2013,10,2004,489,1739
1469,0,Visa,Debit,YES,2,7312.0,2008,No,02,2024,05,2007,490,8143
1470,1,Mastercard,Debit,YES,2,34799.0,2014,No,06,2024,04,2009,490,5345
1471,2,Visa,Debit,YES,2,19882.0,2010,No,04,2021,02,1999,490,7247
1472,3,Visa,Debit (Prepaid),YES,2,57.0,2017,No,12,2019,12,2010,490,7365
1473,0,Visa,Debit,YES,1,14383.0,2011,No,06,2005,03,2003,491,0350
1474,1,Visa,Debit,NO,1,20666.0,2011,No,12,2005,09,2000,491,3857
1475,2,Mastercard,Credit,NO,1,8600.0,2012,No,04,2024,09,2010,491,8412
1476,3,Mastercard,Credit,YES,2,11400.0,2013,No,10,2021,09,2013,491,5192
1477,4,Mastercard,Debit,YES,2,19695.0,2012,No,12,2012,07,2012,491,2607
1478,5,Visa,Debit,YES,1,16578.0,2010,No,05,2021,12,2000,491,8031
1479,0,Visa,Credit,YES,2,8700.0,2014,No,09,2020,10,2014,492,4626
1480,1,Mastercard,Credit,YES,1,10600.0,2013,No,01,2022,11,2004,492,9097
1481,2,Mastercard,Debit,YES,1,12925.0,2010,No,02,2021,01,2006,492,3856
1482,3,Mastercard,Debit,YES,2,906.0,2013,No,10,1997,09,1994,492,3832
1483,0,Mastercard,Credit,YES,1,11600.0,2020,No,01,2023,01,2020,493,1729
1484,1,Amex,Credit,YES,2,10700.0,2017,No,06,2021,09,2017,493,2267
1485,2,Mastercard,Debit,NO,1,42142.0,2010,No,02,2022,02,2009,493,0752
1486,0,Mastercard,Credit,YES,1,4000.0,2020,No,02,2020,02,2020,494,4123
1487,0,Amex,Credit,YES,2,7200.0,2015,No,11,2015,02,2015,495,0858
1488,1,Mastercard,Debit,YES,2,13019.0,2013,No,02,2023,01,2013,495,7615
1489,2,Visa,Debit,YES,1,16647.0,2016,No,11,2023,07,2016,495,6200
1490,3,Mastercard,Debit,YES,1,12247.0,2009,No,02,2017,12,2009,495,9037
1491,0,Mastercard,Debit (Prepaid),YES,1,23.0,2020,No,02,2020,01,2020,496,8146
1492,1,Visa,Debit (Prepaid),YES,1,91.0,2020,No,05,2024,01,2020,496,3083
1493,2,Mastercard,Debit (Prepaid),YES,2,77.0,2020,No,02,2020,02,2020,496,0093
1494,0,Visa,Debit,YES,1,82677.0,2020,No,03,2021,02,2020,497,3491
1495,1,Visa,Credit,YES,2,23400.0,2020,No,07,2023,01,2020,497,8435
1496,2,Mastercard,Debit,YES,1,72868.0,2020,No,01,2020,01,2020,497,4434
1497,0,Visa,Debit,NO,2,15029.0,2007,No,09,2024,09,2003,498,3477
1498,1,Visa,Credit,YES,1,9700.0,2013,No,05,2021,07,2009,498,0452
1499,2,Mastercard,Debit,YES,2,6847.0,2009,No,12,2023,12,2009,498,5560
1500,3,Mastercard,Credit,YES,2,4800.0,2011,No,07,2022,03,2003,498,6659
1501,4,Mastercard,Debit,YES,1,17294.0,2010,No,02,2022,08,2002,498,4925
1502,0,Visa,Credit,YES,3,0.0,2012,No,11,2012,11,2012,499,0519
1503,0,Mastercard,Debit,YES,2,5857.0,2007,No,10,2024,10,2004,500,7327
1504,1,Mastercard,Debit,YES,2,17536.0,2010,No,01,2023,10,2003,500,6106
1505,2,Mastercard,Debit (Prepaid),YES,2,61.0,2016,No,09,2020,07,2007,500,6395
1506,0,Amex,Credit,YES,1,13300.0,2014,No,04,2024,10,2008,501,0130
1507,1,Mastercard,Debit,YES,1,34278.0,2010,No,05,2022,03,2001,501,8976
1508,2,Mastercard,Debit,YES,2,38235.0,2016,No,10,2007,08,2004,501,8106
1509,3,Visa,Debit,NO,2,1587.0,2013,No,09,2024,07,2010,501,9733
1510,4,Visa,Debit,YES,2,28156.0,2010,No,10,2022,04,2010,501,3748
1511,0,Visa,Credit,NO,1,6500.0,2018,No,05,2022,11,2006,502,9073
1512,1,Mastercard,Debit,YES,2,4324.0,2011,No,10,2012,12,2011,502,5657
1513,2,Visa,Debit,YES,2,1112.0,2010,No,01,2022,06,2010,502,4448
1514,0,Visa,Credit,YES,1,19600.0,2020,No,02,2020,02,2020,503,1759
1515,1,Visa,Debit,YES,2,15182.0,2009,No,05,2023,04,2007,503,9129
1516,2,Visa,Credit,YES,1,14200.0,2012,No,05,2017,08,2012,503,1800
1517,3,Mastercard,Debit,YES,1,30065.0,2011,No,08,2022,05,2001,503,1225
1518,0,Visa,Credit,NO,1,10600.0,2020,No,05,2022,02,2020,504,2554
1519,1,Visa,Debit,YES,1,39764.0,2013,No,08,2020,11,2013,504,1121
1520,2,Mastercard,Debit,YES,1,27208.0,2008,No,10,2023,07,2008,504,9142
1521,3,Mastercard,Debit,NO,1,29637.0,2010,No,03,2016,03,2010,504,7759
1522,4,Mastercard,Debit,YES,1,24442.0,2020,No,02,2020,02,2020,504,1734
1523,5,Mastercard,Debit,YES,2,28390.0,2008,No,09,2024,04,2008,504,0052
1524,0,Amex,Credit,YES,2,6600.0,2014,No,01,2024,09,2014,505,3424
1525,1,Mastercard,Debit,YES,1,11510.0,2011,No,10,2007,08,1999,505,2456
1526,2,Mastercard,Credit,YES,1,6400.0,2011,No,06,2012,09,2006,505,2983
1527,3,Discover,Credit,YES,1,1800.0,2007,No,08,2024,01,2006,505,0710
1528,0,Visa,Credit,YES,2,1500.0,2009,No,03,2024,01,2005,506,9778
1529,1,Visa,Debit,YES,1,14813.0,2020,No,01,2020,01,2020,506,9089
1530,0,Mastercard,Debit,YES,2,40176.0,2009,No,12,2020,05,2005,507,0613
1531,0,Amex,Credit,YES,1,10300.0,2013,No,10,2023,01,2006,508,4051
1532,1,Visa,Credit,YES,2,4400.0,2011,No,01,2020,02,2011,508,1855
1533,2,Visa,Debit,YES,2,15878.0,2008,No,04,2019,08,2006,508,0278
1534,0,Visa,Credit,YES,2,8500.0,2015,No,06,2020,07,2015,509,9207
1535,1,Mastercard,Debit,YES,2,18022.0,2020,No,10,2023,01,2020,509,2857
1536,2,Mastercard,Debit,YES,1,19597.0,2010,No,06,2016,06,2010,509,0102
1537,3,Visa,Debit,YES,1,51504.0,2010,No,09,2021,12,2010,509,5490
1538,0,Visa,Debit,YES,2,28717.0,2014,No,10,2021,01,2005,510,4030
1539,1,Amex,Credit,NO,1,7100.0,2006,No,11,2021,10,2006,510,7820
1540,2,Mastercard,Debit,NO,1,27974.0,2012,No,06,2020,09,2003,510,7535
1541,0,Mastercard,Debit,NO,2,6629.0,2008,No,12,2022,10,2007,511,5539
1542,1,Mastercard,Debit,YES,2,2093.0,2015,No,03,2024,11,2007,511,9710
1543,2,Visa,Debit,YES,2,27053.0,2011,No,09,2023,07,2011,511,3414
1544,3,Mastercard,Debit,YES,2,15800.0,2012,No,05,2023,06,2002,511,6028
1545,0,Visa,Debit,YES,1,20699.0,2008,No,05,2015,05,2002,512,2083
1546,1,Visa,Debit,YES,2,31662.0,2012,No,11,2020,04,2012,512,9899
1547,2,Mastercard,Credit,YES,1,18900.0,2011,No,06,2023,12,2010,512,7731
1548,3,Visa,Credit,YES,2,14200.0,2010,No,11,2006,10,2006,512,1308
1549,4,Mastercard,Debit,YES,2,25292.0,2013,No,12,2022,12,2013,512,6748
1550,5,Mastercard,Debit,YES,1,19299.0,2020,No,03,2023,02,2020,512,8414
1551,6,Visa,Debit,YES,2,27215.0,2010,No,03,2017,08,2007,512,2930
1552,0,Mastercard,Debit,YES,2,10934.0,2015,No,04,2012,07,2006,513,4979
1553,0,Mastercard,Credit,YES,2,20300.0,2010,No,04,2015,11,2009,514,4760
1554,1,Amex,Credit,YES,2,9700.0,2007,No,10,2012,10,1999,514,6268
1555,2,Visa,Debit (Prepaid),NO,2,87.0,2006,No,08,2023,06,2006,514,2618
1556,0,Visa,Credit,YES,2,11700.0,2013,No,02,2023,02,2013,515,5605
1557,1,Mastercard,Debit,YES,2,16460.0,2010,No,12,2024,04,2010,515,7293
1558,2,Visa,Debit,YES,1,27036.0,2019,No,04,2023,08,2019,515,4075
1559,0,Amex,Credit,YES,2,3100.0,2011,No,06,2020,11,2011,516,5234
1560,1,Visa,Debit,YES,1,21757.0,2011,No,08,2021,01,2011,516,8480
1561,2,Visa,Debit,YES,2,15925.0,2007,No,07,2021,08,2007,516,7578
1562,3,Amex,Credit,YES,1,10100.0,2016,No,12,2019,05,2007,516,5588
1563,0,Mastercard,Debit,YES,2,20660.0,2018,No,07,2022,07,2018,517,1111
1564,1,Visa,Debit,YES,1,18301.0,2010,No,05,2022,02,2010,517,1360
1565,2,Visa,Credit,YES,2,14200.0,2018,No,05,2011,11,2010,517,8690
1566,0,Visa,Debit,YES,1,24230.0,2011,No,06,2024,12,2009,518,6150
1567,1,Visa,Debit,YES,1,19636.0,2013,No,10,2013,01,2013,518,5855
1568,2,Mastercard,Debit (Prepaid),YES,3,102.0,2018,No,07,2024,02,2018,518,0564
1569,3,Mastercard,Debit,YES,2,21218.0,2018,No,09,2022,10,2018,518,7390
1570,4,Visa,Debit,YES,2,27066.0,2018,No,03,2021,09,2018,518,6257
1571,5,Mastercard,Debit,YES,2,19723.0,2010,No,06,2016,07,2006,518,0715
1572,0,Visa,Debit,YES,2,21990.0,2020,No,12,2020,02,2020,519,3168
1573,1,Mastercard,Debit,YES,2,26251.0,2020,No,11,2021,01,2020,519,9675
1574,0,Visa,Debit,NO,2,14614.0,2015,No,04,2022,02,2015,520,3440
1575,1,Visa,Credit,YES,1,12800.0,2003,No,11,2022,04,2001,520,3423
1576,2,Mastercard,Debit,YES,2,17897.0,2013,No,02,2006,02,2000,520,8381
1577,3,Visa,Credit,YES,1,8700.0,2020,No,06,2024,02,2020,520,2110
1578,0,Amex,Credit,YES,2,19500.0,2007,No,09,2021,09,2005,521,9294
1579,1,Mastercard,Debit,YES,1,24111.0,2015,No,06,2015,03,2015,521,7176
1580,2,Mastercard,Debit,YES,1,34839.0,2015,No,06,2023,10,2015,521,2281
1581,3,Mastercard,Credit,YES,1,12800.0,2012,No,04,2023,06,2010,521,3220
1582,0,Mastercard,Credit,YES,2,9600.0,2011,No,10,2021,11,2004,522,9854
1583,1,Visa,Debit,YES,2,15112.0,2016,No,04,2022,07,2005,522,2231
1584,2,Mastercard,Credit,YES,2,11100.0,2020,No,09,2024,01,2020,522,2735
1585,3,Visa,Debit,YES,1,14295.0,2010,No,06,2023,02,2010,522,1931
1586,0,Mastercard,Credit,YES,1,5400.0,2020,No,02,2020,01,2020,523,4959
1587,0,Mastercard,Debit,YES,2,18092.0,2015,No,10,2023,01,2010,524,0761
1588,1,Mastercard,Debit,YES,2,23244.0,2007,No,12,2022,11,2007,524,0600
1589,0,Visa,Debit,YES,1,12639.0,2012,No,04,2023,08,2012,525,1653
1590,1,Mastercard,Debit,YES,1,13482.0,2014,No,12,2021,07,2014,525,6302
1591,2,Mastercard,Debit,YES,1,13022.0,2010,No,03,2024,05,2010,525,2763
1592,3,Mastercard,Debit,NO,2,23999.0,2014,No,02,2020,04,2014,525,3935
1593,0,Visa,Debit,YES,2,12837.0,2013,No,01,2020,05,2001,526,2107
1594,1,Mastercard,Debit,YES,1,25177.0,2012,No,07,2012,06,2007,526,7341
1595,2,Visa,Credit,YES,1,18800.0,2011,No,01,2006,05,2004,526,5234
1596,0,Visa,Credit,YES,2,3900.0,2014,No,03,2020,04,2014,527,1945
1597,0,Discover,Credit,YES,2,7200.0,2020,No,02,2023,01,2020,528,9652
1598,0,Mastercard,Debit,YES,2,11749.0,2015,No,12,2024,06,2003,529,3377
1599,1,Mastercard,Debit (Prepaid),YES,1,77.0,2011,No,01,2021,09,2004,529,4838
1600,0,Visa,Debit,YES,2,86262.0,2011,No,11,2011,10,2011,530,8454
1601,1,Visa,Debit,YES,1,92939.0,2011,No,06,2010,02,2004,530,3683
1602,2,Visa,Debit,YES,2,64613.0,2019,No,02,2024,01,2019,530,1985
1603,0,Visa,Debit,YES,2,27305.0,2020,No,02,2020,02,2020,531,9027
1604,0,Visa,Debit,YES,1,24546.0,2010,No,01,2023,08,2008,532,4039
1605,1,Mastercard,Debit,YES,1,25121.0,2018,No,09,2018,01,2018,532,1658
1606,2,Discover,Credit,YES,1,17000.0,2018,No,09,2022,07,2001,532,4171
1607,3,Visa,Credit,YES,2,6800.0,2013,No,05,2023,10,2013,532,7983
1608,4,Mastercard,Credit,YES,2,15100.0,2011,No,12,2013,08,2011,532,0840
1609,0,Mastercard,Credit,YES,1,14300.0,2008,No,09,2013,07,2008,533,6678
1610,1,Amex,Credit,YES,2,8800.0,2015,No,11,2024,02,2015,533,7651
1611,0,Visa,Credit,YES,2,4100.0,2012,No,05,2023,05,2012,534,2951
1612,1,Amex,Credit,YES,1,9500.0,2016,No,08,2021,08,2008,534,2722
1613,2,Mastercard,Credit,YES,1,8500.0,2011,No,06,2010,07,2006,534,8197
1614,0,Visa,Debit,NO,2,21741.0,2020,No,05,2023,02,2020,535,6736
1615,1,Visa,Debit,YES,1,1741.0,2020,No,09,2020,02,2020,535,4055
1616,0,Mastercard,Debit (Prepaid),YES,2,74.0,2020,No,04,2021,02,2020,536,7637
1617,1,Visa,Credit,NO,1,8700.0,2020,No,02,2024,02,2020,536,6542
1618,2,Mastercard,Debit (Prepaid),YES,1,63.0,2020,No,03,2024,01,2020,536,9881
1619,0,Amex,Credit,YES,2,18400.0,2015,No,10,2022,01,2010,537,2627
1620,1,Visa,Credit,YES,2,9700.0,2019,No,12,2022,04,2019,537,5589
1621,2,Mastercard,Credit,YES,1,13800.0,2017,No,01,2022,07,2009,537,3314
1622,3,Visa,Credit,YES,2,0.0,2011,No,06,2020,06,2009,537,1768
1623,0,Visa,Debit,YES,2,22501.0,2010,No,10,2020,02,2010,538,2153
1624,0,Visa,Debit,YES,2,25307.0,2012,No,09,2013,09,2012,539,1428
1625,1,Visa,Debit,YES,1,23401.0,2011,No,06,2020,10,2008,539,8414
1626,2,Mastercard,Debit,YES,1,34385.0,2016,No,07,2020,01,2016,539,0238
1627,0,Visa,Debit,YES,2,15485.0,2010,No,01,2023,10,2004,540,6123
1628,1,Mastercard,Debit,NO,3,14156.0,2018,No,11,2022,01,2007,540,7393
1629,2,Visa,Credit,YES,2,12400.0,2014,No,11,2021,09,2014,540,8350
1630,3,Mastercard,Debit,YES,2,14850.0,2012,No,05,2024,09,2012,540,2965
1631,0,Mastercard,Debit,YES,1,25093.0,2006,No,10,2023,07,2002,541,8397
1632,0,Mastercard,Debit,NO,1,19991.0,2020,No,01,2020,01,2020,542,5151
1633,0,Mastercard,Debit (Prepaid),YES,2,29.0,2020,No,09,2022,01,2020,543,6695
1634,0,Visa,Debit,YES,2,28422.0,2020,No,08,2023,02,2020,544,3869
1635,1,Visa,Credit,YES,1,10100.0,2020,No,02,2020,02,2020,544,3615
1636,2,Mastercard,Debit (Prepaid),YES,2,40.0,2018,No,12,2023,08,2008,544,2471
1637,0,Visa,Debit,YES,1,12589.0,2011,No,08,2020,01,2009,545,5496
1638,1,Visa,Debit,YES,2,11885.0,2013,No,09,2023,03,2013,545,4716
1639,2,Mastercard,Debit,YES,1,18820.0,2008,No,03,2024,07,2003,545,3600
1640,0,Visa,Debit,YES,2,8562.0,2008,No,06,2020,09,2006,546,8800
1641,1,Visa,Debit,YES,1,5933.0,2009,No,05,2022,11,2007,546,9106
1642,2,Visa,Debit (Prepaid),YES,2,33.0,2018,No,10,2024,06,2002,546,1156
1643,3,Mastercard,Debit,YES,1,10764.0,2007,No,08,2021,06,2005,546,2043
1644,0,Mastercard,Credit,YES,1,8900.0,2020,No,06,2020,02,2020,547,8320
1645,1,Visa,Debit,YES,2,6781.0,2011,No,01,2024,11,2011,547,8211
1646,2,Visa,Debit,YES,2,12116.0,2020,No,01,2020,01,2020,547,2414
1647,0,Mastercard,Debit,YES,2,21131.0,2007,No,08,2021,02,2007,548,8856
1648,1,Mastercard,Debit,YES,2,13383.0,2015,No,06,2015,04,2015,548,2055
1649,2,Mastercard,Debit (Prepaid),YES,1,58.0,2010,No,05,2023,09,2010,548,6869
1650,0,Discover,Credit,YES,2,14600.0,2008,No,02,2021,12,2002,549,8153
1651,0,Amex,Credit,NO,1,6600.0,2020,No,01,2020,01,2020,550,8135
1652,1,Visa,Debit,YES,1,23806.0,2008,No,06,2020,05,1999,550,9194
1653,2,Visa,Debit,YES,2,17082.0,2011,No,11,2022,01,2004,550,7208
1654,3,Mastercard,Debit,YES,1,16422.0,2011,No,09,2024,11,2007,550,5566
1655,4,Mastercard,Debit,YES,1,15353.0,2011,No,04,2024,09,2007,550,2055
1656,5,Mastercard,Debit (Prepaid),YES,1,66.0,2018,No,07,2024,07,2018,550,2298
1657,0,Mastercard,Debit,YES,2,7221.0,2020,No,07,2024,01,2020,551,5168
1658,1,Visa,Debit,YES,2,21032.0,2020,No,07,2022,02,2020,551,1576
1659,0,Mastercard,Credit,YES,1,11900.0,2020,No,09,2022,01,2020,552,8188
1660,1,Visa,Debit,YES,2,15328.0,2020,No,02,2020,01,2020,552,8640
1661,0,Mastercard,Debit,YES,1,15023.0,2011,No,02,2020,01,2011,553,8366
1662,1,Mastercard,Credit,YES,2,8500.0,2008,No,03,2023,10,2008,553,6341
1663,2,Mastercard,Debit,YES,2,17667.0,2011,No,12,2014,07,2010,553,0494
1664,3,Visa,Debit,YES,2,20549.0,2007,No,04,2023,01,2006,553,8646
1665,4,Mastercard,Debit,YES,1,1738.0,2007,No,11,2009,02,1999,553,6719
1666,0,Visa,Debit,YES,1,34013.0,2012,No,11,2020,11,2012,554,8329
1667,1,Mastercard,Debit,YES,1,38290.0,2014,No,12,2022,07,2014,554,2564
1668,2,Mastercard,Debit,YES,1,17718.0,2010,No,12,2018,12,2009,554,1571
1669,3,Mastercard,Debit,NO,1,25878.0,2009,No,01,2020,09,2003,554,1908
1670,4,Mastercard,Debit,YES,1,22858.0,2010,No,03,2013,05,2008,554,2286
1671,0,Mastercard,Debit,NO,1,19913.0,2010,No,09,2024,12,2007,555,7342
1672,0,Mastercard,Debit,YES,1,18648.0,2020,No,06,2022,02,2020,556,3896
1673,0,Mastercard,Debit,YES,1,9676.0,2009,No,01,2023,06,2000,557,7629
1674,1,Visa,Credit,YES,2,4900.0,2004,No,07,2024,07,2002,557,0805
1675,2,Visa,Debit (Prepaid),YES,1,62.0,2011,No,04,2023,02,2011,557,5533
1676,3,Mastercard,Debit,YES,1,17957.0,2014,No,08,2020,06,2014,557,2611
1677,4,Mastercard,Credit,YES,2,13100.0,2008,No,10,2023,07,2008,557,4705
1678,0,Discover,Credit,YES,1,10700.0,2017,No,01,2021,09,2006,558,9142
1679,1,Amex,Credit,YES,1,14400.0,2016,No,04,2022,11,2016,558,3268
1680,2,Amex,Credit,YES,1,20400.0,2016,No,08,2021,09,2005,558,1928
1681,3,Mastercard,Debit,YES,2,1816.0,2009,No,12,2024,08,2005,558,6209
1682,4,Amex,Credit,YES,2,2200.0,2008,No,11,2009,05,2004,558,1447
1683,0,Visa,Credit,YES,2,4600.0,2011,No,01,2020,08,2004,559,7988
1684,0,Visa,Debit (Prepaid),YES,2,91.0,2015,No,12,2022,04,2003,560,8319
1685,1,Mastercard,Credit,NO,2,14400.0,2012,No,02,2024,04,2012,560,8877
1686,2,Visa,Debit,YES,1,18647.0,2007,No,09,2007,02,2005,560,8043
1687,3,Visa,Credit,YES,1,18100.0,2008,No,10,2020,08,2005,560,1363
1688,4,Mastercard,Debit (Prepaid),YES,2,35.0,2009,No,04,2020,06,2009,560,1914
1689,0,Visa,Debit,YES,1,19079.0,2020,No,04,2023,02,2020,561,7366
1690,0,Visa,Debit,YES,1,10686.0,2020,No,02,2020,01,2020,562,1127
1691,1,Visa,Debit,YES,2,30000.0,2020,No,02,2021,02,2020,562,6715
1692,0,Visa,Debit,YES,1,41221.0,2011,No,07,2021,07,2003,563,0270
1693,1,Mastercard,Debit,YES,1,29170.0,2006,No,07,2024,03,2005,563,8340
1694,2,Discover,Credit,YES,3,19800.0,2011,No,04,2022,11,2007,563,5938
1695,3,Visa,Credit,YES,2,14500.0,2007,No,04,2022,05,2002,563,5429
1696,0,Mastercard,Credit,YES,2,12200.0,2015,No,06,2024,09,2015,564,6595
1697,0,Mastercard,Debit,YES,2,1500.0,2018,No,03,2022,02,2006,565,2663
1698,1,Visa,Credit,NO,1,13700.0,2005,No,08,2014,06,2001,565,7714
1699,2,Mastercard,Debit,YES,2,15895.0,2020,No,09,2023,01,2020,565,9485
1700,0,Visa,Credit,YES,1,3000.0,2020,No,04,2020,02,2020,566,6925
1701,0,Mastercard,Debit,YES,1,1470.0,2008,No,06,2021,04,2008,567,9675
1702,1,Visa,Credit,YES,2,5500.0,2010,No,12,2023,12,2005,567,2290
1703,0,Visa,Debit,YES,2,4326.0,2020,No,12,2021,02,2020,568,2796
1704,1,Visa,Credit,YES,2,13600.0,2020,No,05,2023,02,2020,568,6613
1705,2,Mastercard,Debit,YES,1,37002.0,2020,No,01,2022,01,2020,568,7277
1706,0,Visa,Debit,YES,2,9562.0,2011,No,01,2020,09,2008,569,7540
1707,0,Mastercard,Debit,YES,1,18244.0,2012,No,09,2020,07,2012,570,9513
1708,1,Visa,Debit (Prepaid),YES,2,81.0,2015,No,09,2023,09,2015,570,4246
1709,2,Amex,Credit,YES,1,13700.0,2017,No,12,2022,01,2003,570,3829
1710,3,Mastercard,Credit,YES,1,6000.0,2010,No,06,2020,12,2008,570,8438
1711,4,Mastercard,Debit,YES,1,16409.0,2008,No,11,2024,05,1998,570,7379
1712,5,Visa,Debit,YES,2,15822.0,2009,No,03,2022,09,2006,570,4616
1713,0,Mastercard,Debit,YES,2,1447.0,2010,No,09,2023,12,2004,571,8619
1714,1,Mastercard,Credit,YES,3,6600.0,2010,No,05,2020,07,2006,571,6799
1715,0,Visa,Credit,YES,1,15700.0,2011,No,10,2009,07,2006,572,8163
1716,1,Mastercard,Debit,YES,2,26704.0,2018,No,01,2021,06,2018,572,6088
1717,0,Mastercard,Debit,YES,2,43033.0,2013,No,12,2024,04,2007,573,4488
1718,0,Discover,Credit,YES,1,5800.0,2020,No,02,2024,02,2020,574,6902
1719,1,Visa,Credit,YES,1,6900.0,2020,No,07,2023,01,2020,574,4775
1720,0,Mastercard,Debit,YES,1,17432.0,2014,No,02,2022,10,2001,575,7395
1721,0,Mastercard,Debit,YES,1,34453.0,2014,No,12,2024,05,2014,576,0388
1722,1,Mastercard,Credit,YES,1,14800.0,2018,No,04,2023,08,2003,576,8316
1723,2,Visa,Debit,YES,1,2603.0,2012,No,02,2021,10,2005,576,9007
1724,3,Mastercard,Debit,YES,2,11568.0,2008,No,10,2023,03,2006,576,5723
1725,0,Visa,Debit,YES,1,35943.0,2009,No,01,2024,06,2001,577,9455
1726,1,Discover,Credit,YES,1,13600.0,2011,No,01,2019,04,2011,577,9968
1727,2,Mastercard,Debit,YES,2,8671.0,2009,No,03,2022,12,2007,577,9798
1728,0,Visa,Debit,YES,1,24498.0,2012,No,12,2024,06,2012,578,7272
1729,0,Visa,Debit,YES,1,21751.0,2008,No,09,2020,10,2008,579,1122
1730,1,Mastercard,Debit,YES,3,18021.0,2009,No,11,2022,03,2009,579,2106
1731,2,Visa,Debit,YES,2,7830.0,2010,No,01,2023,09,2005,579,1755
1732,0,Mastercard,Debit,YES,2,17980.0,2007,No,12,2021,03,2007,580,6939
1733,1,Visa,Credit,YES,2,9000.0,2008,No,01,2024,09,2006,580,3494
1734,2,Mastercard,Debit,YES,1,16034.0,2013,No,07,2012,11,2004,580,5286
1735,3,Mastercard,Debit,YES,2,323.0,2009,No,12,2022,07,2003,580,8301
1736,4,Visa,Debit,YES,1,6611.0,2008,No,06,2021,07,2008,580,7911
1737,0,Mastercard,Debit,YES,1,14231.0,2010,No,06,2023,10,2002,581,2731
1738,1,Visa,Credit,YES,1,11400.0,2009,No,01,2019,10,2009,581,4817
1739,2,Visa,Credit,YES,2,5900.0,2009,No,10,2021,02,2005,581,6549
1740,0,Visa,Debit,YES,1,3915.0,2010,No,04,2022,09,2010,582,2426
1741,1,Mastercard,Debit,YES,2,8882.0,2015,No,08,2022,06,2009,582,8129
1742,2,Mastercard,Debit,YES,1,1218.0,2012,No,02,2020,08,2011,582,1611
1743,3,Visa,Debit,YES,1,12057.0,2018,No,07,2020,01,2011,582,8665
1744,0,Visa,Debit,YES,2,13435.0,2008,No,01,2023,08,2005,583,6294
1745,1,Mastercard,Debit,NO,2,13055.0,2010,No,03,2024,05,2010,583,3374
1746,2,Mastercard,Debit (Prepaid),YES,2,85.0,2011,No,10,2020,03,2009,583,5769
1747,0,Visa,Credit,YES,3,1200.0,2011,No,04,2021,01,2002,584,8532
1748,1,Visa,Credit,YES,2,10500.0,2010,No,01,2023,03,2002,584,7425
1749,2,Amex,Credit,YES,2,9300.0,2008,No,10,2021,08,2004,584,8985
1750,3,Mastercard,Debit,YES,1,14056.0,2008,No,06,2021,12,2006,584,9732
1751,0,Mastercard,Debit,YES,1,2001.0,2018,No,10,2023,02,2010,585,3680
1752,0,Mastercard,Debit (Prepaid),YES,1,80.0,2020,No,11,2024,01,2020,586,8622
1753,1,Mastercard,Credit,YES,1,19500.0,2020,No,02,2020,02,2020,586,6037
1754,0,Mastercard,Debit,YES,1,14797.0,2020,No,01,2022,02,2020,587,5807
1755,1,Visa,Debit,YES,1,14420.0,2020,No,04,2021,01,2020,587,0472
1756,0,Mastercard,Credit,YES,2,13600.0,2020,No,02,2020,02,2020,588,8576
1757,0,Mastercard,Debit,YES,2,3013.0,2006,No,09,2024,07,2006,589,4378
1758,1,Mastercard,Debit,YES,1,22304.0,2010,No,05,2024,12,2009,589,8881
1759,2,Visa,Debit,YES,3,30242.0,2013,No,10,2021,01,2008,589,8719
1760,3,Visa,Debit,YES,1,12948.0,2008,No,07,2019,10,2008,589,8463
1761,0,Mastercard,Debit,YES,1,20695.0,2020,No,10,2020,02,2020,590,1316
1762,1,Mastercard,Debit,YES,2,23716.0,2020,No,01,2020,01,2020,590,2632
1763,2,Visa,Debit,YES,1,17223.0,2020,No,05,2020,02,2020,590,2508
1764,0,Mastercard,Debit (Prepaid),YES,2,49.0,2010,No,11,2015,09,2006,591,1791
1765,0,Visa,Debit,YES,2,19792.0,2011,No,04,2022,05,2011,592,8642
1766,1,Visa,Debit (Prepaid),YES,2,76.0,2011,No,09,2024,05,2011,592,9340
1767,2,Mastercard,Debit,YES,1,19811.0,2013,No,10,2023,08,2013,592,7835
1768,3,Mastercard,Debit,YES,2,17602.0,2011,No,11,2020,06,2011,592,8194
1769,4,Mastercard,Debit (Prepaid),YES,1,96.0,2011,No,04,2021,11,2007,592,4728
1770,0,Mastercard,Credit,YES,2,36900.0,2020,No,01,2023,02,2020,593,3589
1771,0,Visa,Debit,YES,2,14263.0,2020,No,02,2020,02,2020,594,1087
1772,1,Mastercard,Debit,YES,2,3013.0,2020,No,02,2020,02,2020,594,4231
1773,2,Mastercard,Debit,YES,2,17789.0,2020,No,12,2023,01,2020,594,1134
1774,0,Mastercard,Debit,YES,1,7184.0,2012,No,03,2021,12,2012,595,9170
1775,1,Visa,Debit (Prepaid),YES,1,62.0,2007,No,05,2022,11,2005,595,2218
1776,2,Mastercard,Credit,YES,2,8300.0,2018,No,03,2023,08,2004,595,8258
1777,0,Visa,Credit,YES,1,11900.0,2014,No,04,2022,02,2010,596,8035
1778,1,Visa,Credit,NO,2,2000.0,2010,No,12,2018,07,2010,596,7917
1779,2,Mastercard,Debit,YES,2,12827.0,2014,No,09,2023,08,2014,596,0274
1780,3,Mastercard,Credit,YES,1,10800.0,2012,No,09,2010,04,2008,596,9136
1781,4,Visa,Debit,YES,1,8400.0,2008,No,06,2021,06,2007,596,7400
1782,5,Visa,Credit,YES,2,6700.0,2011,No,10,2011,08,2011,596,8080
1783,0,Mastercard,Debit,YES,2,13417.0,2008,No,10,2021,01,2008,597,2130
1784,0,Visa,Debit (Prepaid),YES,2,60.0,2009,No,10,2021,04,2008,598,2883
1785,1,Visa,Credit,YES,1,10300.0,2016,No,03,2021,05,2003,598,5018
1786,2,Amex,Credit,YES,2,4900.0,2020,No,06,2021,02,2020,598,6517
1787,0,Visa,Debit,YES,2,9073.0,2012,No,12,2015,08,2008,599,2471
1788,1,Visa,Debit,YES,2,19635.0,2018,No,07,2023,05,2007,599,1552
1789,2,Visa,Debit,YES,1,21207.0,2007,No,02,2020,02,2007,599,8054
1790,3,Visa,Credit,YES,1,14000.0,2008,No,12,2023,10,2002,599,4457
1791,4,Discover,Credit,NO,1,14400.0,2011,No,11,2012,09,2003,599,3081
1792,0,Mastercard,Debit (Prepaid),YES,1,72.0,2020,No,06,2020,02,2020,600,1767
1793,1,Visa,Credit,YES,1,24600.0,2011,No,01,2021,01,2007,600,3777
1794,2,Mastercard,Debit,YES,1,43289.0,2017,No,05,2022,05,2005,600,3691
1795,3,Mastercard,Debit,YES,2,16475.0,2009,No,02,2024,04,2008,600,5315
1796,4,Amex,Credit,NO,2,14600.0,2015,No,10,2023,01,2015,600,1258
1797,0,Mastercard,Debit (Prepaid),YES,2,28.0,2020,No,01,2020,01,2020,601,1891
1798,0,Mastercard,Credit,NO,1,12600.0,2012,No,12,2022,09,2010,602,3417
1799,1,Mastercard,Debit,YES,2,15416.0,2014,No,01,2017,01,2006,602,0111
1800,2,Amex,Credit,YES,2,7100.0,2018,No,02,2020,08,2018,602,8381
1801,3,Visa,Credit,YES,2,16200.0,2013,No,05,2023,04,2008,602,5040
1802,0,Mastercard,Debit,YES,1,17689.0,2006,No,02,2020,11,2006,603,6662
1803,1,Mastercard,Debit,NO,1,18090.0,2013,No,11,2020,02,2013,603,3524
1804,2,Visa,Debit,NO,1,16080.0,2018,No,09,2024,07,2018,603,3087
1805,3,Mastercard,Debit,NO,1,17599.0,2016,No,08,2024,05,2016,603,6302
1806,0,Mastercard,Debit,YES,2,12224.0,2006,No,11,2023,12,2005,604,3248
1807,0,Mastercard,Debit,YES,1,8998.0,2020,No,09,2024,01,2020,605,6203
1808,1,Mastercard,Debit,YES,2,10726.0,2014,No,09,2024,06,2014,605,2413
1809,2,Visa,Credit,YES,1,6300.0,2020,No,02,2020,02,2020,605,9532
1810,3,Discover,Credit,YES,2,4400.0,2015,No,01,2020,03,2015,605,1156
1811,0,Mastercard,Debit,YES,2,18089.0,2013,No,03,2020,12,2005,606,9906
1812,1,Mastercard,Debit,YES,1,10683.0,2009,No,04,2020,03,2006,606,1434
1813,2,Visa,Credit,YES,1,14600.0,2014,No,05,2021,07,2014,606,9385
1814,3,Mastercard,Debit (Prepaid),YES,1,94.0,2018,No,01,2019,01,2018,606,7073
1815,4,Mastercard,Debit,YES,1,27308.0,2014,No,08,2024,02,2014,606,3520
1816,5,Visa,Credit,YES,1,17900.0,2008,No,01,2022,07,2008,606,1829
1817,0,Visa,Debit,YES,1,26410.0,2011,No,12,2022,05,2008,607,1819
1818,1,Visa,Credit,YES,2,28600.0,2011,No,10,2011,07,2005,607,1992
1819,2,Mastercard,Debit,YES,2,41057.0,2010,No,10,2019,03,2006,607,1784
1820,3,Visa,Debit,YES,2,3864.0,2015,No,08,2012,05,2010,607,2564
1821,0,Amex,Credit,YES,1,8400.0,2020,No,06,2022,02,2020,608,9170
1822,1,Visa,Debit,YES,1,5024.0,2012,No,05,2022,12,2011,608,7569
1823,2,Visa,Debit,YES,2,10607.0,2020,No,09,2023,02,2020,608,2401
1824,3,Visa,Credit,YES,1,0.0,2012,No,12,2017,10,2012,608,6234
1825,0,Mastercard,Credit,YES,2,10500.0,2014,No,09,2015,08,2014,609,2696
1826,0,Mastercard,Debit,YES,2,19185.0,2020,No,12,2021,01,2020,610,9666
1827,0,Visa,Credit,NO,2,7100.0,2011,No,05,2020,01,2008,611,7396
1828,1,Mastercard,Credit,YES,1,4000.0,2014,No,08,2014,05,2014,611,5874
1829,2,Mastercard,Debit,NO,2,12708.0,2008,No,08,2023,06,2008,611,8528
1830,0,Amex,Credit,YES,2,4400.0,2016,No,02,2022,01,2016,612,6039
1831,1,Visa,Debit,YES,1,16017.0,2013,No,01,2020,05,2013,612,0231
1832,0,Mastercard,Debit,YES,2,2066.0,2020,No,08,2024,01,2020,613,9935
1833,0,Mastercard,Debit,YES,1,16320.0,2011,No,05,2020,12,2011,614,7580
1834,1,Visa,Debit,YES,2,13060.0,2012,No,12,2023,08,2012,614,5194
1835,2,Amex,Credit,YES,2,8900.0,2015,No,03,2022,02,2008,614,4948
1836,3,Visa,Debit,YES,2,10517.0,2014,No,06,2021,08,2010,614,0870
1837,4,Mastercard,Debit,NO,2,13245.0,2012,No,12,2024,06,2010,614,4639
1838,0,Mastercard,Debit (Prepaid),YES,1,90.0,2009,No,01,2023,11,2002,615,9122
1839,1,Mastercard,Debit (Prepaid),YES,1,72.0,2018,No,12,2023,04,2018,615,7462
1840,2,Visa,Debit,YES,1,18280.0,2011,No,04,2013,05,2008,615,9554
1841,3,Mastercard,Credit,NO,1,13600.0,2012,No,11,2021,04,2003,615,0935
1842,0,Visa,Debit,YES,1,12778.0,2010,No,05,2021,05,2005,616,7941
1843,1,Mastercard,Debit,YES,1,12917.0,2013,No,07,2021,07,2013,616,0030
1844,2,Mastercard,Credit,YES,2,6000.0,2010,No,08,2007,01,2004,616,7416
1845,3,Visa,Debit,YES,2,8874.0,2012,No,06,2023,06,2002,616,8284
1846,4,Visa,Debit,YES,2,4322.0,2013,No,09,2015,07,2009,616,6002
1847,5,Mastercard,Debit,YES,1,9219.0,2008,No,05,2024,07,2005,616,9951
1848,6,Mastercard,Debit,YES,1,6088.0,2005,No,09,2021,11,2001,616,1861
1849,0,Amex,Credit,YES,2,20800.0,2020,No,01,2022,02,2020,617,5697
1850,1,Visa,Credit,YES,2,12700.0,2020,No,11,2020,02,2020,617,4984
1851,2,Visa,Debit (Prepaid),YES,2,76.0,2020,No,02,2020,02,2020,617,8696
1852,0,Mastercard,Debit,YES,2,12760.0,2009,No,04,2012,06,2007,618,0211
1853,1,Discover,Credit,YES,1,3600.0,2014,No,09,2021,10,2014,618,9126
1854,2,Mastercard,Debit,NO,2,15894.0,2010,No,09,2023,06,2010,618,7205
1855,0,Visa,Credit,YES,2,11500.0,2020,No,09,2020,02,2020,619,5615
1856,1,Visa,Debit,YES,2,21439.0,2017,No,08,2023,10,2017,619,8675
1857,0,Mastercard,Debit,YES,1,32165.0,2014,No,10,2018,11,2006,620,5905
1858,1,Mastercard,Debit,YES,2,12346.0,2006,No,09,2024,07,1998,620,9846
1859,0,Mastercard,Credit,YES,2,13500.0,2014,No,10,2021,06,2004,621,0628
1860,1,Visa,Credit,YES,2,12700.0,2014,No,07,2023,03,2014,621,2522
1861,2,Visa,Debit,YES,1,29335.0,2020,No,01,2024,02,2020,621,3131
1862,0,Visa,Debit,YES,1,16962.0,2010,No,07,2023,05,2005,622,0410
1863,1,Mastercard,Debit,YES,2,17007.0,2009,No,05,2007,06,2006,622,7794
1864,0,Mastercard,Debit,YES,1,43673.0,2011,No,02,2021,07,2010,623,3147
1865,1,Mastercard,Debit,YES,1,43973.0,2017,No,02,2020,12,2017,623,7025
1866,2,Mastercard,Debit,YES,1,28069.0,2015,No,05,2018,08,2015,623,6083
1867,3,Mastercard,Debit,YES,1,30366.0,2009,No,11,2023,10,2009,623,8586
1868,0,Visa,Debit,YES,2,1241.0,2014,No,05,2020,04,2005,624,0532
1869,0,Mastercard,Debit (Prepaid),YES,1,70.0,2010,No,01,2020,04,2010,625,9405
1870,1,Visa,Debit,YES,1,60610.0,2008,No,08,2022,03,2008,625,9951
1871,2,Mastercard,Debit,YES,1,50961.0,2010,No,05,2022,08,2008,625,0052
1872,3,Visa,Debit,YES,1,31896.0,2014,No,10,2020,08,2014,625,7010
1873,4,Amex,Credit,YES,1,30500.0,2007,No,10,2013,10,2006,625,2355
1874,5,Amex,Credit,YES,2,19300.0,2010,No,10,2015,11,2010,625,2368
1875,6,Mastercard,Credit,YES,1,24600.0,2013,No,06,2006,02,2003,625,4499
1876,0,Amex,Credit,YES,1,15700.0,2013,No,07,2016,05,2007,626,9414
1877,1,Visa,Debit (Prepaid),YES,2,22.0,2016,No,08,2022,10,1999,626,7738
1878,2,Visa,Credit,YES,1,3100.0,2011,No,05,2007,03,2004,626,3948
1879,3,Visa,Debit,YES,1,42241.0,2012,No,04,2019,06,2011,626,4020
1880,4,Visa,Debit,YES,1,25497.0,2012,No,07,2020,12,2000,626,9970
1881,5,Mastercard,Debit,YES,1,28188.0,2020,No,02,2020,02,2020,626,1546
1882,6,Visa,Credit,NO,2,14300.0,2012,No,04,2020,03,2005,626,2282
1883,0,Mastercard,Debit,YES,2,12035.0,2020,No,11,2020,01,2020,627,1845
1884,0,Mastercard,Credit,YES,2,10800.0,2020,No,02,2020,02,2020,628,5674
1885,1,Mastercard,Debit,NO,1,16332.0,2016,No,05,2020,04,2016,628,1933
1886,0,Visa,Debit,YES,2,6724.0,2011,No,12,2021,10,2009,629,9730
1887,1,Mastercard,Debit,YES,2,20933.0,2014,No,12,2023,06,2000,629,2564
1888,0,Mastercard,Debit,YES,1,25253.0,2008,No,08,2020,03,2008,630,0314
1889,1,Visa,Debit,YES,2,13202.0,2011,No,04,2021,02,2011,630,2339
1890,2,Mastercard,Debit (Prepaid),YES,2,78.0,2015,No,03,2020,03,2015,630,1099
1891,3,Mastercard,Debit,YES,1,16441.0,2008,No,01,2021,05,2005,630,8753
1892,0,Mastercard,Credit,YES,2,7200.0,2020,No,02,2021,01,2020,631,7901
1893,0,Mastercard,Debit,YES,1,8342.0,2009,No,09,2023,09,2007,632,8627
1894,1,Mastercard,Credit,YES,2,5700.0,2020,No,09,2021,01,2020,632,0491
1895,0,Visa,Credit,YES,1,14300.0,2010,No,03,2020,04,2010,633,8983
1896,1,Visa,Debit,NO,1,17252.0,2013,No,06,2024,04,2013,633,0749
1897,2,Mastercard,Credit,YES,1,11900.0,2012,No,07,2023,09,2009,633,5208
1898,0,Mastercard,Debit,YES,1,10445.0,2010,No,01,2022,08,2010,634,2494
1899,1,Mastercard,Debit (Prepaid),YES,1,73.0,2010,No,05,2011,08,2010,634,2418
1900,2,Visa,Debit,YES,1,17319.0,2010,No,05,2022,09,2008,634,9238
1901,0,Visa,Credit,YES,2,9400.0,2016,No,02,2020,11,2016,635,4335
1902,1,Discover,Credit,YES,2,8900.0,2014,No,04,2015,05,2011,635,4370
1903,2,Mastercard,Debit,YES,2,9324.0,2009,No,04,2021,11,2008,635,2955
1904,3,Visa,Debit,YES,2,8834.0,2017,No,01,2024,07,2008,635,8418
1905,4,Mastercard,Debit,YES,1,8304.0,2013,No,05,2022,05,2009,635,9617
1906,5,Visa,Credit,YES,1,10900.0,2009,No,07,2023,06,2009,635,5937
1907,0,Visa,Credit,YES,2,9300.0,2006,No,03,2014,02,2000,636,8698
1908,1,Mastercard,Debit,YES,1,10946.0,2012,No,09,2012,05,2012,636,5322
1909,0,Mastercard,Debit,YES,2,24576.0,2020,No,02,2020,02,2020,637,6124
1910,0,Visa,Credit,YES,2,12500.0,2013,No,10,2017,09,2007,638,7717
1911,1,Mastercard,Debit (Prepaid),YES,2,40.0,2009,No,01,2024,08,2008,638,1008
1912,2,Mastercard,Debit,YES,2,21408.0,2015,No,11,2024,08,2010,638,7052
1913,0,Mastercard,Debit,NO,1,9433.0,2009,No,02,2020,02,2004,639,2676
1914,1,Amex,Credit,YES,2,7400.0,2006,No,11,2020,06,2004,639,2151
1915,0,Mastercard,Debit,YES,1,34858.0,2020,No,02,2020,02,2020,640,5107
1916,1,Visa,Debit,NO,1,28147.0,2020,No,02,2020,02,2020,640,8425
1917,0,Mastercard,Debit,YES,1,13857.0,2020,No,08,2022,01,2020,641,6333
1918,1,Mastercard,Debit,YES,2,10236.0,2020,No,09,2021,02,2020,641,9496
1919,0,Mastercard,Credit,YES,1,15700.0,2010,No,04,2024,07,2006,642,6885
1920,1,Mastercard,Debit,YES,2,25080.0,2012,No,05,2021,01,2007,642,4732
1921,2,Mastercard,Debit,YES,2,31604.0,2014,No,06,2012,04,2008,642,1502
1922,3,Mastercard,Credit,YES,2,5600.0,2013,No,10,2015,07,2013,642,2855
1923,4,Mastercard,Debit,YES,1,16220.0,2014,No,03,2022,11,2014,642,9035
1924,5,Mastercard,Debit,YES,1,44568.0,2011,No,11,2021,05,2009,642,3910
1925,6,Mastercard,Credit,YES,2,12500.0,2009,No,07,2012,01,2009,642,3274
1926,7,Mastercard,Credit,YES,2,12200.0,2009,No,04,2015,09,2009,642,9032
1927,0,Visa,Debit,YES,2,27220.0,2020,No,06,2021,02,2020,643,1768
1928,1,Mastercard,Debit,YES,2,14303.0,2020,No,12,2024,02,2020,643,7737
1929,0,Visa,Debit,YES,2,10289.0,2013,No,08,2020,06,2013,644,6826
1930,1,Mastercard,Debit,YES,2,10618.0,2009,No,06,2019,02,2009,644,4995
1931,2,Mastercard,Debit,YES,2,10909.0,2009,No,05,2010,06,2009,644,9376
1932,0,Visa,Debit,YES,2,31554.0,2010,No,02,2023,02,2010,645,6728
1933,0,Visa,Debit,YES,1,35148.0,2020,No,02,2020,01,2020,646,7286
1934,1,Mastercard,Debit,YES,2,35968.0,2012,No,02,2020,07,2012,646,1462
1935,2,Amex,Credit,YES,1,30900.0,2016,No,07,2022,05,2010,646,0440
1936,0,Visa,Debit,YES,1,22122.0,2015,No,12,2017,10,2015,647,7744
1937,1,Mastercard,Debit,YES,1,21240.0,2006,No,01,2023,09,2004,647,2881
1938,2,Visa,Debit,YES,2,33181.0,2013,No,07,2023,09,2013,647,4504
1939,3,Visa,Credit,YES,2,13900.0,2008,No,11,2016,06,2008,647,3251
1940,0,Visa,Debit,YES,2,18316.0,2017,No,12,2018,04,2017,648,4976
1941,1,Visa,Debit,YES,1,14858.0,2016,No,05,2024,06,2016,648,1852
1942,2,Visa,Debit,YES,1,21414.0,2008,No,10,2022,11,2007,648,6165
1943,3,Discover,Credit,YES,1,14900.0,2010,No,07,2021,09,2010,648,5670
1944,4,Mastercard,Debit,YES,1,12992.0,2015,No,06,2020,07,2007,648,8610
1945,0,Mastercard,Credit,YES,1,8300.0,2013,No,02,2020,08,2008,649,5508
1946,1,Mastercard,Debit (Prepaid),YES,1,56.0,2008,No,04,2011,03,2004,649,0437
1947,2,Visa,Debit,YES,2,5283.0,2010,No,09,2023,03,2008,649,7245
1948,3,Discover,Credit,YES,2,10600.0,2008,No,03,2012,03,2005,649,0778
1949,0,Mastercard,Debit,YES,1,5158.0,2020,No,03,2023,01,2020,650,5934
1950,0,Visa,Debit,YES,1,30320.0,2018,No,02,2021,08,2018,651,0471
1951,1,Mastercard,Credit,YES,1,14200.0,2011,No,11,2022,02,2008,651,5414
1952,2,Visa,Debit,YES,1,28911.0,2011,No,03,2021,04,2004,651,4983
1953,0,Mastercard,Debit,YES,2,65185.0,2020,No,04,2023,02,2020,652,5808
1954,1,Mastercard,Debit,YES,1,36570.0,2019,No,08,2022,12,2019,652,9411
1955,0,Mastercard,Debit,YES,1,14138.0,2011,No,12,2006,12,2006,653,6166
1956,0,Visa,Debit,YES,1,21752.0,2020,No,06,2020,02,2020,654,3650
1957,1,Visa,Debit,YES,2,23137.0,2020,No,06,2020,01,2020,654,7340
1958,0,Visa,Debit,YES,1,32808.0,2012,No,01,2021,11,2006,655,5351
1959,0,Mastercard,Debit,NO,1,29674.0,2020,No,02,2020,01,2020,656,0885
1960,0,Visa,Credit,YES,2,24300.0,2007,No,10,2021,10,2003,657,3107
1961,0,Visa,Debit,YES,2,17280.0,2014,No,01,2024,11,2003,658,4257
1962,1,Visa,Debit,YES,2,4660.0,2013,No,11,2022,08,2010,658,2211
1963,2,Mastercard,Debit,YES,2,12557.0,2013,No,03,2011,01,2008,658,2898
1964,0,Visa,Debit,YES,2,49425.0,2014,No,03,2024,11,2014,659,6411
1965,1,Mastercard,Debit,YES,1,47330.0,2013,No,02,2024,07,2013,659,9559
1966,2,Mastercard,Debit,YES,2,50774.0,2012,No,02,2020,07,2012,659,2208
1967,3,Amex,Credit,YES,1,22800.0,2008,No,12,2022,03,2008,659,9868
1968,4,Mastercard,Debit,YES,2,75640.0,2009,No,12,2009,11,2003,659,1630
1969,5,Visa,Debit,YES,1,65540.0,2012,No,12,2024,05,2007,659,7220
1970,0,Visa,Debit,YES,2,16998.0,2020,No,09,2023,02,2020,660,9764
1971,0,Visa,Credit,YES,2,12300.0,2020,No,02,2023,01,2020,661,3284
1972,1,Visa,Credit,NO,1,17100.0,2020,No,05,2021,02,2020,661,0879
1973,0,Mastercard,Debit,YES,2,23039.0,2010,No,02,2020,01,2010,662,9023
1974,1,Mastercard,Debit,YES,1,17795.0,2012,No,04,2023,01,2012,662,5392
1975,2,Mastercard,Credit,YES,2,9000.0,2011,No,12,2022,03,2009,662,7314
1976,3,Visa,Debit,YES,1,14424.0,2010,No,05,2008,11,2007,662,0735
1977,4,Visa,Credit,YES,2,5700.0,2011,No,08,2022,07,2009,662,5505
1978,5,Mastercard,Debit,NO,1,14626.0,2014,No,12,2014,07,2014,662,7223
1979,0,Visa,Credit,YES,1,200.0,2012,No,01,2023,02,2012,663,2009
1980,1,Mastercard,Debit,YES,1,282.0,2009,No,07,2021,12,2007,663,8885
1981,2,Mastercard,Debit,YES,2,350.0,2011,No,12,2019,03,2005,663,8995
1982,0,Mastercard,Debit,NO,2,42537.0,2010,No,08,2020,09,2010,664,8537
1983,1,Visa,Debit,YES,1,21073.0,2011,No,05,2021,11,2007,664,7253
1984,0,Amex,Credit,YES,1,14600.0,2020,No,05,2022,02,2020,665,0025
1985,1,Mastercard,Debit,YES,2,10722.0,2020,No,10,2024,02,2020,665,7284
1986,0,Visa,Debit,NO,2,27618.0,2020,No,02,2024,02,2020,666,9908
1987,1,Mastercard,Debit,YES,1,27180.0,2011,No,04,2020,09,2011,666,0717
1988,0,Mastercard,Debit,YES,2,10522.0,2020,No,01,2020,01,2020,667,9760
1989,0,Mastercard,Debit,NO,2,18555.0,2011,No,04,2020,11,2002,668,2587
1990,1,Mastercard,Debit,NO,1,16746.0,2012,No,11,2020,07,2012,668,1392
1991,2,Mastercard,Debit,YES,1,15974.0,2013,No,02,2018,09,2013,668,5059
1992,0,Mastercard,Debit,YES,2,17417.0,2009,No,11,2024,05,2008,669,6723
1993,1,Visa,Debit,YES,2,519.0,2020,No,05,2022,02,2020,669,6841
1994,0,Mastercard,Credit,YES,1,11500.0,2013,No,07,2009,12,2005,670,9052
1995,1,Visa,Credit,YES,1,10100.0,2011,No,08,2022,07,2010,670,7881
1996,2,Mastercard,Debit,YES,2,26174.0,2011,No,08,2014,10,2010,670,7942
1997,3,Visa,Credit,YES,2,16400.0,2011,No,02,2024,03,2001,670,2581
1998,0,Visa,Credit,YES,1,8000.0,2020,No,09,2020,02,2020,671,0504
1999,1,Visa,Credit,YES,2,9800.0,2020,No,11,2021,01,2020,671,5626
2000,2,Mastercard,Debit,YES,1,24645.0,2015,No,09,2021,02,2015,671,3547
2001,3,Visa,Debit,YES,2,14805.0,2018,No,12,2018,12,2018,671,7785
2002,0,Visa,Credit,NO,1,3100.0,2006,No,01,2019,09,2006,672,2523
2003,0,Mastercard,Debit,YES,2,6710.0,2013,No,03,2024,04,2005,673,1167
2004,1,Mastercard,Debit,YES,2,7176.0,2012,No,03,2018,06,2002,673,6738
2005,2,Visa,Credit,YES,2,8000.0,2008,No,08,2021,03,2003,673,9954
2006,0,Mastercard,Debit (Prepaid),YES,2,64.0,2006,No,09,2024,03,2001,674,6475
2007,0,Visa,Credit,YES,2,16400.0,2009,No,09,2022,07,2009,675,8876
2008,1,Mastercard,Debit,YES,2,2536.0,2008,No,10,2022,09,2008,675,8085
2009,2,Mastercard,Debit,YES,1,30403.0,2014,No,11,2023,02,2009,675,6027
2010,3,Mastercard,Debit,NO,1,32636.0,2016,No,02,2024,09,2006,675,8028
2011,4,Mastercard,Debit,YES,2,2536.0,2009,No,09,2020,05,2009,675,9713
2012,0,Mastercard,Debit,YES,2,23072.0,2016,No,02,2020,05,2016,676,7039
2013,1,Mastercard,Debit,YES,1,20881.0,2014,No,06,2022,11,2014,676,0173
2014,0,Visa,Debit,YES,1,12325.0,2009,No,01,2021,05,2009,677,2954
2015,1,Visa,Debit (Prepaid),YES,1,47.0,2013,No,09,2022,01,2004,677,5308
2016,2,Visa,Debit,YES,2,3433.0,2007,No,11,2020,05,2007,677,8396
2017,0,Visa,Credit,YES,1,16900.0,2014,No,05,2024,06,2005,678,8594
2018,1,Visa,Debit (Prepaid),YES,2,31.0,2013,No,01,2021,10,2005,678,4061
2019,2,Visa,Credit,YES,2,17700.0,2011,No,02,2024,12,2008,678,8522
2020,3,Mastercard,Debit,NO,1,23995.0,2014,No,11,2016,10,2014,678,9221
2021,4,Visa,Credit,YES,1,16900.0,2010,No,12,2024,05,2010,678,6622
2022,0,Mastercard,Debit (Prepaid),NO,1,60.0,2012,No,07,2013,11,2012,679,0522
2023,1,Visa,Credit,YES,1,7000.0,2020,No,01,2023,01,2020,679,7234
2024,2,Mastercard,Debit,YES,2,7139.0,2020,No,03,2023,01,2020,679,5159
2025,3,Discover,Credit,YES,2,5200.0,2011,No,03,2024,07,2011,679,7188
2026,4,Mastercard,Debit,YES,1,10199.0,2020,No,09,2021,01,2020,679,2703
2027,5,Mastercard,Credit,YES,1,9800.0,2009,No,02,2024,09,2009,679,5520
2028,0,Mastercard,Debit,YES,2,21417.0,2010,No,05,2021,11,2010,680,4357
2029,1,Mastercard,Credit,YES,1,14600.0,2018,No,07,2023,05,2011,680,5905
2030,2,Visa,Debit,NO,2,23898.0,2011,No,05,2023,08,2011,680,2780
2031,3,Mastercard,Credit,YES,2,18200.0,2008,No,11,2007,06,2007,680,9488
2032,0,Mastercard,Debit,YES,2,16034.0,2010,No,05,2022,05,2010,681,3413
2033,1,Mastercard,Debit,YES,2,24775.0,2010,No,03,2022,03,2004,681,3227
2034,2,Mastercard,Debit,YES,2,1976.0,2008,No,06,2022,10,2000,681,4954
2035,0,Mastercard,Credit,YES,2,15900.0,2020,No,04,2024,01,2020,682,7638
2036,1,Visa,Debit,YES,2,27623.0,2018,No,06,2020,02,2010,682,2158
2037,2,Mastercard,Debit,YES,1,17584.0,2020,No,12,2021,02,2020,682,7735
2038,0,Mastercard,Debit,YES,1,56640.0,2013,No,03,2018,04,2013,683,6255
2039,1,Visa,Debit,YES,1,39553.0,2020,No,10,2022,02,2020,683,2515
2040,2,Visa,Debit,YES,2,42218.0,2020,No,10,2022,01,2020,683,2789
2041,0,Mastercard,Credit,YES,1,21900.0,2012,No,05,2021,09,2012,684,5074
2042,1,Visa,Credit,YES,2,18700.0,2009,No,01,2014,12,2007,684,3808
2043,2,Visa,Credit,YES,2,29200.0,2010,No,02,2021,05,2000,684,8963
2044,3,Discover,Credit,YES,1,26600.0,2009,No,06,2024,07,2005,684,6471
2045,4,Visa,Debit,YES,2,17280.0,2012,No,10,2021,01,2006,684,2065
2046,0,Visa,Debit,YES,1,14761.0,2011,No,02,2020,10,2006,685,5474
2047,1,Visa,Debit,YES,1,15158.0,2014,No,08,2022,01,2014,685,9366
2048,2,Visa,Debit,YES,1,16464.0,2009,No,06,2021,09,2008,685,6276
2049,3,Mastercard,Debit,YES,2,19100.0,2007,No,11,2017,11,2006,685,6847
2050,4,Mastercard,Debit,YES,1,19332.0,2012,No,03,2022,11,2012,685,1005
2051,0,Mastercard,Debit,YES,2,39431.0,2016,No,01,2020,10,2009,686,0761
2052,0,Mastercard,Credit,NO,1,9800.0,2015,No,10,2024,09,2007,687,8920
2053,1,Mastercard,Debit,YES,1,1866.0,2014,No,09,2020,12,2007,687,9703
2054,0,Visa,Debit (Prepaid),YES,1,64.0,2011,No,10,2024,12,2011,688,9430
2055,1,Mastercard,Credit,YES,2,9600.0,2013,No,04,2021,08,2005,688,1850
2056,2,Visa,Debit,YES,1,10000.0,2012,No,06,2023,03,2009,688,0210
2057,0,Discover,Credit,YES,1,7600.0,2011,No,03,2021,08,2004,689,0937
2058,1,Mastercard,Debit (Prepaid),YES,2,44.0,2012,No,09,2024,02,2002,689,2087
2059,2,Visa,Debit,YES,1,12519.0,2009,No,10,2020,08,2007,689,8975
2060,3,Mastercard,Debit,YES,1,4067.0,2020,No,02,2010,05,2004,689,6398
2061,4,Visa,Debit,YES,2,367.0,2015,No,10,2016,02,2010,689,1083
2062,5,Mastercard,Credit,YES,2,9400.0,2013,No,09,2017,02,2013,689,7819
2063,0,Mastercard,Debit,YES,1,15579.0,2020,No,01,2022,01,2020,690,1908
2064,0,Visa,Credit,YES,1,11500.0,2009,No,09,2006,10,2002,691,6900
2065,1,Discover,Credit,NO,2,9500.0,2011,No,09,2021,11,2011,691,1134
2066,2,Visa,Debit,YES,1,13356.0,2007,No,01,2023,02,2007,691,8642
2067,3,Visa,Debit,YES,1,16385.0,2011,No,02,2020,04,2003,691,1600
2068,0,Visa,Credit,YES,2,12500.0,2013,No,11,2023,01,2013,692,7759
2069,1,Amex,Credit,YES,1,13700.0,2013,No,05,2017,08,2009,692,1872
2070,0,Mastercard,Debit,YES,1,37303.0,2011,No,10,2021,10,2008,693,0630
2071,1,Visa,Credit,YES,1,16900.0,2014,No,04,2015,04,2005,693,7658
2072,2,Mastercard,Debit,YES,2,33723.0,2010,No,11,2020,07,2008,693,6120
2073,3,Discover,Credit,YES,2,14600.0,2015,No,09,2022,07,2015,693,7215
2074,4,Mastercard,Debit,YES,1,38084.0,2010,No,03,2022,03,2009,693,0618
2075,5,Visa,Credit,YES,2,22300.0,2014,No,01,2021,12,2005,693,7224
2076,0,Mastercard,Debit,YES,2,62760.0,2010,No,11,2024,11,2004,694,6865
2077,1,Mastercard,Debit (Prepaid),YES,1,62.0,2009,No,06,2022,06,2009,694,8453
2078,2,Visa,Debit (Prepaid),YES,1,76.0,2011,No,08,2023,12,2007,694,6561
2079,3,Mastercard,Debit,YES,1,98334.0,2007,No,04,2014,03,2003,694,7778
2080,4,Mastercard,Debit,YES,2,141391.0,2005,No,04,2021,06,2005,694,4998
2081,5,Visa,Debit,YES,1,78790.0,2011,No,07,2022,03,1997,694,0532
2082,0,Mastercard,Debit,NO,2,15292.0,2011,No,09,2024,06,2008,695,3985
2083,1,Mastercard,Debit,YES,3,11696.0,2015,No,10,2012,02,2008,695,7811
2084,0,Amex,Credit,YES,2,11400.0,2020,No,09,2024,02,2020,696,4400
2085,1,Mastercard,Debit (Prepaid),YES,2,0.0,2020,No,02,2020,02,2020,696,2478
2086,2,Visa,Debit,YES,2,10198.0,2013,No,01,2024,12,2010,696,4390
2087,3,Visa,Credit,YES,1,1800.0,2013,No,02,2021,12,2013,696,4007
2088,0,Mastercard,Debit,YES,1,5716.0,2020,No,12,2021,12,2010,697,8390
2089,0,Discover,Credit,YES,3,22400.0,2015,No,05,2020,05,2004,698,6200
2090,1,Mastercard,Debit,YES,2,16872.0,2010,No,09,2021,04,2006,698,8545
2091,2,Visa,Debit,YES,2,7202.0,2016,No,06,2018,12,2001,698,2874
2092,0,Mastercard,Debit,YES,1,15516.0,2020,No,11,2022,02,2020,699,0153
2093,1,Mastercard,Debit,YES,1,18462.0,2020,No,08,2021,02,2020,699,9139
2094,0,Discover,Credit,YES,1,7800.0,2008,No,08,2023,10,2005,700,7333
2095,1,Mastercard,Debit (Prepaid),YES,2,64.0,2015,No,11,2022,01,2015,700,4583
2096,2,Amex,Credit,YES,2,15400.0,2015,No,08,2023,06,2008,700,3597
2097,3,Mastercard,Debit (Prepaid),YES,1,12.0,2012,No,02,2012,10,2003,700,9260
2098,0,Mastercard,Credit,YES,1,5900.0,2020,No,02,2024,02,2020,701,6070
2099,1,Mastercard,Credit,YES,1,7900.0,2011,No,02,2020,05,2011,701,8834
2100,0,Mastercard,Debit (Prepaid),NO,1,83.0,2020,No,04,2022,02,2020,702,6909
2101,1,Mastercard,Credit,YES,2,6200.0,2020,No,04,2024,02,2020,702,9040
2102,0,Mastercard,Debit,YES,2,2072.0,2010,No,04,2022,08,2010,703,0370
2103,1,Mastercard,Debit,YES,2,10224.0,2016,No,07,2024,06,2010,703,2892
2104,2,Visa,Debit (Prepaid),YES,2,49.0,2010,No,11,2019,10,2010,703,9829
2105,0,Visa,Credit,YES,1,7700.0,2010,No,01,2022,04,2010,704,6432
2106,1,Mastercard,Debit,YES,1,16266.0,2007,No,05,2023,04,2006,704,8725
2107,2,Mastercard,Debit (Prepaid),YES,2,9.0,2015,No,12,2015,03,2007,704,9902
2108,3,Visa,Debit,YES,2,5141.0,2010,No,02,2021,03,2010,704,5486
2109,4,Visa,Credit,YES,1,5800.0,2019,No,09,2022,01,2019,704,5596
2110,0,Mastercard,Debit,YES,2,1990.0,2020,No,06,2024,02,2020,705,3944
2111,0,Amex,Credit,YES,1,13900.0,2010,No,08,2010,10,2004,706,5605
2112,1,Visa,Credit,YES,2,19700.0,2011,No,07,2022,05,2002,706,9651
2113,2,Visa,Debit,YES,2,29740.0,2011,No,09,2020,12,2006,706,9377
2114,3,Visa,Debit,YES,2,30039.0,2010,No,07,2023,02,1998,706,1741
2115,0,Mastercard,Credit,YES,1,16800.0,2012,No,11,2020,04,2012,707,3511
2116,1,Visa,Debit,YES,1,17010.0,2011,No,08,2021,12,2011,707,2000
2117,2,Discover,Credit,YES,2,22800.0,2016,No,01,2014,12,2004,707,4021
2118,0,Visa,Debit,YES,1,21086.0,2013,No,12,2022,05,2013,708,5757
2119,1,Mastercard,Debit,YES,1,14531.0,2014,No,08,2015,06,2014,708,4192
2120,0,Mastercard,Credit,NO,2,8900.0,2016,No,12,2024,09,2016,709,3880
2121,1,Visa,Credit,YES,1,10000.0,2016,No,05,2013,06,2009,709,7087
2122,0,Mastercard,Debit,YES,1,14227.0,2012,No,04,2022,10,2011,710,7779
2123,1,Discover,Credit,YES,2,11200.0,2010,No,04,2021,11,2010,710,6180
2124,2,Amex,Credit,YES,1,9500.0,2010,No,02,2020,04,2007,710,2734
2125,0,Visa,Credit,YES,1,5200.0,2020,No,01,2020,01,2020,711,4994
2126,1,Visa,Debit (Prepaid),YES,1,111.0,2019,No,04,2019,02,2019,711,0971
2127,0,Mastercard,Debit,YES,1,14532.0,2020,No,06,2021,12,2009,712,3281
2128,1,Mastercard,Debit,YES,1,30044.0,2011,No,10,2024,10,2007,712,5010
2129,0,Mastercard,Debit,YES,2,21749.0,2020,No,07,2021,01,2020,713,8911
2130,1,Amex,Credit,YES,2,15800.0,2020,No,02,2020,02,2020,713,8911
2131,2,Mastercard,Debit (Prepaid),YES,2,22.0,2020,No,07,2022,01,2020,713,5474
2132,3,Discover,Credit,YES,1,14300.0,2020,No,02,2020,01,2020,713,9446
2133,0,Mastercard,Debit,YES,1,14270.0,2014,No,02,2024,12,2002,714,5582
2134,0,Mastercard,Debit,YES,2,23189.0,2008,No,05,2011,12,2007,715,0364
2135,1,Mastercard,Debit,YES,1,20612.0,2019,No,01,2021,03,2019,715,8503
2136,2,Mastercard,Debit,YES,2,22424.0,2020,No,11,2021,02,2020,715,1116
2137,3,Mastercard,Debit,YES,1,17748.0,2019,No,10,2019,10,2019,715,1631
2138,0,Mastercard,Debit,YES,1,3039.0,2008,No,06,2022,08,2008,716,7145
2139,0,Mastercard,Debit,YES,1,39751.0,2007,No,05,2020,05,2006,717,2748
2140,1,Mastercard,Debit,YES,1,27876.0,2015,No,12,2015,12,2015,717,9686
2141,2,Mastercard,Debit,YES,2,21743.0,2007,No,11,2023,08,2007,717,5392
2142,3,Mastercard,Debit,YES,2,21120.0,2016,No,08,2023,09,2016,717,6088
2143,4,Mastercard,Debit,YES,1,29828.0,2011,No,07,2020,07,2010,717,4284
2144,0,Mastercard,Debit,NO,1,9740.0,2020,No,11,2021,02,2020,718,2435
2145,0,Discover,Credit,YES,2,14600.0,2014,No,04,2007,03,2006,719,3547
2146,1,Amex,Credit,YES,2,1400.0,2009,No,04,2023,05,2005,719,0381
2147,2,Mastercard,Debit,YES,1,18552.0,2014,No,03,2014,02,2014,719,9658
2148,0,Mastercard,Debit,YES,2,14624.0,2015,No,02,2020,07,2011,720,5240
2149,1,Amex,Credit,YES,2,2600.0,2015,No,12,2022,05,2015,720,1702
2150,2,Visa,Debit (Prepaid),YES,3,84.0,2020,No,06,2022,02,2020,720,1284
2151,3,Visa,Debit,NO,1,9915.0,2016,No,02,2020,05,2016,720,4543
2152,0,Mastercard,Debit,YES,2,9094.0,2011,No,01,2021,03,1993,721,8668
2153,1,Visa,Debit,YES,1,16513.0,2011,No,12,2020,01,2007,721,9951
2154,2,Discover,Credit,YES,1,8700.0,2020,No,02,2020,02,2020,721,8526
2155,0,Mastercard,Debit,YES,1,19952.0,2020,No,08,2021,02,2020,722,6538
2156,1,Visa,Debit,YES,1,17804.0,2020,No,11,2022,01,2020,722,6597
2157,0,Mastercard,Debit,YES,1,33150.0,2020,No,08,2023,01,2020,723,3255
2158,1,Mastercard,Debit (Prepaid),NO,1,57.0,2020,No,02,2020,02,2020,723,7212
2159,2,Mastercard,Debit (Prepaid),YES,1,55.0,2011,No,11,2022,10,2011,723,1207
2160,0,Mastercard,Debit,YES,2,8668.0,2020,No,02,2020,02,2020,724,7619
2161,1,Mastercard,Credit,YES,2,10200.0,2020,No,02,2020,02,2020,724,6470
2162,0,Mastercard,Debit,YES,1,48344.0,2006,No,10,2020,12,2006,725,0106
2163,1,Visa,Debit,YES,2,25020.0,2011,No,07,2020,05,2011,725,5929
2164,0,Mastercard,Debit,YES,1,19573.0,2016,No,09,2023,01,2016,726,7489
2165,1,Visa,Credit,NO,2,16500.0,2011,No,05,2022,12,2003,726,1790
2166,0,Amex,Credit,YES,1,11000.0,2010,No,02,2022,02,2008,727,6675
2167,1,Discover,Credit,YES,2,10200.0,2011,No,04,2022,12,1997,727,7326
2168,2,Visa,Credit,YES,2,12800.0,2006,No,04,2020,07,2004,727,2129
2169,3,Mastercard,Debit,YES,2,14029.0,2010,No,01,2022,09,2009,727,9106
2170,4,Mastercard,Debit,YES,2,11641.0,2010,No,08,2022,05,2006,727,6623
2171,0,Mastercard,Debit,YES,1,15568.0,2020,No,01,2020,01,2020,728,3269
2172,1,Visa,Debit,YES,1,19746.0,2014,No,06,2022,07,2014,728,2808
2173,2,Visa,Debit,NO,1,17682.0,2012,No,07,2020,02,2012,728,4938
2174,0,Visa,Debit,YES,1,19893.0,2020,No,09,2021,01,2020,729,4733
2175,1,Visa,Debit (Prepaid),YES,2,69.0,2020,No,08,2024,02,2020,729,4449
2176,2,Mastercard,Debit,YES,2,21800.0,2020,No,10,2024,02,2020,729,9239
2177,3,Visa,Debit,YES,2,24759.0,2020,No,04,2023,02,2020,729,5657
2178,4,Visa,Debit,YES,2,644.0,2020,No,08,2023,01,2020,729,9148
2179,5,Visa,Credit,YES,2,6100.0,2020,No,10,2021,01,2020,729,8003
2180,0,Visa,Credit,NO,2,4400.0,2017,No,11,2023,07,2017,730,6632
2181,1,Visa,Debit,YES,1,34886.0,2010,No,12,1999,08,1999,730,1953
2182,2,Visa,Debit,YES,1,20779.0,2015,No,06,2021,01,2015,730,6314
2183,3,Visa,Debit,YES,2,32922.0,2020,No,01,2020,01,2020,730,6075
2184,4,Visa,Debit,YES,2,42491.0,2012,No,01,2019,05,2012,730,8531
2185,5,Mastercard,Debit,YES,1,24550.0,2012,No,11,2023,08,2012,730,1624
2186,6,Mastercard,Debit,YES,1,36309.0,2006,No,04,2023,05,2003,730,0542
2187,7,Mastercard,Debit,YES,2,27817.0,2019,No,03,2023,10,2019,730,9981
2188,8,Mastercard,Debit,YES,1,28912.0,2012,No,05,2021,11,2005,730,2779
2189,0,Discover,Credit,YES,2,4500.0,2020,No,01,2020,01,2020,731,9183
2190,1,Visa,Credit,YES,1,17500.0,2020,No,01,2023,01,2020,731,3192
2191,2,Visa,Credit,YES,1,19100.0,2020,No,07,2023,01,2020,731,5736
2192,3,Amex,Credit,YES,1,15100.0,2020,No,01,2020,01,2020,731,6942
2193,0,Mastercard,Debit (Prepaid),YES,1,66.0,2011,No,03,2019,10,2002,732,4598
2194,1,Amex,Credit,YES,2,13000.0,2009,No,06,2024,11,2009,732,6142
2195,2,Visa,Debit,YES,2,20428.0,2009,No,03,2021,03,2006,732,1814
2196,3,Amex,Credit,YES,2,8600.0,2009,No,12,2021,12,2004,732,9651
2197,0,Visa,Debit,YES,1,7225.0,2020,No,05,2021,02,2020,733,0817
2198,1,Mastercard,Debit (Prepaid),YES,2,104.0,2020,No,10,2022,02,2020,733,7358
2199,0,Mastercard,Debit,YES,1,27762.0,2014,No,10,2021,02,2014,734,2552
2200,1,Visa,Credit,NO,1,9300.0,2020,No,11,2020,02,2020,734,1298
2201,0,Mastercard,Debit (Prepaid),YES,2,104.0,2019,No,01,2020,07,2019,735,0791
2202,1,Mastercard,Debit,YES,1,16102.0,2017,No,01,2019,08,2017,735,8309
2203,2,Visa,Debit,YES,1,14995.0,2014,No,09,2024,10,2014,735,7906
2204,3,Mastercard,Debit,NO,1,20998.0,2008,No,10,2011,11,2008,735,5089
2205,0,Mastercard,Debit,YES,2,17846.0,2020,No,02,2020,02,2020,736,0826
2206,1,Visa,Credit,YES,2,6100.0,2015,No,09,2021,04,2015,736,3766
2207,2,Visa,Debit,YES,2,22077.0,2020,No,02,2021,01,2020,736,0420
2208,0,Mastercard,Credit,YES,1,6900.0,2009,No,10,2021,09,1995,737,0670
2209,1,Mastercard,Debit,YES,1,11679.0,2011,No,12,2016,10,2011,737,4252
2210,2,Visa,Credit,YES,1,10100.0,2013,No,11,2024,04,2005,737,8212
2211,0,Visa,Credit,YES,1,13400.0,2020,No,04,2020,01,2020,738,5013
2212,1,Mastercard,Debit,YES,1,21792.0,2013,No,10,2023,09,2010,738,6656
2213,0,Mastercard,Debit,NO,2,18856.0,2020,No,09,2021,01,2020,739,8750
2214,1,Mastercard,Debit (Prepaid),YES,1,77.0,2018,No,11,2021,06,2018,739,5036
2215,0,Mastercard,Debit,NO,1,33557.0,2013,No,04,2023,04,2007,740,0871
2216,1,Mastercard,Debit (Prepaid),NO,1,19.0,2020,No,11,2022,01,2020,740,1411
2217,0,Mastercard,Debit,YES,1,18784.0,2012,No,06,2023,12,2012,741,4018
2218,1,Mastercard,Debit,YES,1,16668.0,2009,No,02,2021,04,2009,741,1648
2219,2,Visa,Credit,YES,1,10300.0,2010,No,10,2022,09,2010,741,5856
2220,3,Visa,Debit,YES,2,12460.0,2010,No,11,2017,10,2010,741,9380
2221,0,Mastercard,Debit (Prepaid),YES,1,78.0,2018,No,12,2019,04,2018,742,2926
2222,0,Mastercard,Credit,YES,3,9200.0,2009,No,07,2021,05,2006,743,0443
2223,1,Mastercard,Debit,NO,2,21166.0,2013,No,05,2018,03,2013,743,2389
2224,2,Mastercard,Debit (Prepaid),YES,1,61.0,2011,No,03,2020,07,2006,743,1214
2225,0,Visa,Credit,YES,2,7600.0,2020,No,10,2022,02,2020,744,5842
2226,0,Visa,Credit,YES,2,1100.0,2020,No,06,2022,02,2020,745,2148
2227,1,Mastercard,Debit,YES,1,20576.0,2020,No,04,2021,01,2020,745,7430
2228,2,Mastercard,Debit,YES,1,13254.0,2016,No,11,2022,11,2016,745,0418
2229,3,Mastercard,Debit,YES,2,12887.0,2016,No,09,2023,02,2016,745,3655
2230,0,Mastercard,Credit,YES,2,26800.0,2016,No,03,2018,02,2016,746,1960
2231,1,Mastercard,Debit,NO,1,62861.0,2013,No,05,2023,09,2013,746,4385
2232,2,Visa,Debit,NO,1,61399.0,2011,No,07,2015,02,2011,746,8359
2233,0,Mastercard,Debit,YES,2,1513.0,2008,No,07,2013,05,2005,747,4652
2234,1,Mastercard,Debit,YES,2,14767.0,2012,No,10,2020,10,2001,747,5200
2235,0,Visa,Debit,YES,1,23781.0,2012,No,02,2022,04,2012,748,9677
2236,1,Visa,Debit,YES,1,26891.0,2010,No,06,2008,04,2008,748,1776
2237,2,Visa,Debit,YES,1,32285.0,2016,No,05,2018,12,2016,748,8861
2238,3,Visa,Debit,YES,1,30650.0,2012,No,04,2021,12,2012,748,0661
2239,4,Visa,Credit,YES,2,14200.0,2006,No,04,2022,01,2002,748,2647
2240,0,Mastercard,Debit,YES,1,17612.0,2013,No,01,2024,09,2013,749,3404
2241,1,Mastercard,Credit,YES,2,12200.0,2020,No,03,2020,11,2005,749,5581
2242,0,Visa,Debit,NO,1,33306.0,2020,No,09,2020,01,2020,750,6524
2243,0,Visa,Debit,YES,1,14149.0,2020,No,02,2020,02,2020,751,6255
2244,0,Mastercard,Debit,YES,1,429.0,2014,No,02,2018,02,2014,752,7276
2245,1,Mastercard,Credit,YES,2,100.0,2004,No,09,2024,10,2004,752,4431
2246,2,Visa,Debit,YES,2,495.0,2010,No,05,2022,05,2008,752,7265
2247,0,Visa,Debit,YES,2,18395.0,2013,No,03,2020,10,2013,753,0095
2248,1,Mastercard,Debit,YES,1,21808.0,2010,No,09,2024,11,2010,753,0293
2249,2,Mastercard,Debit,YES,1,39192.0,2013,No,01,2018,05,2013,753,3093
2250,3,Mastercard,Debit,YES,2,14100.0,2010,No,07,2012,06,2003,753,1853
2251,4,Mastercard,Debit,YES,1,15771.0,2013,No,04,2021,03,2013,753,2552
2252,0,Visa,Debit,YES,2,8845.0,2010,No,05,2021,05,2009,754,3784
2253,1,Visa,Credit,NO,2,10000.0,2020,No,05,2024,02,2020,754,0668
2254,0,Visa,Credit,YES,2,4000.0,2020,No,01,2020,01,2020,755,7972
2255,1,Visa,Debit,YES,2,27832.0,2014,No,04,2021,07,2014,755,6816
2256,2,Amex,Credit,YES,1,9200.0,2011,No,07,2024,07,2008,755,8257
2257,3,Amex,Credit,YES,2,2000.0,2011,No,10,2022,08,2011,755,9506
2258,4,Mastercard,Debit,NO,1,24546.0,2011,No,03,2021,10,2011,755,4498
2259,0,Mastercard,Credit,YES,1,10400.0,2020,No,06,2024,01,2020,756,3047
2260,0,Visa,Credit,YES,2,1900.0,2017,No,11,2020,03,2017,757,4813
2261,0,Visa,Debit,YES,1,1862.0,2020,No,02,2020,01,2020,758,0588
2262,0,Mastercard,Debit (Prepaid),NO,1,80.0,2010,No,04,2023,08,2010,759,8348
2263,1,Visa,Debit (Prepaid),YES,1,65.0,2010,No,01,2022,03,2007,759,2120
2264,2,Mastercard,Debit (Prepaid),NO,1,62.0,2012,No,08,2023,09,2012,759,3752
2265,3,Visa,Debit,YES,2,13515.0,2015,No,05,2023,06,2015,759,9701
2266,0,Visa,Debit,YES,1,6138.0,2016,No,04,2021,07,2006,760,2124
2267,1,Mastercard,Debit,YES,2,8048.0,2013,No,07,2020,11,2002,760,9960
2268,2,Visa,Debit,YES,2,2898.0,2008,No,03,2022,08,2003,760,1187
2269,3,Mastercard,Debit,YES,1,9.0,2013,No,09,2021,12,2010,760,0137
2270,4,Mastercard,Debit,YES,2,4260.0,2012,No,11,2024,03,2009,760,6125
2271,5,Amex,Credit,YES,2,10100.0,2010,No,08,2023,11,2006,760,7610
2272,0,Mastercard,Debit,YES,2,17471.0,2012,No,03,2017,06,2009,761,3826
2273,1,Mastercard,Debit,YES,1,14054.0,2015,No,12,2019,03,2007,761,5163
2274,2,Discover,Credit,NO,1,7600.0,2009,No,06,2024,08,2009,761,5197
2275,3,Discover,Credit,YES,1,17400.0,2009,No,04,2021,12,2006,761,9591
2276,4,Visa,Debit,YES,1,10077.0,2009,No,01,2020,11,2009,761,0493
2277,0,Visa,Debit,NO,2,10702.0,2018,No,08,2024,03,2018,762,0158
2278,1,Mastercard,Credit,YES,1,10600.0,2010,No,04,2021,02,2001,762,5043
2279,2,Mastercard,Debit,YES,1,9180.0,2020,No,06,2017,02,2006,762,3766
2280,0,Visa,Debit,YES,1,20074.0,2011,No,07,2016,09,2008,763,0963
2281,1,Mastercard,Debit,NO,2,33746.0,2010,No,06,2021,06,2010,763,9976
2282,2,Mastercard,Debit,NO,1,37722.0,2018,No,12,2023,03,2018,763,2555
2283,0,Mastercard,Credit,YES,2,6100.0,2015,No,01,2022,02,2015,764,0578
2284,1,Visa,Debit,YES,1,21952.0,2011,No,01,2013,03,2011,764,3995
2285,2,Visa,Debit,YES,1,18217.0,2008,No,02,2020,04,2007,764,7248
2286,3,Mastercard,Debit,YES,1,16565.0,2012,No,09,2017,05,2012,764,9992
2287,0,Mastercard,Debit (Prepaid),YES,2,81.0,2018,No,09,2021,03,2006,765,1248
2288,1,Visa,Debit (Prepaid),YES,2,11.0,2010,No,06,2022,01,2010,765,2622
2289,2,Mastercard,Debit,YES,2,0.0,2009,No,06,2024,12,2002,765,3613
2290,0,Mastercard,Debit (Prepaid),YES,1,57.0,2013,No,06,2015,12,2013,766,3048
2291,1,Mastercard,Debit,YES,1,24274.0,2014,No,06,2024,11,2014,766,6544
2292,2,Mastercard,Debit,YES,1,33166.0,2009,No,04,2021,08,2008,766,8818
2293,3,Visa,Debit,YES,1,21820.0,2020,No,12,2024,02,2020,766,6756
2294,4,Visa,Debit,YES,2,19264.0,2015,No,02,2020,08,2015,766,0752
2295,0,Visa,Debit (Prepaid),YES,1,77.0,2020,No,12,2020,02,2020,767,0660
2296,0,Mastercard,Debit,YES,1,26136.0,2009,No,03,2021,08,2008,768,8701
2297,1,Mastercard,Debit,YES,1,27771.0,2014,No,03,2024,12,2014,768,7708
2298,0,Visa,Debit,YES,1,17117.0,2010,No,09,2021,05,2007,769,4541
2299,1,Amex,Credit,YES,2,5400.0,2015,No,11,2024,10,2015,769,5088
2300,0,Mastercard,Debit,YES,1,674.0,2020,No,12,2021,01,2020,770,1838
2301,0,Mastercard,Debit (Prepaid),YES,1,58.0,2017,No,07,2023,09,2017,771,3574
2302,1,Visa,Debit,YES,2,15851.0,2014,No,01,2021,03,2014,771,4891
2303,2,Visa,Credit,YES,1,11000.0,2015,No,07,2017,03,2011,771,6414
2304,3,Mastercard,Debit,YES,2,16377.0,2013,No,05,2022,09,2010,771,0463
2305,0,Mastercard,Debit,NO,2,19127.0,2012,No,05,2024,10,2008,772,9829
2306,1,Visa,Credit,YES,1,9200.0,2013,No,06,2024,04,2010,772,2086
2307,2,Mastercard,Debit,YES,2,5553.0,2015,No,05,2020,03,2008,772,3551
2308,3,Mastercard,Debit (Prepaid),YES,1,75.0,2008,No,05,2021,12,2008,772,7863
2309,4,Visa,Credit,YES,1,7900.0,2005,No,04,2003,11,1999,772,8663
2310,0,Visa,Debit,YES,1,19250.0,2020,No,08,2020,02,2020,773,1069
2311,1,Visa,Debit (Prepaid),YES,2,96.0,2020,No,07,2020,02,2020,773,9142
2312,2,Mastercard,Debit,YES,2,5895.0,2020,No,02,2020,02,2020,773,8937
2313,3,Mastercard,Debit,YES,1,18891.0,2020,No,10,2021,02,2020,773,8308
2314,4,Amex,Credit,YES,2,1700.0,2020,No,01,2024,01,2020,773,3858
2315,5,Mastercard,Credit,YES,2,12700.0,2020,No,06,2024,02,2020,773,1832
2316,0,Mastercard,Debit,YES,1,14892.0,2016,No,03,2020,01,2016,774,0706
2317,1,Visa,Credit,YES,1,8500.0,2011,No,06,2023,09,2004,774,9265
2318,2,Mastercard,Credit,YES,1,8500.0,2011,No,05,2021,09,2010,774,1311
2319,3,Visa,Credit,NO,2,7400.0,2011,No,09,2020,09,2008,774,9190
2320,0,Mastercard,Debit,NO,2,18048.0,2020,No,11,2024,01,2020,775,4023
2321,1,Visa,Credit,YES,1,12500.0,2020,No,10,2022,02,2020,775,3514
2322,2,Visa,Debit,YES,2,12838.0,2020,No,05,2024,01,2020,775,3846
2323,0,Visa,Debit,YES,1,14725.0,2008,No,11,2008,06,2004,776,9782
2324,1,Amex,Credit,YES,1,9600.0,2010,No,07,2020,12,2003,776,5401
2325,2,Amex,Credit,YES,2,11000.0,2017,No,12,2017,10,2017,776,5669
2326,0,Visa,Debit,YES,2,5616.0,2010,No,05,2016,07,1999,777,4539
2327,0,Mastercard,Credit,YES,1,30400.0,2011,No,08,2020,08,2003,778,6972
2328,1,Visa,Debit,YES,2,76343.0,2014,No,01,2023,09,2003,778,3844
2329,2,Mastercard,Debit,YES,2,46070.0,2008,No,02,2024,04,2007,778,9664
2330,3,Mastercard,Credit,NO,2,14900.0,2009,No,04,2023,10,2005,778,9672
2331,4,Amex,Credit,YES,1,27500.0,2009,No,08,2023,06,2009,778,0778
2332,5,Visa,Debit,NO,1,3134.0,2011,No,07,2007,11,1992,778,5844
2333,0,Mastercard,Debit (Prepaid),YES,1,92.0,2020,No,02,2020,02,2020,779,0338
2334,1,Visa,Credit,YES,2,10600.0,2020,No,12,2024,02,2020,779,1999
2335,2,Visa,Debit,YES,2,13588.0,2020,No,09,2021,02,2020,779,2587
2336,0,Mastercard,Debit (Prepaid),YES,1,67.0,2011,No,02,2021,06,2011,780,2948
2337,1,Visa,Debit,YES,1,13905.0,2011,No,02,2020,05,2011,780,1173
2338,2,Discover,Credit,YES,1,12300.0,2013,No,01,2021,06,2004,780,7974
2339,0,Mastercard,Debit,YES,1,23220.0,2011,No,03,2021,11,2011,781,0480
2340,1,Mastercard,Debit,YES,2,33319.0,2010,No,06,2021,06,2007,781,7739
2341,2,Visa,Debit,YES,2,21883.0,2012,No,04,2024,01,1997,781,0465
2342,3,Mastercard,Debit,YES,1,39606.0,2008,No,05,2023,09,2002,781,7059
2343,0,Visa,Credit,YES,2,15500.0,2019,No,01,2022,02,2019,782,0511
2344,1,Visa,Credit,YES,2,20800.0,2020,No,02,2020,02,2020,782,3878
2345,0,Mastercard,Debit,YES,1,23310.0,2009,No,06,2023,09,2009,783,6018
2346,1,Visa,Debit,YES,1,22015.0,2011,No,06,2023,12,2011,783,5055
2347,2,Visa,Debit,YES,2,23884.0,2010,No,05,2023,04,2010,783,7062
2348,3,Visa,Debit,NO,2,25808.0,2010,No,07,2021,08,2010,783,6908
2349,0,Visa,Credit,YES,2,4500.0,2020,No,06,2021,02,2020,784,4572
2350,1,Mastercard,Debit,YES,2,26531.0,2014,No,01,2021,09,2014,784,2487
2351,2,Visa,Debit,YES,2,22641.0,2011,No,01,2022,06,2011,784,2712
2352,3,Mastercard,Credit,YES,2,13100.0,2015,No,10,2023,03,2008,784,7975
2353,0,Visa,Credit,YES,1,7800.0,2020,No,10,2020,02,2020,785,2108
2354,1,Visa,Debit,YES,2,6407.0,2020,No,03,2024,02,2020,785,3447
2355,2,Amex,Credit,NO,2,7200.0,2020,No,02,2020,02,2020,785,8049
2356,3,Visa,Credit,YES,1,6500.0,2020,No,12,2023,01,2020,785,7987
2357,4,Visa,Debit (Prepaid),YES,1,91.0,2020,No,09,2024,02,2020,785,2759
2358,5,Visa,Credit,YES,2,1200.0,2020,No,02,2020,02,2020,785,7129
2359,0,Mastercard,Credit,YES,2,6700.0,2009,No,07,2024,01,2008,786,2084
2360,0,Mastercard,Debit,YES,1,11102.0,2012,No,03,2021,04,2004,787,6929
2361,1,Mastercard,Debit (Prepaid),NO,2,91.0,2014,No,10,2021,04,2009,787,0981
2362,2,Amex,Credit,YES,2,8100.0,2009,No,08,2021,10,2007,787,9587
2363,0,Mastercard,Debit,YES,1,22679.0,2014,No,09,2021,08,1997,788,4942
2364,1,Mastercard,Debit,YES,2,13326.0,2010,No,04,2023,04,2010,788,6742
2365,2,Visa,Debit,YES,1,13778.0,2015,No,11,2020,12,2010,788,0787
2366,3,Visa,Credit,YES,2,10400.0,2011,No,05,2016,09,2009,788,3678
2367,0,Mastercard,Debit,YES,2,6863.0,2011,No,05,2022,11,2011,789,6068
2368,1,Mastercard,Debit,YES,1,16633.0,2010,No,12,2021,02,2010,789,6557
2369,0,Mastercard,Debit,YES,1,29391.0,2011,No,08,2024,07,2008,790,6906
2370,1,Discover,Credit,YES,1,19000.0,2011,No,07,2023,08,2007,790,9060
2371,0,Mastercard,Debit,YES,1,14541.0,2011,No,03,2020,11,2011,791,7514
2372,1,Visa,Credit,YES,1,13500.0,2009,No,12,2022,01,2009,791,9522
2373,2,Visa,Debit,YES,2,1484.0,2011,No,06,2021,10,2006,791,0743
2374,0,Mastercard,Debit,NO,1,31192.0,2014,No,03,2023,10,2014,792,0669
2375,1,Amex,Credit,YES,2,33900.0,2014,No,04,2024,01,1991,792,8401
2376,2,Mastercard,Debit (Prepaid),YES,2,44.0,2016,No,07,2023,03,2011,792,9408
2377,3,Mastercard,Debit,NO,2,29708.0,2009,No,03,2017,03,2007,792,7047
2378,0,Mastercard,Credit,YES,1,27200.0,2011,No,07,2021,05,2008,793,2528
2379,1,Mastercard,Debit,YES,1,36344.0,2010,No,10,2021,07,2010,793,1129
2380,2,Mastercard,Credit,YES,2,8900.0,2012,No,11,2020,06,2012,793,0161
2381,0,Mastercard,Debit,YES,2,1236.0,2010,No,01,2021,12,2007,794,0650
2382,1,Visa,Debit,YES,1,11037.0,2012,No,12,2023,04,2005,794,2452
2383,2,Visa,Credit,YES,2,5000.0,2008,No,09,2020,02,2005,794,7863
2384,0,Mastercard,Credit,YES,1,9700.0,2011,No,05,2023,12,2007,795,3634
2385,1,Mastercard,Debit,YES,2,14179.0,2012,No,03,2016,06,2012,795,6193
2386,0,Mastercard,Debit,YES,1,25021.0,2009,No,11,2024,04,2009,796,3386
2387,0,Visa,Debit,YES,2,33605.0,2020,No,02,2020,01,2020,797,7269
2388,1,Mastercard,Debit (Prepaid),NO,1,63.0,2010,No,10,2023,06,2008,797,8525
2389,2,Mastercard,Debit (Prepaid),YES,1,84.0,2016,No,03,2024,11,2016,797,2703
2390,0,Visa,Debit,YES,2,18733.0,2014,No,12,2012,09,2008,798,9553
2391,1,Mastercard,Debit (Prepaid),YES,2,38.0,2007,No,10,2006,10,2001,798,9758
2392,2,Mastercard,Debit,YES,1,21895.0,2009,No,12,2018,06,2009,798,9071
2393,3,Visa,Credit,YES,2,8700.0,2010,No,04,2022,04,2002,798,4662
2394,0,Mastercard,Debit,YES,2,16050.0,2006,No,01,2023,03,2003,799,5985
2395,1,Mastercard,Debit,YES,2,17257.0,2009,No,03,2007,12,2005,799,9597
2396,2,Visa,Debit,YES,2,20573.0,2015,No,04,2012,11,2008,799,5735
2397,0,Mastercard,Debit,YES,1,18829.0,2019,No,01,2020,03,2019,800,3014
2398,1,Visa,Debit,YES,1,16619.0,2010,No,02,2020,11,2010,800,7979
2399,2,Discover,Credit,NO,1,9700.0,2012,No,12,2022,11,2011,800,8323
2400,3,Mastercard,Credit,YES,2,2200.0,2019,No,07,2024,09,2019,800,3762
2401,4,Mastercard,Debit,YES,1,17691.0,2009,No,10,2024,05,2009,800,1566
2402,5,Mastercard,Debit,YES,1,11910.0,2020,No,08,2024,02,2020,800,4098
2403,6,Amex,Credit,YES,2,11000.0,2014,No,04,2023,05,2010,800,2458
2404,0,Visa,Debit,YES,1,13971.0,2010,No,12,2021,12,2010,801,0611
2405,1,Mastercard,Credit,YES,2,7100.0,2017,No,03,2020,10,2003,801,6065
2406,2,Visa,Credit,YES,1,0.0,2016,No,06,2020,05,2016,801,7966
2407,0,Visa,Credit,YES,2,5800.0,2020,No,06,2022,01,2020,802,8835
2408,1,Mastercard,Credit,YES,1,12700.0,2015,No,02,2009,04,2007,802,6838
2409,2,Visa,Debit,YES,1,17405.0,2012,No,05,2024,01,2008,802,2347
2410,3,Visa,Debit,YES,1,9418.0,2012,No,10,2020,02,2001,802,2656
2411,0,Mastercard,Credit,YES,1,9900.0,2020,No,09,2024,02,2020,803,9758
2412,1,Visa,Debit,YES,2,25292.0,2009,No,08,2022,06,2009,803,2884
2413,2,Visa,Debit,YES,1,12721.0,2015,No,07,2022,09,2005,803,6792
2414,3,Mastercard,Debit,YES,1,13218.0,2020,No,12,2023,01,2020,803,5109
2415,0,Mastercard,Debit,YES,2,18320.0,2010,No,08,2024,04,2010,804,9112
2416,1,Mastercard,Debit,YES,1,20270.0,2009,No,11,2023,03,2009,804,9790
2417,2,Visa,Debit,YES,1,18254.0,2013,No,11,2013,08,2013,804,9850
2418,3,Visa,Debit,YES,1,24104.0,2009,No,10,2024,11,2009,804,6101
2419,0,Mastercard,Credit,YES,1,10900.0,2012,No,10,2024,06,2012,805,5154
2420,1,Visa,Debit,YES,1,23260.0,2010,No,09,2022,05,2007,805,5415
2421,2,Visa,Debit,NO,1,20776.0,2011,No,07,2024,05,2011,805,0324
2422,3,Mastercard,Debit,YES,2,15741.0,2020,No,02,2020,01,2020,805,1676
2423,0,Mastercard,Credit,YES,2,7300.0,2017,No,12,2020,03,2017,806,9988
2424,1,Amex,Credit,YES,2,9400.0,2011,No,02,1999,01,1998,806,4148
2425,2,Visa,Debit,YES,2,10124.0,2018,No,04,2021,06,2003,806,3535
2426,3,Amex,Credit,YES,1,13000.0,2005,No,09,2020,01,1999,806,7712
2427,0,Mastercard,Debit,YES,2,18060.0,2019,No,02,2021,09,2002,807,9701
2428,1,Mastercard,Debit,YES,1,7546.0,2010,No,07,2020,03,2004,807,3650
2429,2,Visa,Debit,YES,1,9062.0,2010,No,11,2020,11,2010,807,3328
2430,0,Mastercard,Credit,YES,1,17900.0,2010,No,04,2021,06,2008,808,1534
2431,1,Visa,Debit,YES,2,33822.0,2018,No,03,2016,02,2003,808,2779
2432,2,Mastercard,Debit,YES,2,30909.0,2013,No,10,2022,05,2008,808,0931
2433,3,Visa,Debit,NO,2,2722.0,2016,No,07,2022,11,1997,808,1426
2434,0,Visa,Debit,YES,1,28762.0,2018,No,03,2020,03,2018,809,9762
2435,1,Mastercard,Debit (Prepaid),NO,1,67.0,2011,No,10,2023,12,2000,809,2937
2436,2,Mastercard,Debit,YES,1,44345.0,2013,No,05,2020,08,2013,809,2460
2437,0,Mastercard,Debit,YES,2,2209.0,2013,No,12,2021,05,2006,810,9885
2438,1,Mastercard,Debit,YES,2,24582.0,2012,No,07,2021,04,2003,810,8927
2439,2,Visa,Debit,NO,1,1017.0,2010,No,11,2021,09,2005,810,9578
2440,3,Mastercard,Debit,YES,1,11625.0,2014,No,10,2022,02,2005,810,9141
2441,0,Mastercard,Debit,YES,1,17882.0,2020,No,03,2024,02,2020,811,9847
2442,0,Visa,Credit,YES,1,1000.0,2013,No,04,2020,02,2013,812,7129
2443,1,Visa,Debit,YES,1,37491.0,2020,No,06,2020,02,2020,812,5178
2444,0,Visa,Debit (Prepaid),YES,2,59.0,2015,No,07,2023,03,2007,813,2586
2445,1,Mastercard,Debit,NO,2,6384.0,2017,No,08,2023,07,2008,813,5568
2446,2,Mastercard,Debit (Prepaid),YES,2,24.0,2016,No,01,2013,07,2009,813,9028
2447,0,Mastercard,Debit,YES,2,11994.0,2011,No,03,2022,11,1999,814,6792
2448,1,Mastercard,Debit,YES,1,8747.0,2007,No,10,2024,07,1998,814,3028
2449,2,Discover,Credit,YES,1,9500.0,2011,No,09,2019,10,2007,814,0129
2450,3,Mastercard,Debit,YES,1,1264.0,2019,No,06,2023,10,2010,814,6949
2451,4,Visa,Debit,YES,2,7233.0,2011,No,01,2022,06,2008,814,5864
2452,5,Mastercard,Debit,YES,1,1264.0,2014,No,03,2022,05,1998,814,0895
2453,6,Mastercard,Debit,NO,2,15007.0,2013,No,06,2001,06,2000,814,5473
2454,7,Mastercard,Debit,YES,2,13529.0,2008,No,02,2002,02,1999,814,1069
2455,0,Mastercard,Debit,YES,1,25209.0,2011,No,02,2015,02,2010,815,0602
2456,1,Visa,Debit,YES,1,34063.0,2009,No,06,2024,01,2007,815,2846
2457,2,Mastercard,Debit,NO,1,31307.0,2010,No,12,2019,03,2006,815,2525
2458,3,Visa,Debit,YES,1,40384.0,2006,No,02,2020,01,2006,815,3756
2459,4,Visa,Debit,YES,2,19525.0,2015,No,05,2024,03,2015,815,6337
2460,0,Amex,Credit,YES,2,7200.0,2011,No,12,2022,09,2005,816,3893
2461,0,Mastercard,Credit,YES,2,6200.0,2020,No,09,2020,02,2020,817,7024
2462,1,Mastercard,Credit,YES,3,21700.0,2015,No,07,2023,07,2008,817,3357
2463,0,Mastercard,Credit,YES,1,7100.0,2009,No,12,2009,08,2007,818,5480
2464,1,Mastercard,Credit,YES,2,6700.0,2012,No,06,2022,03,2012,818,8943
2465,2,Mastercard,Debit (Prepaid),YES,1,68.0,2011,No,09,2021,07,2002,818,3185
2466,3,Mastercard,Credit,YES,2,10800.0,2005,No,10,2018,12,1999,818,3044
2467,4,Visa,Debit,YES,2,9952.0,2010,No,11,2022,07,2002,818,2739
2468,5,Visa,Credit,YES,2,5400.0,2015,No,11,2024,03,2015,818,2165
2469,0,Mastercard,Credit,YES,2,12200.0,2009,No,01,2015,05,2003,819,4912
2470,0,Discover,Credit,YES,2,3700.0,2011,No,03,2022,11,2008,820,6868
2471,0,Mastercard,Credit,YES,1,11300.0,2011,No,01,2024,05,2010,821,4792
2472,1,Mastercard,Debit,YES,1,18510.0,2020,No,08,2020,02,2020,821,7092
2473,0,Mastercard,Debit,YES,2,2070.0,2020,No,06,2020,02,2020,822,8640
2474,0,Mastercard,Debit,YES,1,55750.0,2020,No,02,2024,02,2020,823,8777
2475,1,Mastercard,Credit,NO,1,20300.0,2015,No,11,2024,01,2003,823,3334
2476,2,Visa,Debit (Prepaid),YES,2,52.0,2008,No,07,2023,09,2005,823,8663
2477,3,Mastercard,Debit,YES,2,46184.0,2014,No,01,2023,01,2001,823,8598
2478,4,Visa,Credit,YES,1,13200.0,2019,No,10,2024,09,2019,823,7467
2479,5,Visa,Debit,YES,2,34284.0,2014,No,09,2022,11,2014,823,9421
2480,0,Mastercard,Debit,YES,2,9257.0,2018,No,10,2024,07,2010,824,8007
2481,1,Mastercard,Debit,YES,2,7623.0,2015,No,02,2023,02,2010,824,1963
2482,0,Visa,Debit,YES,1,9741.0,2014,No,08,2021,07,2014,825,3046
2483,1,Mastercard,Debit,YES,1,11749.0,2008,No,11,2021,10,1998,825,5760
2484,2,Mastercard,Debit,YES,2,12257.0,2010,No,04,2013,01,2006,825,3662
2485,3,Mastercard,Debit,YES,2,10792.0,2008,No,09,2010,02,2004,825,5878
2486,0,Discover,Credit,YES,2,21000.0,2013,No,10,2024,05,2013,826,8470
2487,0,Mastercard,Debit,YES,2,20362.0,2020,No,03,2022,02,2020,827,0430
2488,0,Visa,Debit,YES,1,20653.0,2012,No,09,2024,06,2012,828,2351
2489,1,Discover,Credit,YES,1,6700.0,2016,No,11,2024,05,1997,828,9197
2490,2,Mastercard,Debit,YES,2,2629.0,2017,No,07,2021,07,2008,828,1859
2491,0,Mastercard,Debit,YES,1,21686.0,2020,No,01,2023,02,2020,829,8865
2492,0,Mastercard,Debit,YES,2,13979.0,2007,No,04,2020,10,2000,830,6616
2493,1,Visa,Debit,YES,1,15459.0,2010,No,09,2020,03,2008,830,9060
2494,2,Visa,Debit,YES,2,10756.0,2018,No,12,2022,09,2010,830,1056
2495,3,Discover,Credit,YES,3,4900.0,2016,No,01,2020,04,2016,830,6753
2496,4,Visa,Debit,YES,2,11869.0,2013,No,08,2021,03,2013,830,3214
2497,0,Visa,Debit,YES,1,11029.0,2020,No,02,2020,02,2020,831,0655
2498,0,Visa,Debit,YES,1,32043.0,2009,No,05,2021,10,2001,832,0477
2499,1,Visa,Credit,YES,1,19400.0,2012,No,07,2023,10,1996,832,6989
2500,2,Visa,Credit,YES,1,15900.0,2009,No,01,2010,02,2009,832,7732
2501,3,Mastercard,Debit,YES,2,25740.0,2014,No,07,2022,04,2014,832,0914
2502,0,Mastercard,Debit,YES,2,12594.0,2014,No,08,2020,09,2005,833,1247
2503,1,Visa,Credit,YES,1,5800.0,2009,No,12,2024,05,1998,833,2848
2504,2,Mastercard,Debit,YES,2,14824.0,2011,No,03,2005,12,2004,833,0785
2505,0,Mastercard,Debit,YES,2,14954.0,2007,No,12,2006,09,2006,834,4466
2506,1,Visa,Debit,YES,2,9146.0,2012,No,09,2024,03,2004,834,5154
2507,2,Visa,Debit,YES,2,31917.0,2009,No,09,2023,03,2006,834,9610
2508,0,Mastercard,Credit,NO,2,35500.0,2020,No,05,2023,01,2020,835,0051
2509,1,Mastercard,Credit,YES,2,17100.0,2020,No,05,2020,01,2020,835,9621
2510,0,Mastercard,Debit,YES,2,8636.0,2014,No,09,2012,11,2002,836,2823
2511,1,Mastercard,Debit,YES,2,3891.0,2016,No,01,2024,10,2001,836,9427
2512,2,Visa,Debit (Prepaid),YES,2,100.0,2010,No,12,2021,11,2010,836,3079
2513,3,Mastercard,Credit,YES,2,10500.0,2011,No,05,2021,10,2007,836,5842
2514,0,Amex,Credit,YES,1,9100.0,2008,No,05,2022,12,2007,837,5390
2515,1,Mastercard,Debit,YES,1,17393.0,2012,No,05,2022,11,2012,837,2699
2516,2,Visa,Debit (Prepaid),NO,1,59.0,2011,No,01,2023,08,2011,837,4826
2517,0,Mastercard,Debit,YES,2,2355.0,2009,No,03,2012,04,2008,838,7359
2518,1,Mastercard,Debit,YES,1,29553.0,2020,No,02,2020,02,2020,838,5863
2519,0,Visa,Credit,YES,1,8300.0,2008,No,09,2024,08,2008,839,5362
2520,1,Mastercard,Debit,YES,2,14501.0,2012,No,04,2024,04,1998,839,9885
2521,2,Visa,Debit,NO,2,9080.0,2013,No,03,2023,11,2009,839,2739
2522,3,Visa,Debit,YES,1,1534.0,2015,No,10,2020,10,2006,839,1730
2523,0,Mastercard,Debit,YES,2,39114.0,2020,No,06,2023,02,2020,840,7398
2524,1,Visa,Debit,YES,2,30298.0,2020,No,09,2024,01,2020,840,4923
2525,0,Visa,Credit,YES,1,6600.0,2020,No,02,2020,02,2020,841,7982
2526,1,Mastercard,Debit,NO,1,15087.0,2005,No,04,2021,12,2004,841,6619
2527,2,Mastercard,Debit,NO,1,16257.0,2011,No,05,2024,09,2011,841,3506
2528,3,Mastercard,Credit,YES,2,8500.0,2012,No,04,2024,10,2005,841,9223
2529,0,Visa,Debit,YES,2,18401.0,2017,No,04,2019,04,2017,842,4595
2530,1,Mastercard,Debit,YES,1,17946.0,2016,No,02,2020,08,2016,842,5084
2531,2,Mastercard,Debit,YES,1,24819.0,2011,No,07,2021,01,2000,842,2757
2532,3,Visa,Credit,YES,2,11000.0,2010,No,06,2009,02,2009,842,1706
2533,4,Mastercard,Debit,YES,2,12275.0,2009,No,01,2022,09,2009,842,7531
2534,5,Mastercard,Debit,YES,1,22044.0,2009,No,05,2022,10,2009,842,2606
2535,0,Visa,Credit,NO,1,10600.0,2018,No,05,2021,07,2009,843,1171
2536,1,Mastercard,Debit (Prepaid),YES,2,61.0,2016,No,01,2021,08,2009,843,7142
2537,2,Visa,Debit,YES,2,14114.0,2010,No,05,2023,10,2010,843,9759
2538,3,Visa,Credit,YES,2,6500.0,2017,No,05,2022,10,2017,843,0950
2539,4,Mastercard,Credit,YES,1,9400.0,2012,No,02,2023,07,2008,843,2677
2540,0,Visa,Debit,YES,1,16369.0,2020,No,07,2023,01,2020,844,3972
2541,1,Visa,Credit,YES,1,5900.0,2020,No,04,2024,02,2020,844,2808
2542,0,Visa,Credit,NO,1,9100.0,2020,No,02,2022,01,2020,845,2716
2543,1,Visa,Credit,NO,2,4700.0,2020,No,07,2024,01,2020,845,8127
2544,0,Amex,Credit,YES,1,8900.0,2007,No,02,2021,09,2007,846,5492
2545,1,Visa,Debit (Prepaid),NO,2,94.0,2020,No,07,2020,02,2020,846,5684
2546,0,Mastercard,Debit,YES,2,1669.0,2016,No,09,2022,08,2011,847,4705
2547,1,Visa,Debit,YES,1,16717.0,2006,No,05,2024,01,2005,847,1434
2548,0,Mastercard,Debit,YES,2,14133.0,2010,No,09,2021,01,2006,848,9682
2549,1,Visa,Debit,YES,2,13029.0,2011,No,09,2022,07,2011,848,7088
2550,2,Mastercard,Debit,YES,2,11624.0,2020,No,06,2024,02,2020,848,6809
2551,3,Amex,Credit,YES,2,5900.0,2010,No,11,2010,08,2009,848,7404
2552,4,Mastercard,Debit (Prepaid),YES,1,10.0,2011,No,04,2024,03,2009,848,1989
2553,0,Mastercard,Debit,YES,2,42074.0,2010,No,01,2020,12,2007,849,4467
2554,1,Amex,Credit,YES,2,19400.0,2013,No,02,2021,09,2005,849,3446
2555,2,Visa,Debit,YES,1,27091.0,2018,No,12,2020,06,2007,849,3655
2556,3,Mastercard,Debit (Prepaid),YES,1,76.0,2014,No,08,2020,06,2008,849,3821
2557,4,Mastercard,Debit,YES,1,16340.0,2009,No,04,2021,07,2003,849,2195
2558,5,Mastercard,Credit,NO,1,4300.0,2017,No,10,2017,08,2017,849,6677
2559,0,Visa,Credit,YES,1,17100.0,2011,No,02,2021,03,2010,850,3627
2560,1,Mastercard,Debit (Prepaid),YES,1,57.0,2015,No,12,2020,12,2015,850,7961
2561,2,Discover,Credit,YES,1,11200.0,2006,No,07,2023,10,2006,850,9307
2562,3,Amex,Credit,YES,1,5900.0,2011,No,08,2021,12,2005,850,1177
2563,0,Discover,Credit,YES,2,8200.0,2020,No,08,2021,02,2020,851,4556
2564,1,Mastercard,Credit,YES,1,11200.0,2016,No,06,2023,12,2011,851,7051
2565,2,Mastercard,Debit,YES,2,9641.0,2020,No,10,2020,02,2020,851,5255
2566,0,Visa,Credit,YES,1,7500.0,2017,No,07,2008,01,2001,852,5939
2567,1,Mastercard,Debit,YES,2,9725.0,2012,No,11,2023,05,2007,852,6921
2568,2,Mastercard,Debit,NO,1,713.0,2008,No,07,1997,03,1997,852,5467
2569,3,Visa,Credit,YES,2,0.0,2016,No,12,2023,05,2016,852,4884
2570,0,Mastercard,Debit,YES,1,10824.0,2015,No,09,2012,10,2007,853,3477
2571,0,Visa,Debit,YES,1,54768.0,2014,No,06,2015,05,2014,854,7583
2572,1,Mastercard,Debit,YES,1,36982.0,2009,No,05,2015,08,2006,854,4107
2573,2,Mastercard,Credit,YES,2,19500.0,2010,No,09,2012,01,2005,854,7044
2574,3,Mastercard,Debit,YES,1,43863.0,2012,No,05,2020,10,2007,854,9831
2575,4,Mastercard,Debit,YES,2,27050.0,2018,No,03,2023,10,2009,854,6918
2576,5,Mastercard,Debit,YES,2,33468.0,2010,No,02,2020,09,2007,854,1855
2577,0,Mastercard,Credit,YES,1,10700.0,2013,No,10,2024,07,2002,855,8637
2578,1,Mastercard,Debit (Prepaid),YES,2,35.0,2011,No,10,2024,01,2011,855,4441
2579,2,Mastercard,Debit,YES,1,9358.0,2015,No,10,2022,10,2005,855,5571
2580,3,Mastercard,Debit,YES,1,13425.0,2015,No,02,2024,09,2005,855,4018
2581,4,Mastercard,Debit,NO,1,24213.0,2009,No,08,2020,11,2004,855,5503
2582,5,Visa,Debit,NO,2,14911.0,2014,No,03,2020,07,2006,855,4803
2583,0,Mastercard,Credit,YES,1,10800.0,2011,No,01,2019,09,2009,856,1773
2584,1,Visa,Credit,YES,2,13200.0,2007,No,07,2022,01,2007,856,0851
2585,2,Visa,Debit,YES,1,12628.0,2012,No,10,2023,04,2011,856,3032
2586,3,Visa,Debit,YES,1,16642.0,2011,No,03,2016,09,2011,856,4052
2587,0,Mastercard,Debit,YES,1,13013.0,2012,No,12,2020,05,2010,857,5485
2588,1,Mastercard,Credit,YES,2,10400.0,2006,No,08,2020,06,2006,857,2989
2589,2,Visa,Credit,YES,2,12500.0,2011,No,09,2024,10,2001,857,8860
2590,3,Mastercard,Debit,YES,3,8889.0,2013,No,12,2023,12,2007,857,2806
2591,0,Amex,Credit,YES,1,19000.0,2011,No,01,2024,03,2006,858,2532
2592,1,Visa,Debit,NO,1,12370.0,2008,No,04,2021,04,2004,858,4539
2593,2,Discover,Credit,YES,2,9000.0,2014,No,04,2020,12,2014,858,4935
2594,0,Mastercard,Debit,YES,1,5284.0,2020,No,01,2021,02,2020,859,0869
2595,1,Mastercard,Debit (Prepaid),YES,2,50.0,2011,No,04,2022,12,2011,859,6865
2596,2,Mastercard,Credit,YES,2,2300.0,2017,No,12,2024,05,2017,859,5826
2597,0,Mastercard,Debit,YES,1,20022.0,2014,No,02,2022,02,2003,860,5292
2598,0,Mastercard,Debit,YES,1,14820.0,2020,No,05,2020,01,2020,861,9612
2599,1,Visa,Credit,YES,2,6900.0,2013,No,05,2023,11,2005,861,3683
2600,2,Amex,Credit,YES,2,5200.0,2014,No,05,2021,02,2014,861,2926
2601,3,Mastercard,Debit (Prepaid),YES,1,64.0,2010,No,12,2016,09,2006,861,2121
2602,0,Mastercard,Debit,YES,2,8165.0,2009,No,03,2020,05,2002,862,5162
2603,0,Mastercard,Debit,YES,2,16799.0,2013,No,09,2020,02,2013,863,4316
2604,1,Amex,Credit,YES,2,13800.0,2020,No,04,2024,02,2020,863,5411
2605,0,Visa,Debit,YES,1,20826.0,2020,No,03,2020,02,2020,864,2470
2606,1,Discover,Credit,YES,2,20700.0,2020,No,12,2020,01,2020,864,5784
2607,2,Mastercard,Debit,YES,2,15813.0,2011,No,06,2023,03,2010,864,8439
2608,3,Mastercard,Debit (Prepaid),YES,2,41.0,2020,No,02,2020,01,2020,864,3632
2609,4,Mastercard,Credit,YES,2,8000.0,2012,No,06,2022,06,2012,864,6909
2610,0,Visa,Credit,YES,2,6600.0,2015,No,08,2021,06,2015,865,4991
2611,1,Mastercard,Debit,YES,2,15149.0,2010,No,11,2022,09,2010,865,2985
2612,2,Mastercard,Credit,YES,1,10100.0,2016,No,01,2017,05,2011,865,0945
2613,3,Mastercard,Debit,YES,2,14720.0,2014,No,10,2023,05,2006,865,9281
2614,4,Visa,Debit (Prepaid),YES,1,28.0,2018,No,11,2023,11,2003,865,2645
2615,5,Mastercard,Credit,YES,2,3600.0,2015,No,03,2019,06,2015,865,4393
2616,0,Mastercard,Debit (Prepaid),YES,1,47.0,2016,No,12,2022,10,2008,866,6447
2617,0,Mastercard,Debit,YES,1,10179.0,2015,No,10,2024,05,2015,867,5097
2618,1,Visa,Credit,YES,2,10600.0,2014,No,09,2020,07,2008,867,1177
2619,2,Mastercard,Debit,YES,2,14716.0,2012,No,08,2007,05,2006,867,9737
2620,3,Amex,Credit,YES,2,12600.0,2018,No,08,2020,03,2018,867,5670
2621,4,Visa,Debit (Prepaid),YES,1,96.0,2013,No,12,2017,09,2013,867,3999
2622,5,Mastercard,Debit (Prepaid),YES,1,73.0,2010,No,02,2020,11,2010,867,7453
2623,0,Visa,Credit,YES,1,6500.0,2015,No,04,2021,07,2015,868,8893
2624,1,Amex,Credit,YES,2,9300.0,2009,No,11,2023,07,2009,868,1158
2625,2,Mastercard,Debit,NO,2,8970.0,2010,No,12,2023,01,2004,868,9052
2626,0,Visa,Credit,YES,1,11700.0,2013,No,05,2023,12,2003,869,4191
2627,1,Mastercard,Debit,YES,1,2841.0,2013,No,06,2021,12,2008,869,1712
2628,0,Mastercard,Debit,YES,1,46621.0,2010,No,05,2021,09,2007,870,3088
2629,1,Visa,Debit,YES,2,62855.0,2006,No,11,2006,09,2006,870,5334
2630,2,Visa,Debit,YES,1,46521.0,2012,No,10,2014,09,2011,870,2783
2631,0,Visa,Credit,YES,2,4100.0,2010,No,06,2008,09,2004,871,4435
2632,1,Mastercard,Credit,YES,1,9200.0,2010,No,01,2020,06,2010,871,2313
2633,2,Mastercard,Credit,YES,2,2800.0,2010,No,10,2020,07,2009,871,4325
2634,0,Amex,Credit,YES,2,4200.0,2018,No,08,2024,12,2018,872,5615
2635,0,Mastercard,Debit,YES,2,21794.0,2020,No,09,2022,01,2020,873,7327
2636,0,Mastercard,Debit (Prepaid),YES,1,58.0,2009,No,11,2015,08,2007,874,6145
2637,1,Mastercard,Credit,YES,1,11400.0,2014,No,08,2021,02,2009,874,0390
2638,2,Visa,Debit,YES,2,15781.0,2015,No,07,2016,04,2009,874,0708
2639,3,Visa,Debit,YES,1,26906.0,2016,No,10,2023,11,2004,874,8350
2640,4,Mastercard,Debit,YES,2,10228.0,2014,No,10,2024,12,2007,874,7294
2641,0,Mastercard,Debit (Prepaid),YES,2,74.0,2012,No,10,2023,04,2012,875,2997
2642,1,Discover,Credit,YES,1,12600.0,2010,No,02,2020,04,2002,875,7881
2643,2,Visa,Credit,YES,2,7600.0,2010,No,02,2019,06,2004,875,6111
2644,3,Visa,Debit,YES,1,33080.0,2008,No,06,2024,11,2008,875,3450
2645,4,Visa,Debit,NO,1,17954.0,2019,No,03,2020,01,2019,875,5994
2646,5,Mastercard,Debit,YES,1,19238.0,2011,No,01,2023,01,2011,875,6407
2647,0,Mastercard,Debit,YES,2,14912.0,2009,No,01,2023,10,2007,876,7865
2648,1,Mastercard,Debit,YES,2,5258.0,2013,No,11,2015,03,2009,876,3171
2649,0,Visa,Credit,YES,1,11300.0,2011,No,12,2020,10,2009,877,9371
2650,1,Mastercard,Debit,YES,1,24455.0,2014,No,10,2022,07,2004,877,4729
2651,2,Mastercard,Debit,YES,2,463.0,2010,No,08,2016,11,2008,877,4823
2652,3,Visa,Debit,YES,2,5511.0,2012,No,02,2010,06,2009,877,7663
2653,0,Mastercard,Debit,YES,2,20097.0,2015,No,09,2020,08,2015,878,4046
2654,1,Visa,Debit,YES,2,14200.0,2020,No,07,2021,01,2020,878,6223
2655,2,Mastercard,Debit,YES,1,16415.0,2020,No,03,2024,02,2020,878,3513
2656,0,Mastercard,Debit,YES,2,1926.0,2020,No,02,2020,02,2020,879,6574
2657,0,Mastercard,Credit,NO,1,11000.0,2013,No,08,2020,02,2005,880,1126
2658,1,Amex,Credit,YES,2,5700.0,2019,No,07,2024,07,2019,880,1252
2659,0,Visa,Debit,YES,1,26024.0,2013,No,11,2019,02,2009,881,6027
2660,1,Visa,Debit,YES,2,4599.0,2013,No,03,2024,10,2006,881,1376
2661,2,Mastercard,Debit,YES,2,8522.0,2015,No,04,2020,11,2004,881,4856
2662,3,Visa,Debit,YES,2,45854.0,2013,No,08,2023,09,2004,881,4595
2663,4,Mastercard,Debit,YES,1,38194.0,2012,No,04,2024,12,2007,881,7917
2664,0,Mastercard,Debit,YES,1,51051.0,2012,No,09,2022,05,2007,882,7854
2665,1,Mastercard,Credit,NO,1,30800.0,2007,No,01,2020,11,2004,882,9205
2666,2,Mastercard,Credit,YES,2,23400.0,2014,No,08,2023,09,2014,882,3304
2667,3,Mastercard,Credit,YES,2,24800.0,2013,No,01,2022,06,2008,882,4439
2668,4,Mastercard,Debit (Prepaid),YES,1,48.0,2012,No,03,2023,11,2010,882,1133
2669,5,Mastercard,Credit,YES,2,8700.0,2011,No,07,2024,09,2008,882,7414
2670,0,Visa,Credit,YES,2,5900.0,2016,No,08,2022,04,2016,883,1331
2671,0,Mastercard,Debit,YES,2,5059.0,2010,No,03,2021,11,2010,884,2097
2672,1,Mastercard,Debit,YES,2,22446.0,2012,No,05,2021,10,2006,884,2267
2673,2,Mastercard,Debit,YES,1,48754.0,2013,No,08,2023,08,2008,884,3979
2674,0,Visa,Credit,YES,1,9300.0,2010,No,06,2023,06,2010,885,3867
2675,1,Visa,Debit,YES,2,15265.0,2009,No,12,2022,03,2000,885,1857
2676,2,Amex,Credit,YES,2,12500.0,2020,No,11,2022,01,2020,885,4282
2677,3,Mastercard,Debit,YES,1,28805.0,2013,No,07,2015,11,2013,885,6265
2678,4,Amex,Credit,YES,1,9800.0,2013,No,11,2003,02,2003,885,3558
2679,0,Mastercard,Credit,YES,1,11600.0,2012,No,05,2012,07,2008,886,5271
2680,1,Mastercard,Debit,YES,2,26501.0,2019,No,12,2023,11,2002,886,8683
2681,2,Mastercard,Debit,NO,2,11121.0,2013,No,12,2020,06,2010,886,8059
2682,3,Mastercard,Debit,YES,2,2352.0,2012,No,04,2021,02,2006,886,6367
2683,0,Mastercard,Debit,YES,1,62317.0,2020,No,02,2020,01,2020,887,5419
2684,1,Amex,Credit,YES,2,16400.0,2020,No,07,2020,01,2020,887,0829
2685,0,Visa,Debit (Prepaid),NO,2,65.0,2011,No,02,2023,09,2010,888,7957
2686,1,Visa,Debit (Prepaid),YES,1,63.0,2018,No,02,2020,04,2018,888,0923
2687,2,Mastercard,Debit (Prepaid),NO,1,69.0,2017,No,10,2020,09,2017,888,5060
2688,3,Visa,Credit,YES,2,36900.0,2014,No,11,2003,11,2003,888,1867
2689,4,Visa,Debit,YES,2,10875.0,2020,No,10,2024,08,2009,888,2162
2690,0,Mastercard,Debit (Prepaid),YES,2,65.0,2008,No,12,2024,02,2002,889,7722
2691,1,Mastercard,Debit (Prepaid),YES,2,76.0,2010,No,04,2023,07,2005,889,6562
2692,2,Mastercard,Debit,YES,2,15781.0,2020,No,03,2024,01,2020,889,3932
2693,3,Visa,Debit,YES,1,22227.0,2010,No,06,2019,03,2009,889,5377
2694,0,Mastercard,Debit,YES,2,4924.0,2020,No,02,2020,02,2020,890,5540
2695,1,Discover,Credit,YES,1,6300.0,2015,No,09,2020,05,2015,890,1775
2696,2,Mastercard,Credit,NO,1,8000.0,2020,No,05,2024,08,2007,890,8886
2697,0,Visa,Debit,NO,1,18432.0,2020,No,02,2020,01,2020,891,3635
2698,1,Mastercard,Debit (Prepaid),YES,2,86.0,2019,No,02,2020,02,2019,891,3771
2699,2,Mastercard,Debit,YES,2,11666.0,2011,No,09,2020,08,2011,891,6139
2700,0,Amex,Credit,YES,1,22900.0,2020,No,02,2020,02,2020,892,7859
2701,0,Mastercard,Credit,YES,1,7800.0,2007,No,06,2021,12,2007,893,0016
2702,0,Mastercard,Debit,YES,1,10462.0,2015,No,08,2023,03,2008,894,6695
2703,1,Amex,Credit,YES,2,11000.0,2011,No,12,2012,07,2011,894,6502
2704,2,Visa,Debit,YES,1,16927.0,2014,No,12,2023,03,2014,894,5756
2705,0,Visa,Debit (Prepaid),YES,2,96.0,2015,No,04,2015,04,2007,895,2638
2706,0,Mastercard,Debit (Prepaid),YES,1,95.0,2011,No,07,2021,10,2011,896,5394
2707,0,Mastercard,Credit,YES,2,2400.0,2010,No,03,2023,11,2006,897,8362
2708,1,Mastercard,Debit,YES,1,12127.0,2010,No,09,2023,03,2010,897,0368
2709,2,Mastercard,Credit,YES,1,18400.0,2014,No,11,2020,11,2006,897,4152
2710,3,Mastercard,Debit,YES,1,8273.0,2009,No,09,2024,02,2002,897,3893
2711,4,Visa,Debit,YES,2,16641.0,2014,No,01,2022,07,2006,897,8468
2712,0,Visa,Credit,YES,1,10300.0,2013,No,03,2022,04,1993,898,0255
2713,1,Mastercard,Debit,NO,2,13841.0,2010,No,05,2020,08,2002,898,9772
2714,2,Mastercard,Debit,YES,2,2054.0,2015,No,07,2024,04,2004,898,3846
2715,3,Visa,Credit,YES,2,5100.0,2011,No,09,2022,10,2007,898,7968
2716,0,Mastercard,Debit,NO,1,22172.0,2016,No,02,2016,06,2011,899,8210
2717,0,Mastercard,Debit,YES,1,17749.0,2011,No,08,2023,04,2002,900,6498
2718,1,Visa,Credit,YES,1,12700.0,2011,No,09,2021,04,2004,900,6441
2719,0,Discover,Credit,YES,2,11100.0,2020,No,02,2020,02,2020,901,0322
2720,0,Mastercard,Debit,NO,2,16923.0,2014,No,07,2024,06,2014,902,9267
2721,1,Amex,Credit,YES,1,14800.0,2010,No,04,2020,06,2004,902,1580
2722,2,Visa,Debit (Prepaid),YES,1,49.0,2011,No,09,2009,09,2006,902,6836
2723,0,Amex,Credit,YES,1,19000.0,2020,No,07,2020,02,2020,903,1092
2724,1,Mastercard,Debit,YES,2,22067.0,2020,No,04,2022,02,2020,903,0529
2725,2,Visa,Credit,YES,2,11500.0,2020,No,01,2023,02,2020,903,9645
2726,0,Visa,Debit,YES,2,19017.0,2012,No,03,2012,02,2008,904,9255
2727,1,Mastercard,Debit,YES,2,13863.0,2014,No,08,2023,09,2007,904,9353
2728,2,Discover,Credit,YES,2,400.0,2010,No,06,2008,06,2007,904,6324
2729,0,Visa,Credit,YES,2,5100.0,2010,No,03,2006,05,1997,905,4010
2730,1,Mastercard,Debit,YES,1,17620.0,2011,No,02,2024,11,2004,905,5470
2731,2,Mastercard,Debit,YES,2,23572.0,2017,No,12,2018,11,2017,905,5086
2732,3,Visa,Debit,YES,2,20773.0,2011,No,05,2023,05,2009,905,0497
2733,0,Visa,Debit,YES,2,25124.0,2010,No,10,2012,02,2010,906,4399
2734,0,Mastercard,Debit,YES,1,19465.0,2012,No,08,2023,04,1998,907,7868
2735,1,Visa,Credit,YES,1,14100.0,2013,No,12,2021,08,2011,907,6477
2736,2,Visa,Debit (Prepaid),YES,2,32.0,2012,No,08,2022,06,2005,907,6419
2737,0,Mastercard,Debit,YES,2,16109.0,2009,No,09,2024,10,2009,908,0775
2738,1,Discover,Credit,YES,1,8100.0,2008,No,01,2010,08,2006,908,8871
2739,2,Visa,Debit,YES,2,16454.0,2010,No,04,2024,08,2004,908,7612
2740,3,Mastercard,Credit,YES,2,7300.0,2010,No,04,2024,03,2009,908,2196
2741,0,Mastercard,Debit (Prepaid),NO,2,46.0,2010,No,04,2020,04,2004,909,7982
2742,1,Mastercard,Credit,YES,2,22200.0,2011,No,07,2022,03,2011,909,1002
2743,2,Amex,Credit,YES,1,26900.0,2009,No,06,2024,08,2008,909,0495
2744,0,Amex,Credit,YES,2,8700.0,2013,No,08,2023,10,2011,910,0677
2745,1,Amex,Credit,YES,2,4000.0,2006,No,10,2022,12,2003,910,4061
2746,2,Mastercard,Credit,YES,1,7200.0,2012,No,02,2020,12,2007,910,4911
2747,3,Visa,Debit,NO,2,14362.0,2006,No,09,2022,10,2005,910,5970
2748,0,Mastercard,Debit,YES,2,20060.0,2012,No,08,2023,02,2012,911,2927
2749,1,Visa,Debit,YES,2,17309.0,2010,No,11,2022,02,2007,911,8079
2750,0,Mastercard,Debit,YES,1,38354.0,2010,No,09,2022,04,2004,912,3145
2751,1,Mastercard,Debit,YES,2,49107.0,2011,No,09,2023,07,2007,912,2061
2752,2,Visa,Debit,YES,1,8468.0,2010,No,10,2020,11,2006,912,4608
2753,3,Mastercard,Debit,YES,1,28877.0,2017,No,02,2024,09,2003,912,5609
2754,0,Visa,Debit,YES,1,33713.0,2011,No,02,2020,10,2011,913,3117
2755,1,Visa,Credit,YES,1,25600.0,2009,No,09,2020,12,2009,913,9513
2756,0,Discover,Credit,YES,1,9100.0,2013,No,07,2020,12,2010,914,8426
2757,1,Visa,Debit,NO,2,793.0,2008,No,09,2023,02,2008,914,6626
2758,2,Visa,Credit,YES,2,4200.0,2011,No,02,2022,11,2005,914,9274
2759,0,Mastercard,Credit,YES,2,9900.0,2007,No,06,2023,04,2001,915,6555
2760,1,Visa,Debit,YES,1,15082.0,2006,No,05,2022,11,2002,915,0788
2761,2,Discover,Credit,YES,1,13100.0,2013,No,11,2023,04,2010,915,6580
2762,3,Mastercard,Debit,YES,2,1385.0,2012,No,02,2022,10,2005,915,6007
2763,4,Mastercard,Debit,YES,2,26506.0,2008,No,06,2022,02,2005,915,0481
2764,5,Mastercard,Debit,NO,1,10488.0,2010,No,12,2014,05,2010,915,4858
2765,6,Mastercard,Credit,YES,2,7000.0,2020,No,03,2022,01,2020,915,1220
2766,7,Mastercard,Debit (Prepaid),YES,1,61.0,2015,No,07,2024,07,2015,915,8854
2767,0,Mastercard,Debit,YES,2,8923.0,2014,No,05,2021,08,2004,916,3910
2768,0,Mastercard,Debit,YES,2,29474.0,2017,No,07,2020,05,2017,917,0194
2769,1,Mastercard,Debit,YES,2,25612.0,2010,No,02,2017,10,2010,917,9263
2770,2,Visa,Credit,YES,2,12700.0,2010,No,06,2023,01,2010,917,8945
2771,3,Visa,Debit,NO,2,9781.0,2014,No,02,2021,11,2006,917,9082
2772,0,Visa,Credit,YES,2,12900.0,2020,No,06,2021,02,2020,918,5505
2773,0,Visa,Debit,YES,1,20582.0,2020,No,10,2022,01,2020,919,0839
2774,1,Visa,Debit,YES,1,9998.0,2010,No,11,2023,02,2003,919,9839
2775,2,Mastercard,Debit,YES,1,11664.0,2011,No,01,2022,02,2011,919,6227
2776,0,Visa,Debit,YES,2,27813.0,2020,No,12,2024,01,2020,920,4795
2777,1,Mastercard,Credit,YES,2,11700.0,2020,No,02,2020,01,2020,920,0156
2778,2,Mastercard,Debit,YES,1,19286.0,2020,No,01,2020,01,2020,920,5133
2779,3,Mastercard,Debit,YES,1,22868.0,2020,No,12,2023,01,2020,920,3511
2780,0,Visa,Credit,YES,1,15400.0,2009,No,04,2018,11,2003,921,6927
2781,1,Mastercard,Debit,YES,2,26534.0,2011,No,09,2024,01,2011,921,6625
2782,2,Amex,Credit,YES,2,11100.0,2012,No,02,2011,07,2005,921,5537
2783,3,Mastercard,Debit,YES,3,7446.0,2015,No,04,2020,10,2008,921,1013
2784,4,Mastercard,Debit,NO,2,12607.0,2015,No,01,2020,03,2003,921,7174
2785,5,Mastercard,Debit,YES,2,1053.0,2011,No,03,2024,03,2009,921,8845
2786,0,Visa,Debit,YES,1,24424.0,2011,No,04,2021,07,2011,922,4583
2787,1,Visa,Debit,YES,2,22330.0,2019,No,08,2022,06,2019,922,7575
2788,2,Visa,Debit,YES,2,32659.0,2014,No,04,2024,01,2014,922,1894
2789,0,Mastercard,Debit,YES,1,8822.0,2020,No,01,2021,02,2020,923,5780
2790,1,Visa,Debit,YES,1,3549.0,2020,No,03,2020,02,2020,923,6641
2791,0,Mastercard,Debit,YES,1,14939.0,2018,No,12,2018,07,2018,924,9902
2792,1,Mastercard,Debit (Prepaid),YES,2,56.0,2019,No,07,2021,02,2019,924,1200
2793,2,Mastercard,Credit,YES,2,8800.0,2013,No,06,2021,02,2002,924,0036
2794,3,Visa,Credit,YES,1,9300.0,2008,No,08,2020,07,2000,924,5613
2795,4,Mastercard,Credit,YES,1,6800.0,2010,No,09,2021,10,2010,924,7779
2796,5,Mastercard,Debit,YES,2,12210.0,2009,No,03,2020,03,2005,924,6439
2797,6,Mastercard,Debit,YES,2,6397.0,2015,No,08,2020,02,2008,924,4517
2798,0,Mastercard,Debit (Prepaid),YES,1,92.0,2007,No,03,2024,10,2007,925,8524
2799,1,Visa,Debit,YES,1,23053.0,2014,No,04,2016,04,2014,925,5921
2800,2,Visa,Credit,YES,1,14900.0,2011,No,11,2024,12,2008,925,6729
2801,3,Mastercard,Debit,YES,2,27046.0,2015,No,12,2021,04,2004,925,2358
2802,4,Amex,Credit,NO,1,2900.0,2015,No,02,2024,07,2015,925,1923
2803,0,Mastercard,Debit,YES,1,10427.0,2020,No,12,2022,01,2020,926,4173
2804,1,Mastercard,Debit,YES,1,8163.0,2020,No,02,2020,02,2020,926,7599
2805,2,Visa,Debit,YES,2,26599.0,2020,No,10,2021,02,2020,926,5636
2806,3,Mastercard,Credit,YES,2,3600.0,2020,No,08,2024,02,2020,926,1734
2807,0,Mastercard,Debit (Prepaid),YES,2,68.0,2020,No,07,2021,01,2020,927,9881
2808,0,Mastercard,Debit,YES,1,37661.0,2020,No,02,2020,02,2020,928,3887
2809,1,Visa,Credit,YES,1,21400.0,2020,No,08,2024,02,2020,928,3058
2810,2,Mastercard,Debit,YES,2,31271.0,2020,No,01,2022,02,2020,928,4637
2811,0,Mastercard,Credit,YES,1,20800.0,2007,No,03,2011,10,2004,929,5640
2812,1,Mastercard,Credit,YES,2,9000.0,2010,No,10,2020,09,2001,929,5253
2813,2,Mastercard,Credit,NO,1,13100.0,2012,No,03,2024,10,1996,929,9732
2814,3,Visa,Debit,NO,2,23636.0,2013,No,12,2023,05,2011,929,1878
2815,0,Amex,Credit,YES,1,8200.0,2013,No,08,2022,07,1998,930,2686
2816,1,Visa,Credit,YES,1,6900.0,2012,No,03,2023,01,2012,930,1443
2817,2,Mastercard,Debit,YES,2,13689.0,2016,No,11,2022,05,2016,930,3938
2818,0,Mastercard,Debit,YES,2,5836.0,2020,No,02,2020,01,2020,931,7424
2819,0,Mastercard,Credit,NO,1,12300.0,2008,No,11,2024,09,2007,932,7097
2820,1,Mastercard,Credit,YES,1,7900.0,2010,No,12,2011,10,2010,932,6677
2821,2,Visa,Credit,YES,1,13500.0,2013,No,03,2021,09,2005,932,8113
2822,3,Mastercard,Debit (Prepaid),YES,1,41.0,2010,No,04,2024,01,2006,932,8670
2823,0,Visa,Credit,YES,1,16400.0,2020,No,10,2022,01,2020,933,5930
2824,1,Visa,Debit,YES,2,16293.0,2009,No,03,2023,05,2008,933,7262
2825,2,Mastercard,Credit,YES,2,14300.0,2015,No,08,2024,07,2015,933,8155
2826,3,Amex,Credit,YES,1,21200.0,2011,No,03,2024,07,2007,933,8691
2827,0,Visa,Debit,YES,1,11068.0,2012,No,01,2021,05,2012,934,6738
2828,1,Mastercard,Debit,NO,1,14835.0,2020,No,10,2021,01,2020,934,0076
2829,2,Amex,Credit,NO,2,9300.0,2014,No,03,2022,12,2004,934,6037
2830,3,Visa,Credit,YES,1,9400.0,2011,No,12,2020,02,2011,934,3599
2831,0,Mastercard,Debit,YES,1,12566.0,2015,No,02,2022,08,2004,935,8584
2832,1,Discover,Credit,YES,2,4100.0,2013,No,10,2020,05,2013,935,9779
2833,2,Mastercard,Credit,YES,2,7400.0,2012,No,06,2018,11,2010,935,5294
2834,3,Visa,Credit,YES,2,4200.0,2011,No,12,2021,10,2006,935,2157
2835,0,Mastercard,Debit,YES,1,14388.0,2015,No,10,2022,12,2008,936,4037
2836,1,Mastercard,Debit (Prepaid),YES,1,63.0,2014,No,12,2020,08,2006,936,7121
2837,0,Mastercard,Credit,YES,2,8100.0,2008,No,01,2020,04,2005,937,6014
2838,1,Amex,Credit,YES,2,10000.0,2012,No,06,2024,05,2012,937,2262
2839,0,Discover,Credit,YES,2,8700.0,2016,No,11,2024,04,2016,938,1964
2840,1,Mastercard,Debit,NO,2,11900.0,2010,No,10,2023,07,2009,938,1406
2841,2,Mastercard,Credit,YES,1,5700.0,2015,No,10,2023,09,2010,938,7418
2842,3,Visa,Credit,YES,2,3400.0,2014,No,06,2022,02,2014,938,0002
2843,4,Discover,Credit,YES,2,5300.0,2011,No,05,2023,09,2008,938,2906
2844,0,Mastercard,Debit,YES,1,16082.0,2010,No,04,2023,10,1998,939,1458
2845,1,Mastercard,Debit,YES,1,21552.0,2006,No,12,2020,06,2006,939,8552
2846,2,Mastercard,Debit,YES,1,29037.0,2015,No,08,2022,11,2015,939,7247
2847,3,Mastercard,Debit,YES,2,19107.0,2005,No,12,2006,05,2005,939,9156
2848,4,Mastercard,Debit,YES,2,26562.0,2008,No,03,2012,10,2006,939,6067
2849,5,Discover,Credit,YES,1,9800.0,2011,No,06,2020,09,2000,939,4201
2850,0,Visa,Credit,YES,2,13000.0,2020,No,05,2023,01,2020,940,6187
2851,1,Mastercard,Debit,YES,2,14733.0,2020,No,02,2020,01,2020,940,1375
2852,2,Mastercard,Debit,YES,2,7476.0,2020,No,02,2020,02,2020,940,8904
2853,3,Mastercard,Debit (Prepaid),YES,2,60.0,2020,No,02,2024,01,2020,940,4949
2854,0,Mastercard,Debit,YES,2,29471.0,2011,No,06,2019,03,2005,941,4249
2855,1,Visa,Credit,YES,1,17700.0,2010,No,10,2014,04,2005,941,9444
2856,2,Mastercard,Debit,YES,2,11969.0,2008,No,04,2023,07,2008,941,2216
2857,3,Visa,Debit,YES,2,7946.0,2014,No,04,2022,06,2007,941,9283
2858,4,Visa,Debit (Prepaid),YES,1,41.0,2017,No,06,2011,09,2006,941,3035
2859,0,Mastercard,Debit,YES,1,12873.0,2008,No,09,2023,10,2003,942,1863
2860,1,Mastercard,Debit,YES,1,17629.0,2012,No,09,2023,04,2004,942,0393
2861,0,Mastercard,Debit,YES,1,6497.0,2020,No,12,2024,01,2020,943,3509
2862,1,Mastercard,Debit (Prepaid),YES,1,67.0,2020,No,07,2021,01,2020,943,6611
2863,2,Visa,Credit,YES,1,3300.0,2015,No,06,2021,10,2015,943,9023
2864,0,Visa,Debit (Prepaid),YES,2,85.0,2010,No,01,2022,04,2006,944,8637
2865,1,Mastercard,Debit (Prepaid),NO,1,39.0,2006,No,06,2020,02,2006,944,1346
2866,0,Mastercard,Debit,YES,1,26162.0,2014,No,08,2023,10,2014,945,7475
2867,1,Visa,Credit,YES,1,13700.0,2014,No,12,2024,04,2011,945,0874
2868,2,Visa,Debit,YES,2,31504.0,2014,No,01,2022,04,2009,945,4849
2869,3,Mastercard,Debit,YES,2,9010.0,2007,No,04,2009,08,2006,945,2290
2870,0,Mastercard,Debit,YES,1,64059.0,2015,No,07,2024,05,2015,946,3391
2871,1,Mastercard,Debit (Prepaid),YES,2,62.0,2008,No,03,2021,10,2005,946,2600
2872,2,Mastercard,Debit,NO,2,29601.0,2011,No,09,2018,11,2008,946,2805
2873,3,Mastercard,Credit,YES,1,21800.0,2014,No,11,2012,07,2009,946,1806
2874,4,Mastercard,Debit,YES,2,49790.0,2010,No,05,2022,12,2010,946,1154
2875,0,Visa,Debit,YES,1,13438.0,2017,No,01,2020,07,2017,947,7403
2876,1,Visa,Credit,YES,1,9600.0,2011,No,09,2024,03,2010,947,9946
2877,2,Visa,Credit,YES,1,6300.0,2007,No,07,2021,11,2007,947,5147
2878,3,Mastercard,Debit,YES,1,12348.0,2008,No,04,2023,09,2002,947,8994
2879,0,Mastercard,Debit,YES,1,9632.0,2020,No,07,2020,01,2020,948,7355
2880,1,Mastercard,Debit,YES,2,9490.0,2020,No,08,2024,02,2020,948,0856
2881,2,Mastercard,Debit,NO,2,32399.0,2020,No,01,2024,01,2020,948,9793
2882,0,Visa,Debit,NO,2,12810.0,2008,No,11,2015,04,2008,949,6347
2883,1,Mastercard,Credit,YES,2,9300.0,2014,No,09,2012,09,2005,949,2556
2884,2,Mastercard,Debit,YES,2,7564.0,2016,No,10,2017,11,2004,949,4419
2885,0,Visa,Debit,YES,1,22765.0,2016,No,11,2021,08,2016,950,1396
2886,1,Discover,Credit,YES,1,11300.0,2012,No,10,2021,06,2006,950,9116
2887,2,Mastercard,Debit,YES,1,10369.0,2011,No,10,2022,01,2007,950,0927
2888,3,Mastercard,Credit,YES,2,10200.0,2011,No,10,2020,01,2002,950,9049
2889,4,Visa,Credit,YES,2,12100.0,2019,No,06,2024,05,2009,950,4815
2890,5,Visa,Debit,YES,2,15409.0,2017,No,03,2020,06,2000,950,5745
2891,0,Visa,Credit,YES,2,22500.0,2012,No,07,2024,02,2009,951,1137
2892,1,Mastercard,Credit,NO,3,6700.0,2020,No,01,2020,01,2020,951,0433
2893,0,Visa,Debit,YES,2,842.0,2009,No,03,2022,08,2009,952,3601
2894,1,Mastercard,Debit,YES,2,10049.0,2009,No,08,2009,05,2009,952,4963
2895,2,Mastercard,Debit,YES,2,11625.0,2012,No,06,2018,04,2010,952,3411
2896,3,Mastercard,Credit,YES,2,5800.0,2011,No,11,2021,04,2010,952,4239
2897,4,Mastercard,Debit,NO,3,17515.0,2010,No,02,2020,02,2008,952,8882
2898,0,Visa,Debit,YES,2,1696.0,2020,No,07,2024,02,2020,953,7815
2899,1,Discover,Credit,YES,2,11400.0,2011,No,10,2010,10,2010,953,5271
2900,2,Visa,Credit,YES,2,10600.0,2017,No,07,2020,06,2005,953,7684
2901,0,Discover,Credit,NO,1,21500.0,2010,No,12,2010,07,2010,954,4222
2902,1,Mastercard,Debit,YES,2,32784.0,2008,No,10,2021,12,2004,954,1532
2903,2,Mastercard,Debit,YES,2,13510.0,2016,No,04,2022,07,2007,954,2435
2904,3,Visa,Credit,YES,1,14000.0,2012,No,08,2012,06,2012,954,8991
2905,0,Mastercard,Debit (Prepaid),NO,3,38.0,2013,No,04,2018,11,2010,955,2793
2906,0,Visa,Debit,NO,1,28471.0,2020,No,09,2020,02,2020,956,1347
2907,1,Mastercard,Debit,YES,2,33833.0,2020,No,12,2023,01,2020,956,8371
2908,0,Visa,Debit,NO,2,14751.0,2012,No,04,2020,07,1999,957,1602
2909,0,Mastercard,Debit,YES,1,27268.0,2012,No,04,2024,07,2012,958,1484
2910,1,Amex,Credit,YES,1,16400.0,2020,No,02,2020,02,2020,958,4298
2911,0,Mastercard,Credit,YES,1,17600.0,2014,No,12,2019,09,2007,959,1737
2912,1,Mastercard,Debit,YES,2,31490.0,2011,No,04,2021,02,2011,959,7429
2913,2,Mastercard,Debit,YES,2,31008.0,2020,No,06,2021,02,2020,959,6800
2914,3,Mastercard,Debit,YES,2,25558.0,2020,No,04,2020,02,2020,959,2431
2915,0,Mastercard,Debit (Prepaid),YES,2,54.0,2010,No,11,2023,02,2007,960,8924
2916,1,Visa,Credit,YES,1,7200.0,2015,No,03,2024,02,2004,960,5447
2917,2,Visa,Debit,YES,2,5080.0,2010,No,01,2022,04,2010,960,7937
2918,3,Discover,Credit,YES,1,2700.0,2020,No,01,2020,01,2020,960,2052
2919,4,Mastercard,Debit,YES,2,9278.0,2011,No,04,2021,09,2001,960,4623
2920,5,Discover,Credit,YES,1,6000.0,2016,No,03,2022,03,2010,960,4639
2921,0,Mastercard,Debit,YES,1,27243.0,2012,No,03,2022,01,2012,961,7987
2922,1,Visa,Debit,YES,2,23237.0,2009,No,02,2017,02,2007,961,5650
2923,2,Visa,Debit,YES,2,16008.0,2011,No,10,2022,11,2011,961,0192
2924,3,Mastercard,Debit,YES,1,16279.0,2012,No,02,2022,01,2012,961,4664
2925,4,Mastercard,Debit,NO,1,16003.0,2013,No,11,2014,09,2013,961,5142
2926,0,Mastercard,Debit,YES,2,5488.0,2014,No,02,2021,08,2007,962,8183
2927,0,Visa,Debit,YES,1,45222.0,2020,No,02,2020,02,2020,963,9183
2928,1,Visa,Debit,YES,1,32071.0,2013,No,01,2021,01,2013,963,2118
2929,0,Visa,Debit,YES,2,16783.0,2020,No,08,2020,02,2020,964,0485
2930,0,Visa,Debit,YES,2,13524.0,2020,No,10,2023,02,2020,965,2492
2931,1,Visa,Credit,YES,2,15000.0,2020,No,04,2021,02,2020,965,0556
2932,0,Mastercard,Debit,YES,1,20062.0,2010,No,06,2005,10,2004,966,6852
2933,1,Mastercard,Credit,YES,2,8100.0,2009,No,02,2021,01,2008,966,3781
2934,2,Mastercard,Debit,NO,2,4335.0,2007,No,09,2021,09,2007,966,5546
2935,3,Mastercard,Credit,YES,2,2000.0,2010,No,04,2024,09,2010,966,6957
2936,0,Visa,Debit,YES,1,25445.0,2009,No,03,2022,08,2009,967,4661
2937,1,Mastercard,Credit,YES,1,17400.0,2010,No,07,2024,02,2010,967,7169
2938,2,Mastercard,Debit,YES,2,34684.0,2008,No,11,2019,11,2005,967,1622
2939,3,Mastercard,Debit,YES,2,28125.0,2015,No,03,2022,11,2015,967,8393
2940,4,Mastercard,Debit,YES,2,49705.0,2020,No,08,2020,02,2020,967,1981
2941,0,Visa,Debit,NO,2,31424.0,2010,No,09,2014,07,2009,968,4299
2942,1,Amex,Credit,YES,2,7900.0,2012,No,03,2023,03,2012,968,7910
2943,2,Mastercard,Debit,YES,1,19097.0,2011,No,06,2006,02,2006,968,7000
2944,3,Amex,Credit,YES,1,10100.0,2015,No,09,2021,10,2011,968,2533
2945,0,Visa,Debit,YES,1,32423.0,2012,No,12,2023,03,2012,969,5541
2946,1,Visa,Credit,YES,1,16900.0,2011,No,07,2015,11,2011,969,3221
2947,2,Mastercard,Debit,YES,1,17686.0,2007,No,06,2021,02,2004,969,0067
2948,0,Visa,Credit,NO,1,8100.0,2009,No,01,2020,08,2007,970,2697
2949,1,Mastercard,Debit,NO,1,10059.0,2014,No,03,2020,06,2005,970,8724
2950,2,Visa,Debit,NO,1,4302.0,2015,No,02,2022,09,2011,970,3617
2951,3,Visa,Credit,YES,1,7300.0,2011,No,11,2020,02,2011,970,2106
2952,0,Mastercard,Debit,YES,1,13123.0,2014,No,01,2024,10,2009,971,5407
2953,1,Mastercard,Debit,YES,1,3630.0,2009,No,01,2023,06,2003,971,8343
2954,2,Visa,Debit,YES,1,20173.0,2012,No,09,2022,08,2007,971,3061
2955,0,Amex,Credit,YES,1,9500.0,2014,No,09,2013,06,2010,972,4579
2956,1,Mastercard,Debit,YES,2,10141.0,2020,No,05,2021,02,2020,972,6176
2957,0,Visa,Credit,YES,1,16800.0,2011,No,04,2013,06,2011,973,5661
2958,1,Visa,Credit,NO,1,15900.0,2019,No,11,2020,11,2019,973,3240
2959,2,Mastercard,Debit,YES,1,24080.0,2016,No,11,2018,11,2016,973,3637
2960,3,Visa,Credit,YES,1,20400.0,2007,No,12,2023,11,2007,973,8055
2961,0,Mastercard,Credit,YES,1,22000.0,2013,No,04,2009,04,2007,974,2905
2962,1,Visa,Credit,YES,2,28300.0,2008,No,09,2020,12,1999,974,1511
2963,2,Mastercard,Debit,YES,1,27761.0,2010,No,01,2021,09,2010,974,6407
2964,3,Mastercard,Credit,YES,1,21200.0,2012,No,03,2023,04,2005,974,9095
2965,4,Visa,Debit,YES,1,20560.0,2009,No,03,2024,10,2009,974,7410
2966,5,Mastercard,Debit,YES,2,3095.0,2012,No,01,2013,06,2008,974,8342
2967,6,Mastercard,Debit,YES,2,43879.0,2015,No,06,2021,08,2006,974,9271
2968,0,Mastercard,Debit,YES,2,21359.0,2020,No,09,2022,01,2020,975,3618
2969,1,Mastercard,Credit,YES,1,10200.0,2020,No,10,2024,02,2020,975,8980
2970,0,Visa,Debit,YES,2,16332.0,2012,No,08,2022,08,2012,976,0095
2971,1,Mastercard,Credit,YES,1,9100.0,2019,No,12,2022,04,2010,976,5982
2972,2,Visa,Debit,YES,1,2289.0,2011,No,03,2024,04,2011,976,2920
2973,3,Visa,Debit,YES,1,23631.0,2014,No,06,2021,01,2006,976,6482
2974,0,Mastercard,Debit,YES,1,17995.0,2013,No,06,2024,05,2013,977,6319
2975,1,Mastercard,Credit,YES,1,14900.0,2008,No,01,2024,09,2001,977,7596
2976,2,Mastercard,Debit,YES,2,26830.0,2004,No,02,2023,02,2004,977,4439
2977,3,Mastercard,Debit,YES,1,202.0,2013,No,03,2023,03,2004,977,0629
2978,4,Mastercard,Debit,NO,2,11460.0,2012,No,04,2023,04,2005,977,5789
2979,0,Mastercard,Debit,YES,1,11934.0,2020,No,02,2020,02,2020,978,9333
2980,1,Mastercard,Debit,YES,1,12427.0,2020,No,01,2020,01,2020,978,4884
2981,2,Mastercard,Debit,YES,1,24432.0,2020,No,02,2020,01,2020,978,1120
2982,0,Visa,Debit,YES,2,6513.0,2020,No,08,2024,02,2020,979,5730
2983,1,Visa,Credit,YES,2,1500.0,2020,No,06,2021,01,2020,979,9263
2984,0,Mastercard,Credit,YES,2,1500.0,2009,No,12,2024,08,2009,980,8072
2985,1,Visa,Credit,YES,2,8300.0,2011,No,10,2009,07,2009,980,9759
2986,2,Mastercard,Credit,YES,2,9300.0,2010,No,07,2024,01,2007,980,9671
2987,3,Visa,Debit (Prepaid),YES,2,87.0,2020,No,02,2020,02,2020,980,2679
2988,4,Mastercard,Debit,YES,1,14104.0,2011,No,10,2012,10,2011,980,9360
2989,5,Mastercard,Debit,YES,2,14725.0,2011,No,05,2022,06,2011,980,8882
2990,6,Visa,Debit,YES,2,12016.0,2011,No,03,2020,10,2008,980,8499
2991,0,Mastercard,Debit,YES,2,22567.0,2009,No,08,2022,08,2008,981,1945
2992,1,Visa,Debit,YES,2,26743.0,2013,No,03,2022,11,2006,981,4077
2993,2,Visa,Debit,YES,1,16722.0,2005,No,02,2021,06,2000,981,5172
2994,3,Visa,Debit,YES,2,9521.0,2007,No,09,2023,08,2006,981,2816
2995,0,Mastercard,Debit,YES,1,14253.0,2014,No,12,2021,08,2014,982,1891
2996,1,Mastercard,Debit (Prepaid),YES,1,78.0,2020,No,12,2024,01,2020,982,1132
2997,2,Mastercard,Debit,YES,1,26678.0,2013,No,10,2024,01,2013,982,9305
2998,3,Visa,Debit,YES,2,15652.0,2011,No,05,2023,04,2011,982,3008
2999,0,Discover,Credit,YES,2,6900.0,2011,No,07,2009,09,2008,983,2694
3000,0,Mastercard,Debit,YES,1,13378.0,2009,No,05,2024,02,2009,984,2830
3001,1,Visa,Debit,YES,2,15516.0,2014,No,10,2020,09,1998,984,1395
3002,2,Visa,Debit,YES,2,9956.0,2010,No,05,2024,07,2005,984,6445
3003,3,Mastercard,Debit,YES,1,3614.0,2009,No,08,2020,10,2009,984,0216
3004,4,Visa,Debit,YES,2,5992.0,2011,No,02,2020,11,2010,984,2239
3005,0,Mastercard,Debit,YES,2,31219.0,2020,No,11,2023,02,2020,985,5721
3006,1,Mastercard,Debit,YES,1,20619.0,2018,No,11,2021,07,2018,985,8814
3007,2,Mastercard,Debit (Prepaid),YES,1,74.0,2009,No,04,2019,10,2009,985,6995
3008,0,Visa,Debit,YES,1,22768.0,2020,No,06,2022,02,2020,986,3801
3009,1,Visa,Credit,NO,1,3000.0,2020,No,01,2021,02,2020,986,7507
3010,2,Mastercard,Credit,YES,2,11500.0,2020,No,01,2020,01,2020,986,2647
3011,3,Mastercard,Debit,YES,2,7458.0,2020,No,01,2024,02,2020,986,1878
3012,0,Visa,Debit,YES,1,15504.0,2012,No,04,2023,05,2011,987,2924
3013,1,Mastercard,Credit,YES,1,5600.0,2019,No,02,2020,08,2004,987,8720
3014,2,Mastercard,Debit,YES,2,3117.0,2006,No,04,2024,03,2001,987,1076
3015,3,Visa,Debit,YES,1,14007.0,2015,No,03,2022,07,2000,987,9619
3016,4,Visa,Debit,YES,2,13390.0,2010,No,04,2021,12,2008,987,2034
3017,0,Visa,Debit,YES,2,35649.0,2011,No,10,2021,06,2006,988,7315
3018,1,Visa,Debit,YES,2,18979.0,2008,No,10,2012,03,2004,988,2088
3019,2,Mastercard,Credit,NO,2,10000.0,2012,No,02,2023,12,2006,988,7524
3020,3,Visa,Debit (Prepaid),YES,2,63.0,2014,No,08,2018,08,2009,988,2347
3021,0,Mastercard,Debit,YES,2,24878.0,2011,No,01,2021,08,2008,989,1902
3022,1,Amex,Credit,YES,2,23900.0,2012,No,05,2023,04,2010,989,8797
3023,2,Mastercard,Debit,YES,2,9213.0,2009,No,02,2022,08,2005,989,9871
3024,0,Visa,Debit,YES,2,23538.0,2011,No,07,2024,08,2011,990,9229
3025,1,Visa,Debit,YES,2,15658.0,2016,No,09,2017,09,2016,990,2638
3026,2,Mastercard,Credit,YES,1,8900.0,2011,No,05,2021,03,2006,990,1697
3027,0,Mastercard,Debit (Prepaid),YES,1,58.0,2020,No,02,2020,01,2020,991,2897
3028,1,Mastercard,Debit,YES,1,12782.0,2011,No,04,2022,02,2011,991,0465
3029,2,Visa,Debit,YES,1,17297.0,2010,No,03,2016,10,2010,991,5816
3030,3,Mastercard,Credit,YES,1,10600.0,2011,No,10,2024,08,1994,991,3237
3031,0,Mastercard,Debit,YES,1,10644.0,2011,No,11,2020,02,2005,992,2934
3032,1,Visa,Debit,YES,1,13438.0,2013,No,01,2015,09,2013,992,7906
3033,2,Mastercard,Debit,YES,1,14269.0,2011,No,05,2023,02,1999,992,4325
3034,0,Visa,Credit,YES,2,9300.0,2010,No,06,2023,02,2010,993,6449
3035,1,Visa,Debit,YES,2,34175.0,2011,No,12,2017,07,2009,993,5891
3036,0,Visa,Debit,YES,2,367.0,2010,No,08,2024,12,2006,994,3392
3037,1,Mastercard,Debit,YES,2,441.0,2014,No,06,2022,09,2009,994,7486
3038,0,Mastercard,Debit,YES,2,11087.0,2011,No,06,2021,05,2010,995,7621
3039,1,Amex,Credit,YES,2,12200.0,2011,No,09,2020,08,2009,995,4759
3040,0,Mastercard,Debit,YES,2,12102.0,2010,No,11,2020,01,2010,996,6347
3041,1,Mastercard,Debit,YES,1,24068.0,2009,No,06,2020,01,2009,996,8792
3042,2,Mastercard,Debit,YES,2,15305.0,2017,No,10,2024,05,2017,996,3228
3043,0,Visa,Debit,YES,2,11268.0,2013,No,10,2024,02,2009,997,0478
3044,1,Mastercard,Debit,YES,2,5997.0,2012,No,01,2020,08,2006,997,1345
3045,2,Amex,Credit,YES,2,4000.0,2011,No,07,2021,04,2003,997,5230
3046,3,Amex,Credit,NO,2,9700.0,2009,No,08,2023,01,2009,997,5963
3047,0,Mastercard,Debit,YES,2,21502.0,2018,No,02,2024,09,2018,998,9124
3048,0,Mastercard,Debit,YES,2,2042.0,2013,No,01,2022,03,2006,999,6847
3049,1,Mastercard,Debit,YES,1,13922.0,2012,No,09,2023,02,2006,999,6549
3050,0,Discover,Credit,YES,2,13100.0,2006,No,03,2023,10,2006,1000,0363
3051,1,Visa,Debit,YES,2,15227.0,2015,No,11,2016,02,2008,1000,9469
3052,2,Visa,Credit,YES,2,3300.0,2010,No,01,2023,02,2010,1000,1889
3053,3,Visa,Debit,YES,1,19829.0,2010,No,10,2021,11,2005,1000,9546
3054,0,Mastercard,Debit,NO,1,23996.0,2020,No,01,2020,01,2020,1001,9712
3055,0,Mastercard,Debit (Prepaid),YES,1,55.0,2010,No,11,2024,09,2004,1002,1648
3056,1,Visa,Debit,YES,1,37941.0,2020,No,08,2020,02,2020,1002,3516
3057,2,Visa,Credit,YES,1,37600.0,2006,No,06,2008,11,2004,1002,9718
3058,0,Visa,Debit,YES,2,33390.0,2007,No,04,2023,01,2003,1003,7633
3059,1,Mastercard,Debit,YES,2,22532.0,2012,No,12,2021,08,2012,1003,7372
3060,2,Mastercard,Debit,YES,2,16325.0,2015,No,04,2024,12,2015,1003,8465
3061,3,Mastercard,Debit,YES,1,17885.0,2010,No,06,2023,04,2005,1003,8718
3062,4,Visa,Debit,YES,1,24827.0,2008,No,12,2023,11,2003,1003,0191
3063,5,Mastercard,Debit,YES,1,30704.0,2015,No,10,2015,05,2015,1003,9753
3064,0,Visa,Debit,YES,2,13637.0,2012,No,02,2020,06,2010,1004,1574
3065,1,Mastercard,Debit,YES,1,2504.0,2016,No,05,2024,10,2009,1004,0370
3066,2,Visa,Debit,YES,1,15535.0,2015,No,03,2023,11,2006,1004,3450
3067,3,Mastercard,Debit,YES,1,14898.0,2008,No,09,2022,08,2008,1004,8343
3068,4,Mastercard,Debit,YES,2,9696.0,2014,No,07,2023,02,2008,1004,3283
3069,5,Visa,Debit,YES,1,22310.0,2011,No,05,2023,09,2009,1004,5157
3070,0,Visa,Debit (Prepaid),NO,1,76.0,2020,No,01,2020,01,2020,1005,9873
3071,1,Amex,Credit,YES,2,8000.0,2020,No,03,2024,01,2020,1005,8936
3072,2,Mastercard,Credit,YES,2,9200.0,2020,No,11,2024,02,2020,1005,3700
3073,3,Mastercard,Debit,YES,1,21244.0,2020,No,06,2020,02,2020,1005,7992
3074,4,Visa,Debit,NO,2,20751.0,2020,No,06,2022,02,2020,1005,5037
3075,0,Mastercard,Debit,YES,2,16347.0,2010,No,03,2019,03,2004,1006,9084
3076,0,Visa,Debit,YES,1,23404.0,2012,No,10,2023,07,2010,1007,6980
3077,1,Visa,Debit,YES,2,20930.0,2008,No,04,2022,10,2002,1007,3873
3078,2,Visa,Debit,YES,2,23014.0,2013,No,08,2013,03,2013,1007,7529
3079,0,Visa,Credit,YES,2,9500.0,2020,No,12,2022,01,2020,1008,3518
3080,0,Mastercard,Debit,YES,1,2778.0,2005,No,06,2020,02,1998,1009,0248
3081,1,Amex,Credit,YES,2,11800.0,2015,No,02,2020,04,2015,1009,9607
3082,2,Discover,Credit,YES,1,11500.0,2007,No,10,2020,05,2004,1009,6833
3083,3,Discover,Credit,YES,2,13000.0,2009,No,02,2009,02,2008,1009,3148
3084,4,Visa,Debit,YES,1,21102.0,2016,No,12,2024,04,2016,1009,0322
3085,5,Visa,Debit (Prepaid),YES,1,60.0,2009,No,03,2021,09,2006,1009,7430
3086,0,Visa,Credit,YES,2,23100.0,2010,No,06,2020,01,2008,1010,5381
3087,1,Mastercard,Debit,YES,1,34826.0,2015,No,03,2021,08,2015,1010,5232
3088,2,Visa,Debit,NO,1,25429.0,2016,No,12,2023,10,2016,1010,8933
3089,0,Mastercard,Debit,YES,1,79717.0,2013,No,12,2022,02,2001,1011,3203
3090,1,Mastercard,Debit,YES,2,5307.0,2010,No,04,2023,06,2004,1011,8112
3091,2,Mastercard,Debit,YES,2,47131.0,2008,No,04,2019,07,2005,1011,3556
3092,3,Mastercard,Debit,YES,2,36724.0,2010,No,10,2021,01,2005,1011,3892
3093,4,Mastercard,Debit,YES,1,6875.0,2012,No,10,2024,02,2010,1011,9107
3094,0,Mastercard,Debit,YES,1,17229.0,2012,No,04,2024,11,2012,1012,9645
3095,1,Mastercard,Debit,YES,1,31747.0,2015,No,05,2022,02,2015,1012,4855
3096,2,Mastercard,Debit,YES,2,50127.0,2013,No,01,2023,02,2013,1012,4189
3097,0,Discover,Credit,YES,2,21400.0,2010,No,10,2022,02,2010,1013,3814
3098,0,Mastercard,Debit,YES,2,24614.0,2012,No,01,2022,09,2007,1014,5335
3099,1,Mastercard,Debit,YES,2,2809.0,2011,No,12,2023,09,2006,1014,1284
3100,2,Mastercard,Debit,NO,2,15076.0,2015,No,03,2007,07,2003,1014,9338
3101,3,Visa,Debit,YES,1,27646.0,2009,No,09,2020,07,2008,1014,8535
3102,0,Mastercard,Debit,YES,1,20447.0,2017,No,01,2021,01,2017,1015,5567
3103,1,Mastercard,Debit,YES,1,29948.0,2011,No,10,2021,04,2011,1015,3581
3104,2,Visa,Debit,YES,2,28021.0,2011,No,09,2020,09,2003,1015,6161
3105,3,Mastercard,Debit (Prepaid),NO,1,58.0,2013,No,12,2013,12,2013,1015,8955
3106,0,Mastercard,Debit (Prepaid),YES,2,44.0,2020,No,08,2020,01,2020,1016,3907
3107,0,Mastercard,Debit,YES,2,19880.0,2020,No,02,2022,02,2020,1017,8480
3108,1,Mastercard,Credit,YES,1,12700.0,2020,No,04,2021,01,2020,1017,6428
3109,0,Visa,Debit,YES,1,42670.0,2012,No,03,2024,02,2012,1018,8507
3110,1,Mastercard,Debit,NO,1,21611.0,2020,No,02,2020,01,2020,1018,8126
3111,2,Mastercard,Debit,YES,2,50521.0,2018,No,07,2021,06,2018,1018,5750
3112,3,Mastercard,Debit,YES,2,27982.0,2010,No,03,2024,04,2010,1018,4769
3113,4,Mastercard,Debit,YES,1,22886.0,2009,No,10,2023,12,2009,1018,6271
3114,5,Mastercard,Debit,YES,2,32049.0,2005,No,11,2020,05,2005,1018,7375
3115,6,Mastercard,Debit,NO,1,45141.0,2010,No,06,2023,10,2008,1018,1018
3116,0,Mastercard,Debit (Prepaid),YES,1,44.0,2014,No,11,2023,10,2004,1019,1014
3117,0,Amex,Credit,YES,1,26900.0,2019,No,07,2023,05,2002,1020,3308
3118,1,Mastercard,Debit,YES,2,5414.0,2012,No,06,2023,11,2011,1020,0190
3119,2,Mastercard,Debit,YES,2,17846.0,2011,No,07,2018,10,2004,1020,9714
3120,3,Visa,Debit (Prepaid),YES,2,51.0,2014,No,11,2022,07,2010,1020,0262
3121,4,Mastercard,Debit,YES,2,39080.0,2017,No,01,2019,02,2000,1020,8214
3122,0,Mastercard,Credit,YES,1,5600.0,2011,No,05,2024,06,2008,1021,9648
3123,1,Mastercard,Debit,YES,2,7090.0,2017,No,02,2020,05,2007,1021,9197
3124,2,Amex,Credit,YES,1,4600.0,2012,No,04,2023,07,2012,1021,5315
3125,3,Amex,Credit,YES,1,6900.0,2008,No,04,2020,06,2007,1021,7390
3126,0,Discover,Credit,YES,2,7900.0,2004,No,03,2020,03,2001,1022,2923
3127,1,Mastercard,Debit,NO,1,415.0,2013,No,07,2023,06,2011,1022,1446
3128,0,Amex,Credit,YES,1,11800.0,2020,No,06,2021,02,2020,1023,3298
3129,0,Mastercard,Debit,YES,1,10107.0,2019,No,04,2020,08,2019,1024,0682
3130,0,Visa,Debit,NO,2,12286.0,2013,No,10,2024,06,2004,1025,0800
3131,1,Mastercard,Debit,YES,2,18894.0,2015,No,01,2022,02,2009,1025,5154
3132,0,Mastercard,Debit,YES,1,35175.0,2013,No,11,2017,08,2013,1026,6600
3133,1,Mastercard,Debit,YES,1,21205.0,2010,No,10,2021,06,2005,1026,2741
3134,2,Mastercard,Debit,NO,1,25985.0,2017,No,11,2021,07,2017,1026,6552
3135,3,Mastercard,Debit,NO,1,39431.0,2008,No,06,2024,07,2004,1026,9714
3136,4,Visa,Debit,YES,2,18288.0,2012,No,03,2024,08,2010,1026,6138
3137,0,Visa,Credit,YES,1,9000.0,2007,No,08,2020,01,2007,1027,4776
3138,1,Mastercard,Debit,YES,2,12367.0,2008,No,10,2021,03,2008,1027,5025
3139,2,Mastercard,Debit,YES,2,19619.0,2016,No,09,2021,06,2016,1027,2167
3140,0,Amex,Credit,YES,1,12800.0,2020,No,06,2020,01,2020,1028,3511
3141,0,Visa,Credit,YES,1,9500.0,2014,No,06,2022,02,2014,1029,2092
3142,0,Mastercard,Debit,YES,2,3966.0,2013,No,09,2024,01,2008,1030,2213
3143,1,Mastercard,Debit,YES,2,8812.0,2009,No,11,2009,09,2009,1030,8987
3144,2,Visa,Debit,YES,2,13434.0,2003,No,10,2022,03,2003,1030,5224
3145,3,Mastercard,Debit,YES,1,13104.0,2017,No,11,2020,12,2008,1030,0451
3146,0,Mastercard,Debit,YES,1,9454.0,2007,No,09,2021,04,2002,1031,7393
3147,1,Mastercard,Debit,YES,1,13764.0,2012,No,01,2020,11,2012,1031,1572
3148,2,Mastercard,Debit,YES,1,14639.0,2018,No,05,2024,08,2018,1031,8595
3149,3,Mastercard,Debit,NO,2,20277.0,2014,No,08,2024,08,2014,1031,7400
3150,4,Mastercard,Debit,YES,1,11166.0,2020,No,02,2020,02,2020,1031,3113
3151,0,Mastercard,Credit,YES,2,7200.0,2010,No,06,2024,11,2007,1032,7633
3152,1,Mastercard,Debit,YES,1,12389.0,2016,No,11,2022,06,2016,1032,7253
3153,0,Visa,Debit,YES,2,2121.0,2009,No,02,2023,01,2005,1033,4383
3154,1,Visa,Debit,YES,2,13455.0,2011,No,11,2024,11,2001,1033,5957
3155,2,Visa,Debit (Prepaid),YES,2,48.0,2013,No,08,2023,03,2009,1033,2331
3156,3,Mastercard,Debit (Prepaid),YES,2,49.0,2009,No,02,2022,11,2009,1033,4424
3157,4,Visa,Credit,YES,2,5000.0,2013,No,07,2022,01,2013,1033,3657
3158,5,Mastercard,Credit,NO,1,6800.0,2009,No,06,2010,06,2005,1033,9213
3159,0,Visa,Credit,YES,2,24900.0,2013,No,06,2021,05,2008,1034,9176
3160,1,Mastercard,Debit,YES,2,19670.0,2009,No,01,2024,01,2005,1034,4505
3161,2,Mastercard,Debit,YES,2,23231.0,2020,No,07,2024,02,2020,1034,6689
3162,3,Visa,Debit (Prepaid),YES,2,18.0,2013,No,03,2022,03,2006,1034,8208
3163,0,Mastercard,Debit,YES,1,13699.0,2019,No,07,2021,10,2019,1035,2900
3164,1,Visa,Credit,NO,2,11700.0,2010,No,05,2017,09,2006,1035,6132
3165,2,Mastercard,Credit,YES,1,1800.0,2010,No,11,2010,11,2010,1035,1135
3166,3,Mastercard,Debit,YES,1,15612.0,2012,No,10,2023,11,2012,1035,5496
3167,0,Mastercard,Debit,YES,1,4699.0,2018,No,08,2024,09,2007,1036,4888
3168,0,Mastercard,Debit,YES,1,77778.0,2020,No,02,2021,02,2020,1037,3736
3169,1,Visa,Debit,NO,1,31755.0,2008,No,10,2023,07,2008,1037,0556
3170,2,Mastercard,Debit,YES,1,28601.0,2012,No,11,2024,04,2012,1037,8801
3171,3,Mastercard,Credit,YES,2,25900.0,2011,No,03,2010,04,2005,1037,8309
3172,4,Mastercard,Debit (Prepaid),YES,2,97.0,2010,No,06,2009,10,2001,1037,4749
3173,5,Mastercard,Debit,NO,2,22553.0,2010,No,05,2023,08,2007,1037,7374
3174,6,Mastercard,Debit (Prepaid),YES,2,65.0,2015,No,05,2022,11,2010,1037,1865
3175,7,Mastercard,Debit,YES,2,21225.0,2012,No,10,2024,01,2003,1037,1109
3176,0,Mastercard,Credit,YES,2,13300.0,2020,No,12,2021,01,2020,1038,9591
3177,1,Mastercard,Debit,YES,2,9141.0,2011,No,07,2022,02,2010,1038,4093
3178,0,Mastercard,Debit,YES,2,14733.0,2011,No,05,2021,12,2009,1039,9328
3179,1,Visa,Debit,YES,1,15814.0,2010,No,08,2023,11,2002,1039,9326
3180,2,Mastercard,Debit,YES,1,20816.0,2013,No,05,2021,03,2013,1039,7847
3181,3,Visa,Credit,YES,2,8500.0,2010,No,02,2014,09,2008,1039,5898
3182,0,Mastercard,Debit,YES,1,35493.0,2018,No,07,2021,08,2018,1040,9550
3183,1,Mastercard,Debit,YES,2,58311.0,2013,No,07,2020,10,2013,1040,7148
3184,2,Mastercard,Credit,YES,1,24700.0,2020,No,09,2023,02,2020,1040,6533
3185,3,Mastercard,Debit,YES,2,66779.0,2011,No,10,2024,01,2009,1040,0658
3186,4,Mastercard,Debit (Prepaid),YES,1,58.0,2012,No,02,2024,02,2007,1040,7701
3187,0,Discover,Credit,YES,2,7400.0,2017,No,08,2023,03,2009,1041,0660
3188,1,Mastercard,Debit,YES,2,11310.0,2012,No,10,2020,12,2008,1041,9364
3189,2,Mastercard,Credit,NO,2,7200.0,2011,No,08,2019,02,2011,1041,4228
3190,0,Mastercard,Debit,NO,1,28352.0,2012,No,04,2022,03,2010,1042,7552
3191,1,Amex,Credit,YES,2,10000.0,2011,No,06,2016,05,2009,1042,1771
3192,2,Mastercard,Debit,YES,1,32325.0,2016,No,02,2024,09,2016,1042,4397
3193,3,Mastercard,Debit,YES,2,22405.0,2014,No,05,2018,07,2014,1042,4739
3194,4,Amex,Credit,YES,1,17300.0,2013,No,01,2021,06,2008,1042,2340
3195,0,Mastercard,Debit,YES,1,11163.0,2020,No,07,2020,01,2020,1043,6584
3196,1,Mastercard,Debit,YES,1,13612.0,2011,No,02,2024,05,2011,1043,5773
3197,2,Visa,Debit,YES,1,11168.0,2009,No,12,2016,11,2009,1043,8199
3198,0,Visa,Credit,NO,2,6200.0,2020,No,03,2020,01,2020,1044,7168
3199,1,Mastercard,Debit (Prepaid),YES,1,61.0,2009,No,05,2019,04,2008,1044,5768
3200,2,Mastercard,Debit,YES,1,12103.0,2019,No,02,2020,02,2019,1044,9611
3201,0,Discover,Credit,YES,2,7900.0,2010,No,08,2022,05,2009,1045,5117
3202,1,Mastercard,Debit,YES,1,11408.0,2012,No,06,2016,03,2012,1045,2940
3203,0,Mastercard,Debit,YES,1,22362.0,2014,No,07,2021,09,2010,1046,0824
3204,0,Visa,Debit,YES,1,14993.0,2020,No,09,2020,02,2020,1047,0417
3205,1,Amex,Credit,NO,2,8300.0,2020,No,04,2024,02,2020,1047,8559
3206,0,Mastercard,Debit,YES,1,29716.0,2011,No,12,2021,12,2009,1048,3635
3207,1,Visa,Debit,YES,1,19258.0,2011,No,10,2009,08,2009,1048,9696
3208,2,Visa,Credit,YES,3,13400.0,2011,No,08,2020,05,2009,1048,8293
3209,3,Visa,Credit,YES,2,17100.0,2020,No,09,2022,02,2020,1048,3871
3210,0,Visa,Debit,YES,2,16736.0,2020,No,09,2022,02,2020,1049,1971
3211,1,Mastercard,Debit,YES,1,10196.0,2020,No,09,2021,01,2020,1049,0612
3212,0,Visa,Debit,YES,1,20961.0,2010,No,09,2014,09,2004,1050,4996
3213,1,Mastercard,Credit,YES,2,10500.0,2016,No,02,2023,05,2003,1050,7528
3214,2,Amex,Credit,YES,2,16500.0,2013,No,10,2023,01,2013,1050,2370
3215,0,Visa,Credit,YES,2,11300.0,2016,No,08,2016,05,2016,1051,8588
3216,1,Mastercard,Debit,YES,1,13866.0,2018,No,12,2021,02,2018,1051,3744
3217,2,Mastercard,Debit,YES,2,14913.0,2010,No,05,2021,02,2010,1051,1744
3218,0,Discover,Credit,YES,1,6100.0,2020,No,10,2022,02,2020,1052,2438
3219,0,Visa,Debit,NO,1,3728.0,2010,No,11,2012,10,2010,1053,6092
3220,1,Discover,Credit,YES,1,7400.0,2007,No,10,2024,07,2001,1053,8613
3221,2,Mastercard,Debit (Prepaid),YES,1,77.0,2009,No,10,2020,09,2009,1053,1214
3222,3,Visa,Debit,YES,1,12299.0,2007,No,02,2021,03,2005,1053,8061
3223,0,Visa,Credit,YES,2,6800.0,2010,No,03,2021,01,2010,1054,6972
3224,1,Visa,Debit (Prepaid),YES,1,77.0,2020,No,02,2022,01,2020,1054,2429
3225,0,Mastercard,Debit,YES,2,2172.0,2017,No,01,2017,06,2009,1055,8718
3226,1,Mastercard,Debit,YES,1,8661.0,2020,No,04,2021,01,2020,1055,9018
3227,2,Visa,Debit,YES,2,4009.0,2020,No,03,2023,01,2020,1055,5909
3228,0,Amex,Credit,YES,1,11200.0,2020,No,12,2020,02,2020,1056,8700
3229,1,Visa,Debit,YES,2,16479.0,2020,No,12,2021,01,2020,1056,3084
3230,0,Mastercard,Debit (Prepaid),YES,1,65.0,2012,No,06,2022,11,2012,1057,8498
3231,1,Mastercard,Debit,YES,1,17993.0,2012,No,07,2021,06,2012,1057,4928
3232,0,Mastercard,Debit,YES,2,16398.0,2005,No,04,2011,12,2005,1058,4303
3233,1,Mastercard,Debit,YES,2,21284.0,2016,No,10,2021,06,1998,1058,8156
3234,0,Visa,Debit,NO,2,13022.0,2015,No,09,2021,06,2015,1059,6256
3235,1,Visa,Credit,YES,1,8500.0,2020,No,11,2020,02,2020,1059,6371
3236,0,Visa,Debit,YES,1,34123.0,2009,No,06,2024,06,2009,1060,5134
3237,1,Mastercard,Debit,YES,1,25670.0,2010,No,10,2013,05,1999,1060,2912
3238,2,Mastercard,Credit,YES,1,9000.0,2012,No,07,2020,05,1999,1060,3504
3239,3,Visa,Debit,YES,2,8280.0,2017,No,09,2023,12,2008,1060,3008
3240,0,Amex,Credit,YES,2,6400.0,2011,No,01,2021,10,2010,1061,6555
3241,1,Mastercard,Debit,YES,2,9741.0,2010,No,08,2022,12,2001,1061,2763
3242,2,Mastercard,Debit,YES,2,1326.0,2011,No,06,2023,03,2001,1061,3222
3243,3,Discover,Credit,YES,2,3600.0,2005,No,10,2022,10,1998,1061,4388
3244,4,Mastercard,Credit,YES,1,5500.0,2012,No,05,2022,03,2006,1061,2841
3245,0,Mastercard,Debit,YES,2,16675.0,2009,No,10,2020,03,2009,1062,6245
3246,1,Visa,Debit,YES,2,21594.0,2015,No,05,2021,01,2015,1062,6978
3247,2,Visa,Debit,YES,1,14277.0,2012,No,02,2020,06,2012,1062,1903
3248,3,Visa,Debit,YES,2,13368.0,2014,No,09,2021,04,2014,1062,2522
3249,4,Mastercard,Credit,YES,1,12700.0,2016,No,05,2020,12,2007,1062,6225
3250,0,Amex,Credit,YES,1,11200.0,2013,No,05,2015,06,2000,1063,3159
3251,1,Visa,Debit,YES,1,1342.0,2008,No,06,2024,09,2008,1063,8075
3252,2,Visa,Credit,YES,2,8700.0,2009,No,05,2024,05,2008,1063,1636
3253,3,Visa,Debit (Prepaid),YES,2,75.0,2019,No,06,2019,03,2019,1063,7391
3254,4,Mastercard,Debit,YES,1,35062.0,2011,No,10,2021,02,2004,1063,8100
3255,5,Mastercard,Debit,YES,2,17503.0,2019,No,02,2020,08,2019,1063,4518
3256,6,Visa,Credit,YES,1,16900.0,2011,No,10,2021,11,2011,1063,2222
3257,0,Mastercard,Credit,NO,2,9000.0,2010,No,01,2023,10,2010,1064,7493
3258,1,Visa,Credit,YES,2,9800.0,2012,No,04,2024,09,2012,1064,9013
3259,2,Mastercard,Credit,YES,1,10600.0,2009,No,12,2023,12,2008,1064,9221
3260,3,Visa,Credit,YES,1,7200.0,2013,No,08,2020,03,2013,1064,4321
3261,4,Amex,Credit,YES,2,7900.0,2017,No,11,2023,06,2007,1064,1738
3262,0,Mastercard,Debit,YES,2,12189.0,2011,No,02,2020,06,2011,1065,3016
3263,1,Amex,Credit,NO,1,12300.0,2009,No,09,2021,12,1997,1065,2279
3264,2,Visa,Debit,YES,2,8702.0,2014,No,06,2022,01,2010,1065,4229
3265,3,Mastercard,Debit,YES,2,10638.0,2010,No,12,2022,09,2004,1065,6388
3266,4,Amex,Credit,YES,2,5800.0,2010,No,11,2020,02,1998,1065,9855
3267,5,Mastercard,Credit,YES,1,13200.0,2018,No,09,2020,03,2002,1065,9250
3268,6,Mastercard,Credit,YES,2,4800.0,2009,No,10,2021,12,2005,1065,7293
3269,0,Mastercard,Credit,YES,2,6800.0,2013,No,11,2020,08,2013,1066,7772
3270,1,Visa,Debit (Prepaid),YES,2,64.0,2018,No,04,2020,10,2018,1066,8441
3271,0,Visa,Credit,YES,1,5800.0,2010,No,09,2011,08,2010,1067,1020
3272,1,Mastercard,Debit,YES,2,22742.0,2009,No,08,2024,01,2009,1067,1143
3273,2,Amex,Credit,YES,1,19300.0,2013,No,04,2020,02,2003,1067,9068
3274,3,Visa,Credit,YES,1,13800.0,2008,No,03,2024,11,2008,1067,1501
3275,0,Mastercard,Credit,YES,2,8200.0,2010,No,12,2022,03,2007,1068,2591
3276,0,Visa,Debit,YES,2,840.0,2020,No,08,2021,01,2020,1069,7827
3277,0,Visa,Credit,YES,2,12600.0,2014,No,02,2023,11,1996,1070,4793
3278,1,Mastercard,Debit,YES,2,15552.0,2014,No,09,2023,06,2010,1070,9734
3279,2,Visa,Debit,YES,1,5133.0,2008,No,08,2022,08,2008,1070,9336
3280,3,Mastercard,Debit,YES,2,24049.0,2013,No,11,2020,07,2006,1070,1767
3281,0,Visa,Debit,YES,1,17382.0,2020,No,10,2020,02,2020,1071,8961
3282,1,Visa,Debit,NO,1,19483.0,2020,No,09,2021,02,2020,1071,4737
3283,0,Visa,Debit,YES,2,2174.0,2010,No,07,2020,12,2002,1072,4992
3284,0,Mastercard,Debit,YES,2,25301.0,2014,No,08,2017,08,2014,1073,5735
3285,1,Visa,Credit,YES,2,11000.0,2013,No,09,2012,09,2011,1073,0458
3286,2,Discover,Credit,YES,1,7100.0,2020,No,11,2022,02,2020,1073,9889
3287,0,Mastercard,Debit (Prepaid),YES,2,57.0,2008,No,10,2008,08,2008,1074,0316
3288,1,Mastercard,Debit (Prepaid),YES,2,33.0,2013,No,11,2016,06,2006,1074,6143
3289,2,Visa,Credit,NO,1,10900.0,2020,No,03,2024,02,2020,1074,6281
3290,0,Visa,Credit,YES,2,7100.0,2007,No,10,2021,10,2007,1075,6220
3291,1,Mastercard,Debit,YES,1,10005.0,2012,No,02,2022,04,2012,1075,3669
3292,0,Visa,Debit,YES,1,10627.0,2011,No,09,2023,11,2011,1076,3425
3293,1,Mastercard,Debit,NO,2,12157.0,2019,No,09,2024,01,2010,1076,8323
3294,2,Mastercard,Debit,YES,1,60.0,2009,No,03,2008,09,2004,1076,8071
3295,3,Mastercard,Credit,YES,2,10600.0,2008,No,12,2020,06,2003,1076,3823
3296,4,Visa,Debit,YES,1,17383.0,2012,No,11,2023,03,2012,1076,6400
3297,0,Mastercard,Credit,YES,1,14200.0,2015,No,07,2022,06,2015,1077,0395
3298,0,Mastercard,Debit,NO,2,11620.0,2010,No,12,2021,02,2010,1078,3472
3299,1,Visa,Debit,YES,2,16642.0,2012,No,01,2020,01,2007,1078,1048
3300,2,Mastercard,Credit,YES,1,6900.0,2017,No,05,2020,02,2017,1078,0380
3301,3,Visa,Credit,NO,2,12500.0,2012,No,09,2007,10,2006,1078,2536
3302,0,Mastercard,Debit,YES,2,14814.0,2008,No,09,2024,03,2008,1079,2998
3303,1,Amex,Credit,YES,1,10900.0,2011,No,09,2021,06,2011,1079,7037
3304,2,Mastercard,Debit,YES,2,17253.0,2011,No,01,2023,09,2009,1079,2353
3305,0,Visa,Debit,YES,2,20756.0,2009,No,09,2009,08,2009,1080,2220
3306,1,Mastercard,Debit,YES,2,22132.0,2018,No,02,2020,01,2018,1080,1272
3307,2,Mastercard,Debit (Prepaid),YES,2,63.0,2009,No,07,2010,11,2009,1080,6287
3308,3,Mastercard,Credit,YES,1,12100.0,2010,No,11,2024,03,2009,1080,3899
3309,4,Visa,Debit (Prepaid),YES,2,71.0,2014,No,03,2024,07,2007,1080,0679
3310,5,Mastercard,Credit,YES,2,13000.0,2017,No,06,2020,08,2017,1080,9328
3311,0,Mastercard,Debit,YES,2,12047.0,2008,No,05,2018,04,2000,1081,8758
3312,0,Visa,Credit,NO,2,14900.0,2011,No,10,2020,01,2008,1082,8245
3313,1,Mastercard,Debit,YES,2,14066.0,2012,No,11,2022,02,2010,1082,7132
3314,2,Mastercard,Debit (Prepaid),NO,2,60.0,2013,No,09,2021,05,2005,1082,7703
3315,3,Mastercard,Debit,YES,3,18242.0,2011,No,12,2024,04,2003,1082,0730
3316,4,Mastercard,Debit,YES,2,2041.0,2012,No,09,2023,04,1997,1082,7067
3317,5,Mastercard,Debit (Prepaid),YES,2,46.0,2016,No,12,2022,09,2009,1082,8374
3318,0,Visa,Credit,YES,1,12700.0,2011,No,07,2020,12,2010,1083,5073
3319,1,Mastercard,Debit,YES,1,27124.0,2020,No,02,2020,02,2020,1083,5113
3320,2,Discover,Credit,YES,2,6400.0,2020,No,05,2023,02,2020,1083,0521
3321,0,Visa,Credit,YES,2,4300.0,2011,No,10,2021,01,2011,1084,4918
3322,0,Mastercard,Debit,YES,1,1993.0,2015,No,09,2020,10,2007,1085,5035
3323,0,Mastercard,Debit,YES,2,18171.0,2014,No,02,2020,04,2014,1086,3641
3324,1,Visa,Debit,YES,1,44314.0,2008,No,07,2024,07,2005,1086,3598
3325,2,Discover,Credit,NO,1,12700.0,2009,No,11,2022,10,2001,1086,9322
3326,0,Mastercard,Debit,YES,1,21007.0,2011,No,07,2019,04,2011,1087,2030
3327,1,Mastercard,Debit (Prepaid),NO,1,65.0,2009,No,07,2017,10,2008,1087,7149
3328,2,Visa,Debit,YES,1,13342.0,2013,No,12,2021,01,2013,1087,1041
3329,0,Mastercard,Debit,YES,2,10405.0,2011,No,09,2021,12,2007,1088,7550
3330,0,Visa,Credit,YES,1,12500.0,2009,No,10,2015,09,2009,1089,5753
3331,1,Visa,Debit,YES,2,19070.0,2007,No,01,2022,03,2007,1089,7056
3332,2,Mastercard,Debit,YES,2,30950.0,2006,No,10,2024,07,2001,1089,6971
3333,0,Mastercard,Debit (Prepaid),YES,1,80.0,2012,No,05,2020,06,2009,1090,4541
3334,1,Visa,Debit,YES,1,26394.0,2020,No,10,2023,02,2020,1090,0847
3335,2,Mastercard,Debit (Prepaid),YES,1,71.0,2018,No,01,2020,11,2018,1090,2871
3336,3,Visa,Debit (Prepaid),YES,1,83.0,2008,No,01,2024,10,2008,1090,9658
3337,0,Mastercard,Debit,YES,2,12132.0,2014,No,02,2016,11,2001,1091,5060
3338,1,Mastercard,Credit,YES,2,1900.0,2013,No,11,2015,02,2013,1091,2693
3339,0,Visa,Debit,YES,2,5507.0,2010,No,11,2021,02,2010,1092,9305
3340,1,Mastercard,Credit,YES,2,6300.0,2010,No,07,2020,10,2003,1092,9214
3341,0,Mastercard,Debit,YES,2,19573.0,2015,No,07,2021,09,2008,1093,1833
3342,1,Visa,Debit,YES,2,29543.0,2011,No,01,2021,11,2009,1093,3244
3343,2,Visa,Debit,NO,2,19171.0,2013,No,05,2020,06,2009,1093,4866
3344,0,Mastercard,Debit (Prepaid),YES,1,72.0,2012,No,02,2020,08,2012,1094,7595
3345,1,Visa,Debit,YES,1,11710.0,2013,No,04,2014,10,2013,1094,2402
3346,0,Visa,Debit,NO,2,24089.0,2010,No,12,2024,03,2010,1095,9303
3347,0,Mastercard,Debit,YES,1,15900.0,2011,No,12,2024,10,2011,1096,7839
3348,1,Mastercard,Debit,YES,1,11595.0,2010,No,01,2024,12,2010,1096,9690
3349,2,Mastercard,Debit,YES,2,13257.0,2011,No,02,2020,09,2011,1096,0843
3350,0,Visa,Credit,NO,2,7200.0,2009,No,02,2014,09,2009,1097,1987
3351,1,Mastercard,Credit,YES,1,8200.0,2007,No,04,2017,05,1997,1097,0933
3352,2,Visa,Debit,YES,2,11678.0,2014,No,04,2024,10,2008,1097,8203
3353,3,Mastercard,Debit (Prepaid),YES,1,57.0,2017,No,12,2020,10,1999,1097,3088
3354,4,Mastercard,Debit,YES,1,10412.0,2017,No,11,2011,07,2011,1097,2992
3355,5,Visa,Debit,YES,1,7808.0,2009,No,01,2023,05,2006,1097,4806
3356,0,Visa,Debit,YES,2,43767.0,2013,No,10,2022,02,2013,1098,0437
3357,1,Mastercard,Credit,YES,1,16600.0,2014,No,09,2021,03,2008,1098,3302
3358,2,Visa,Debit,YES,2,3058.0,2013,No,01,2021,04,2002,1098,5715
3359,0,Visa,Credit,YES,1,11000.0,2017,No,08,2024,08,2006,1099,6537
3360,1,Mastercard,Credit,YES,1,10800.0,2014,No,07,2018,06,2014,1099,8351
3361,2,Visa,Debit,YES,2,38385.0,2011,No,04,2014,02,2011,1099,6155
3362,3,Visa,Debit,NO,1,15277.0,2011,No,03,2008,02,2001,1099,4296
3363,4,Visa,Debit,YES,1,14625.0,2010,No,06,2024,07,2010,1099,4661
3364,5,Visa,Credit,NO,2,12400.0,2007,No,10,2010,04,2000,1099,4115
3365,6,Mastercard,Debit,YES,2,24943.0,2012,No,10,2010,02,2006,1099,6937
3366,7,Mastercard,Credit,YES,2,12300.0,2011,No,10,2021,06,2011,1099,7545
3367,0,Amex,Credit,YES,2,10900.0,2020,No,02,2020,02,2020,1100,0634
3368,1,Visa,Debit,YES,1,14623.0,2018,No,04,2024,06,2018,1100,6021
3369,2,Mastercard,Debit,YES,2,15017.0,2012,No,06,2021,07,2012,1100,3327
3370,3,Visa,Credit,YES,1,11100.0,2011,No,06,2020,09,2003,1100,9946
3371,0,Amex,Credit,YES,1,400.0,2009,No,04,2023,04,2004,1101,2360
3372,1,Mastercard,Credit,YES,2,500.0,2008,No,01,2021,01,2004,1101,1918
3373,2,Mastercard,Credit,YES,1,600.0,2013,No,11,2024,02,2009,1101,4837
3374,0,Mastercard,Debit,YES,1,17220.0,2017,No,10,2020,10,2017,1102,7432
3375,1,Visa,Debit,YES,1,29041.0,2008,No,06,2020,11,2004,1102,3182
3376,2,Mastercard,Debit,YES,1,25297.0,2006,No,02,2024,06,2006,1102,3324
3377,3,Mastercard,Debit (Prepaid),YES,1,71.0,2020,No,05,2020,02,2020,1102,0294
3378,4,Visa,Debit,YES,1,21692.0,2012,No,02,2023,12,2011,1102,5199
3379,5,Visa,Debit,YES,1,18384.0,2009,No,11,2024,06,2007,1102,1622
3380,6,Visa,Credit,YES,1,20700.0,2012,No,12,2023,09,2004,1102,2398
3381,0,Mastercard,Debit,YES,1,20467.0,2018,No,11,2021,02,2018,1103,4926
3382,1,Visa,Debit,YES,1,16109.0,2011,No,04,2020,01,2011,1103,9504
3383,2,Amex,Credit,YES,1,13900.0,2012,No,12,2024,07,2005,1103,6158
3384,3,Visa,Credit,YES,1,4400.0,2020,No,01,2022,02,2020,1103,2804
3385,0,Amex,Credit,YES,2,20400.0,2010,No,02,2024,03,2007,1104,6234
3386,1,Mastercard,Debit,YES,2,18074.0,2014,No,05,2023,10,2014,1104,7233
3387,2,Mastercard,Debit,YES,1,37778.0,2020,No,05,2024,02,2020,1104,3683
3388,0,Mastercard,Debit,YES,2,26822.0,2007,No,01,2015,10,2001,1105,8014
3389,1,Visa,Credit,YES,2,15000.0,2008,No,10,2006,05,1998,1105,1662
3390,0,Mastercard,Debit,YES,1,8451.0,2010,No,02,2023,02,2010,1106,5528
3391,1,Mastercard,Debit (Prepaid),YES,2,26.0,2017,No,07,2021,11,2010,1106,0242
3392,0,Visa,Debit,YES,1,20661.0,2010,No,12,2020,02,2010,1107,6114
3393,1,Visa,Debit,YES,2,16523.0,2011,No,08,2018,08,2011,1107,8359
3394,2,Discover,Credit,YES,2,16600.0,2020,No,09,2023,01,2020,1107,0475
3395,3,Mastercard,Credit,YES,2,14300.0,2010,No,09,2023,09,2010,1107,4434
3396,0,Mastercard,Debit,YES,2,6824.0,2020,No,01,2020,01,2020,1108,3367
3397,1,Mastercard,Debit,YES,1,10589.0,2015,No,07,2023,09,2006,1108,4790
3398,2,Amex,Credit,YES,2,8600.0,2013,No,10,2020,09,2013,1108,3698
3399,3,Visa,Debit,YES,1,26982.0,2008,No,12,2020,06,2008,1108,7990
3400,0,Visa,Credit,YES,2,15000.0,2020,No,02,2020,02,2020,1109,1450
3401,0,Amex,Credit,YES,2,8100.0,2011,No,04,2023,11,2004,1110,2097
3402,1,Visa,Debit,YES,1,26471.0,2011,No,02,2022,11,2011,1110,8368
3403,2,Visa,Debit,NO,1,37656.0,2010,No,08,2022,09,2006,1110,5210
3404,3,Mastercard,Debit,YES,2,27947.0,2011,No,08,2022,12,2009,1110,9107
3405,4,Mastercard,Debit,YES,1,29465.0,2010,No,01,2024,05,2010,1110,4571
3406,5,Visa,Debit,YES,1,21070.0,2015,No,07,2020,06,2015,1110,2463
3407,6,Mastercard,Debit,YES,2,27537.0,2019,No,01,2021,03,2019,1110,9190
3408,0,Mastercard,Debit,YES,2,13404.0,2018,No,04,2022,10,2002,1111,2383
3409,1,Visa,Credit,YES,2,2400.0,2013,No,10,2024,01,2013,1111,2546
3410,0,Visa,Debit,YES,1,3016.0,2011,No,02,2015,05,2010,1112,6677
3411,1,Visa,Debit,YES,2,32809.0,2010,No,10,2020,11,2008,1112,3775
3412,2,Mastercard,Debit,YES,2,16519.0,2015,No,08,2024,10,1998,1112,5215
3413,3,Visa,Debit,NO,2,28759.0,2014,No,12,2016,08,2007,1112,7711
3414,4,Discover,Credit,YES,1,12300.0,2010,No,01,2022,10,2003,1112,9868
3415,0,Visa,Credit,YES,2,4900.0,2010,No,03,2012,08,2004,1113,3773
3416,0,Visa,Debit,YES,1,8980.0,2020,No,07,2024,02,2020,1114,0444
3417,1,Mastercard,Debit,YES,1,3402.0,2020,No,02,2020,02,2020,1114,8519
3418,2,Visa,Credit,YES,2,8800.0,2020,No,12,2022,01,2020,1114,1692
3419,0,Visa,Debit,YES,2,34877.0,2012,No,10,2021,02,2010,1115,9464
3420,0,Visa,Credit,YES,1,9900.0,2014,No,02,2024,10,2004,1116,8860
3421,1,Mastercard,Debit,YES,2,11382.0,2009,No,05,2020,06,2006,1116,6998
3422,2,Visa,Credit,YES,1,7500.0,2009,No,08,2023,05,2007,1116,1579
3423,3,Mastercard,Debit (Prepaid),YES,1,72.0,2020,No,02,2020,01,2020,1116,4920
3424,0,Mastercard,Debit,YES,1,26764.0,2014,No,12,2020,11,2009,1117,8309
3425,1,Mastercard,Debit,YES,1,32035.0,2014,No,10,2010,05,2010,1117,0556
3426,0,Mastercard,Debit,YES,1,11906.0,2013,No,12,2014,09,2013,1118,7761
3427,1,Visa,Credit,YES,2,7000.0,2018,No,06,2020,11,2005,1118,4877
3428,2,Mastercard,Debit,YES,2,6993.0,2016,No,12,2014,08,2005,1118,4939
3429,3,Visa,Debit,YES,2,1513.0,2019,No,03,2013,04,1994,1118,4383
3430,0,Mastercard,Debit,YES,1,18204.0,2013,No,06,2022,02,2013,1119,4856
3431,1,Mastercard,Debit,YES,1,20067.0,2016,No,01,2017,04,2016,1119,0055
3432,2,Visa,Credit,YES,1,14400.0,2012,No,12,2020,02,2005,1119,2579
3433,0,Mastercard,Debit,YES,1,11355.0,2020,No,02,2020,02,2020,1120,7399
3434,1,Visa,Debit,YES,1,10448.0,2019,No,07,2023,10,2019,1120,5396
3435,2,Visa,Debit,YES,1,11573.0,2020,No,12,2024,01,2020,1120,6962
3436,0,Mastercard,Debit (Prepaid),YES,1,83.0,2011,No,05,2021,05,2008,1121,7187
3437,0,Visa,Debit,NO,1,30903.0,2008,No,03,2023,06,1999,1122,1222
3438,1,Visa,Debit (Prepaid),YES,1,91.0,2015,No,06,2021,09,2015,1122,9387
3439,2,Visa,Debit (Prepaid),YES,1,62.0,2014,No,06,2020,10,2014,1122,5842
3440,0,Mastercard,Debit,YES,2,1936.0,2010,No,12,2024,05,2001,1123,3147
3441,1,Visa,Credit,YES,1,9100.0,2010,No,01,2022,03,2004,1123,2814
3442,2,Visa,Debit,NO,2,25726.0,2011,No,01,2021,08,2011,1123,4067
3443,3,Discover,Credit,YES,1,12200.0,2013,No,03,2020,01,2005,1123,7571
3444,4,Visa,Credit,YES,2,400.0,2011,No,10,2022,07,2011,1123,9371
3445,0,Mastercard,Debit,YES,2,20042.0,2006,No,02,2021,08,2002,1124,2634
3446,1,Visa,Credit,YES,1,7700.0,2009,No,07,2016,09,2009,1124,0432
3447,2,Visa,Debit (Prepaid),NO,2,60.0,2012,No,12,2024,01,2012,1124,7925
3448,0,Mastercard,Debit,YES,2,18725.0,2020,No,02,2020,02,2020,1125,5420
3449,0,Visa,Credit,YES,1,11100.0,2020,No,05,2021,02,2020,1126,7066
3450,1,Mastercard,Debit,YES,2,38.0,2020,No,06,2022,01,2020,1126,3524
3451,0,Mastercard,Debit,YES,1,14185.0,2006,No,04,2020,10,2006,1127,8821
3452,1,Visa,Debit,YES,1,16094.0,2010,No,08,2011,01,2008,1127,3901
3453,2,Mastercard,Debit,YES,1,26819.0,2020,No,07,2021,02,2020,1127,5197
3454,3,Amex,Credit,YES,2,14600.0,2013,No,10,2021,04,2004,1127,6426
3455,4,Visa,Credit,YES,2,5800.0,2011,No,02,2021,12,2011,1127,9154
3456,5,Mastercard,Debit,YES,1,16789.0,2013,No,04,2016,09,2013,1127,2156
3457,6,Mastercard,Debit,YES,1,14213.0,2013,No,09,2020,08,2013,1127,7957
3458,0,Visa,Credit,YES,2,6400.0,2018,No,01,2021,09,2018,1128,7357
3459,0,Visa,Debit,YES,1,18373.0,2020,No,04,2020,01,2020,1129,8555
3460,0,Mastercard,Debit,YES,1,16203.0,2010,No,12,2024,08,2010,1130,0481
3461,1,Amex,Credit,YES,2,16500.0,2016,No,12,2023,04,2006,1130,6535
3462,2,Mastercard,Debit,YES,1,19962.0,2012,No,07,2023,08,2009,1130,8210
3463,3,Mastercard,Debit (Prepaid),YES,2,52.0,2011,No,02,2020,09,2006,1130,8416
3464,4,Visa,Debit,YES,2,2045.0,2014,No,02,2020,02,2009,1130,8913
3465,5,Visa,Debit,YES,2,21607.0,2018,No,02,2023,02,2010,1130,1914
3466,0,Mastercard,Debit,YES,2,18109.0,2010,No,01,2015,11,2007,1131,6290
3467,1,Mastercard,Debit,YES,1,14802.0,2008,No,05,2020,01,2006,1131,7595
3468,2,Mastercard,Credit,YES,1,7600.0,2011,No,06,2022,04,2011,1131,4398
3469,0,Discover,Credit,YES,1,9000.0,2006,No,06,2021,12,2006,1132,8460
3470,1,Mastercard,Debit (Prepaid),YES,1,63.0,2013,No,05,2023,10,2007,1132,7044
3471,2,Mastercard,Debit,YES,2,7784.0,2014,No,11,2022,12,2010,1132,9571
3472,0,Mastercard,Debit,YES,1,29761.0,2010,No,11,2009,08,2008,1133,1361
3473,1,Mastercard,Debit (Prepaid),YES,1,64.0,2011,No,04,2023,12,2009,1133,0403
3474,0,Visa,Credit,YES,2,9000.0,2009,No,11,2020,06,2007,1134,5930
3475,1,Mastercard,Debit,YES,2,14716.0,2012,No,10,2024,12,2003,1134,5782
3476,0,Mastercard,Debit,YES,1,23395.0,2020,No,09,2015,05,2010,1135,2396
3477,0,Mastercard,Debit,YES,1,9883.0,2010,No,02,2024,11,2006,1136,5003
3478,1,Mastercard,Debit,NO,1,8993.0,2019,No,02,2020,05,2019,1136,4931
3479,2,Visa,Credit,YES,2,7900.0,2015,No,04,2020,11,2010,1136,5434
3480,3,Mastercard,Debit (Prepaid),YES,2,13.0,2014,No,10,2022,07,2011,1136,0568
3481,0,Visa,Credit,YES,1,9400.0,2012,No,05,2023,07,2008,1137,4985
3482,1,Visa,Credit,YES,2,8000.0,2019,No,11,2024,10,2019,1137,9696
3483,2,Mastercard,Debit,YES,1,17527.0,2005,No,01,2021,06,2001,1137,6207
3484,3,Mastercard,Debit,YES,1,11818.0,2013,No,02,2022,12,2013,1137,8930
3485,0,Visa,Credit,YES,2,11600.0,2015,No,12,2023,03,2015,1138,7230
3486,0,Visa,Credit,YES,1,12600.0,2020,No,09,2021,01,2020,1139,3603
3487,0,Mastercard,Debit,NO,1,13896.0,2010,No,01,2021,10,2010,1140,4092
3488,1,Mastercard,Credit,YES,1,16400.0,2011,No,01,2024,04,2011,1140,3304
3489,2,Mastercard,Debit,YES,2,29717.0,2008,No,03,2015,04,2008,1140,1219
3490,3,Visa,Debit,YES,1,17431.0,2020,No,04,2024,01,2020,1140,4654
3491,0,Mastercard,Debit,YES,2,11584.0,2012,No,03,2022,11,2008,1141,6531
3492,1,Mastercard,Credit,YES,2,9000.0,2015,No,07,2016,02,2015,1141,7492
3493,2,Mastercard,Credit,YES,1,7400.0,2009,No,02,2020,10,2008,1141,8768
3494,3,Mastercard,Debit,YES,2,13829.0,2016,No,09,2017,03,2010,1141,0549
3495,4,Mastercard,Debit,YES,2,4589.0,2011,No,04,2024,04,1999,1141,4073
3496,0,Visa,Credit,YES,2,9000.0,2011,No,03,2022,09,2009,1142,8660
3497,1,Mastercard,Credit,YES,2,9900.0,2011,No,05,2022,11,2011,1142,4251
3498,2,Mastercard,Debit,YES,1,11153.0,2011,No,08,2021,03,2011,1142,7982
3499,3,Mastercard,Debit,NO,1,10671.0,2016,No,04,2018,10,2016,1142,5945
3500,4,Mastercard,Debit,NO,1,12470.0,2016,No,10,2024,07,2016,1142,2053
3501,0,Mastercard,Credit,YES,2,8700.0,2020,No,03,2023,02,2020,1143,6438
3502,0,Discover,Credit,YES,1,7200.0,2013,No,04,2024,01,2013,1144,1218
3503,0,Amex,Credit,YES,2,4700.0,2013,No,04,2021,12,2013,1145,3264
3504,1,Amex,Credit,YES,2,10400.0,2013,No,07,2012,12,2010,1145,8518
3505,2,Mastercard,Credit,YES,1,9400.0,2016,No,08,2022,12,2016,1145,6915
3506,3,Mastercard,Debit,YES,1,27290.0,2020,No,02,2020,01,2020,1145,2356
3507,0,Visa,Debit (Prepaid),YES,1,68.0,2020,No,01,2020,01,2020,1146,0430
3508,1,Visa,Debit,YES,2,41713.0,2020,No,05,2020,01,2020,1146,1748
3509,0,Amex,Credit,YES,1,17200.0,2015,No,03,2023,03,2010,1147,9481
3510,1,Visa,Debit,YES,1,23018.0,2018,No,05,2020,07,2010,1147,5938
3511,2,Mastercard,Debit (Prepaid),YES,1,2.0,2020,No,04,2022,02,2020,1147,0499
3512,3,Mastercard,Credit,YES,3,23500.0,2012,No,12,2024,04,2012,1147,5534
3513,0,Amex,Credit,YES,1,5300.0,2016,No,02,2022,07,2016,1148,0022
3514,1,Mastercard,Debit,NO,2,12738.0,2020,No,12,2022,01,2020,1148,0347
3515,2,Visa,Credit,YES,1,8700.0,2020,No,06,2022,01,2020,1148,9091
3516,3,Visa,Debit,YES,2,5752.0,2020,No,05,2021,01,2020,1148,4258
3517,0,Mastercard,Debit,YES,1,15416.0,2014,No,11,2020,03,2014,1149,8592
3518,1,Mastercard,Debit (Prepaid),YES,1,73.0,2020,No,05,2023,01,2020,1149,0566
3519,2,Mastercard,Credit,YES,1,15700.0,2020,No,10,2022,01,2020,1149,3252
3520,0,Mastercard,Credit,YES,1,10100.0,2020,No,05,2021,02,2020,1150,0472
3521,1,Amex,Credit,YES,2,0.0,2013,No,07,2024,12,2013,1150,1740
3522,2,Visa,Credit,YES,1,11000.0,2020,No,07,2022,01,2020,1150,3246
3523,0,Mastercard,Credit,YES,1,18300.0,2008,No,12,2024,07,2006,1151,4438
3524,1,Mastercard,Debit,YES,2,19959.0,2013,No,04,2023,07,2003,1151,8262
3525,2,Visa,Credit,YES,2,24300.0,2017,No,10,2020,01,2017,1151,3802
3526,3,Visa,Credit,NO,2,18900.0,2013,No,07,2021,10,2009,1151,6247
3527,0,Visa,Debit,YES,1,14574.0,2014,No,11,2014,09,2014,1152,8493
3528,1,Mastercard,Credit,YES,2,14100.0,2010,No,08,2021,02,2010,1152,1449
3529,2,Visa,Debit,YES,2,23737.0,2010,No,12,2012,12,2004,1152,1267
3530,0,Mastercard,Credit,YES,1,11800.0,2013,No,04,2021,04,2010,1153,0585
3531,1,Mastercard,Debit,YES,2,27594.0,2011,No,06,2022,05,2011,1153,5711
3532,2,Visa,Credit,YES,2,15300.0,2010,No,03,2023,09,2006,1153,7834
3533,0,Visa,Credit,YES,1,4800.0,2020,No,04,2024,01,2020,1154,3097
3534,0,Mastercard,Debit,YES,1,34319.0,2013,No,06,2024,06,2001,1155,4202
3535,1,Visa,Debit,YES,2,10831.0,2011,No,04,2013,07,2006,1155,0887
3536,2,Visa,Debit,YES,1,20475.0,2015,No,03,2023,01,2010,1155,1107
3537,3,Mastercard,Credit,NO,2,6500.0,2011,No,03,2015,11,2008,1155,6204
3538,0,Mastercard,Debit,YES,2,17614.0,2013,No,02,2020,12,2010,1156,1092
3539,0,Mastercard,Debit,YES,2,51133.0,2012,No,12,2020,12,2012,1157,4704
3540,1,Mastercard,Debit (Prepaid),YES,1,115.0,2020,No,07,2024,01,2020,1157,4799
3541,2,Mastercard,Debit (Prepaid),YES,1,54.0,2014,No,09,2020,03,2014,1157,6816
3542,3,Mastercard,Debit,YES,2,32036.0,2014,No,08,2023,06,2014,1157,5701
3543,0,Visa,Debit,YES,2,13593.0,2006,No,06,2020,10,2006,1158,4539
3544,1,Mastercard,Debit,YES,2,13343.0,2011,No,02,2022,05,2008,1158,5274
3545,2,Mastercard,Debit,YES,2,6103.0,2008,No,05,2024,07,2006,1158,3769
3546,3,Mastercard,Debit,YES,1,2646.0,2015,No,06,2016,07,2009,1158,8109
3547,4,Amex,Credit,YES,1,9200.0,2018,No,08,2021,08,2018,1158,3713
3548,0,Amex,Credit,YES,2,21200.0,2020,No,06,2021,01,2020,1159,5737
3549,1,Mastercard,Credit,YES,1,10400.0,2010,No,01,2024,06,2009,1159,2111
3550,2,Mastercard,Debit,YES,1,27377.0,2016,No,07,2022,07,2009,1159,5347
3551,0,Mastercard,Credit,YES,1,20900.0,2010,No,10,2024,11,2009,1160,8179
3552,1,Mastercard,Debit,YES,2,39632.0,2013,No,04,2024,07,2007,1160,5027
3553,2,Mastercard,Debit (Prepaid),YES,2,44.0,2013,No,01,2020,10,2001,1160,4395
3554,3,Visa,Debit,YES,1,48489.0,2014,No,01,2021,08,2010,1160,1971
3555,4,Visa,Debit,YES,2,32725.0,2013,No,01,2008,08,2006,1160,1550
3556,5,Visa,Debit,YES,2,36940.0,2010,No,12,2022,02,2010,1160,0562
3557,0,Amex,Credit,YES,1,23100.0,2020,No,09,2020,01,2020,1161,8995
3558,1,Mastercard,Debit,YES,1,41040.0,2020,No,12,2022,01,2020,1161,3095
3559,2,Amex,Credit,YES,2,13200.0,2015,No,12,2021,09,2015,1161,1362
3560,3,Visa,Debit,YES,2,29200.0,2015,No,05,2021,06,2015,1161,7893
3561,0,Mastercard,Debit,YES,3,13831.0,2020,No,10,2022,01,2020,1162,2733
3562,0,Mastercard,Credit,NO,1,18900.0,2020,No,03,2024,02,2020,1163,9215
3563,1,Visa,Debit,YES,1,39850.0,2020,No,02,2020,02,2020,1163,1904
3564,0,Visa,Credit,YES,1,13900.0,2011,No,09,2020,12,2009,1164,0030
3565,1,Visa,Debit,YES,2,17470.0,2008,No,12,2020,04,2005,1164,0462
3566,2,Mastercard,Debit,YES,1,2267.0,2014,No,09,2021,03,2008,1164,7329
3567,3,Visa,Debit,YES,2,4031.0,2014,No,04,2014,03,2009,1164,3689
3568,4,Mastercard,Debit,YES,2,21833.0,2011,No,11,2023,08,2007,1164,0133
3569,5,Visa,Debit,YES,2,16857.0,2017,No,05,2021,01,2011,1164,1006
3570,6,Visa,Debit,NO,1,2518.0,2010,No,05,2023,11,2010,1164,1049
3571,7,Mastercard,Debit,YES,2,12863.0,2010,No,03,2020,07,2006,1164,8616
3572,0,Mastercard,Credit,YES,2,12700.0,2015,No,07,2022,05,2010,1165,7228
3573,1,Visa,Debit,YES,3,2851.0,2007,No,12,2021,01,2006,1165,1264
3574,2,Amex,Credit,YES,2,4100.0,2004,No,06,2020,01,2004,1165,8945
3575,3,Mastercard,Debit,YES,2,20838.0,2011,No,01,2016,01,2011,1165,2292
3576,0,Mastercard,Debit,YES,2,2721.0,2020,No,10,2020,02,2020,1166,4033
3577,0,Visa,Credit,YES,1,400.0,2018,No,07,2023,05,2002,1167,5890
3578,1,Mastercard,Debit,YES,2,416.0,2010,No,03,2020,09,2010,1167,7085
3579,2,Mastercard,Debit,YES,2,625.0,2014,No,12,2024,08,1996,1167,5684
3580,0,Visa,Debit,YES,2,20858.0,2011,No,09,2022,02,2006,1168,8198
3581,1,Mastercard,Credit,YES,2,11200.0,2013,No,11,2011,11,2011,1168,1331
3582,2,Visa,Credit,YES,2,8800.0,2009,No,02,2023,05,2007,1168,2994
3583,3,Visa,Debit,YES,1,10360.0,2009,No,12,2024,03,2008,1168,4205
3584,4,Visa,Debit,YES,1,11578.0,2012,No,07,2013,12,2012,1168,4440
3585,5,Mastercard,Debit,YES,2,13016.0,2008,No,07,2020,03,2008,1168,1558
3586,6,Visa,Debit,YES,1,13754.0,2016,No,07,2021,05,2016,1168,3725
3587,0,Mastercard,Debit (Prepaid),YES,1,91.0,2020,No,12,2021,02,2020,1169,7671
3588,1,Visa,Debit,YES,2,2094.0,2020,No,02,2020,02,2020,1169,1288
3589,0,Visa,Debit,YES,1,14558.0,2016,No,07,2020,04,2016,1170,0058
3590,1,Visa,Debit,YES,2,46342.0,2017,No,03,2023,02,2017,1170,5947
3591,2,Mastercard,Credit,YES,1,17400.0,2016,No,12,2023,07,2005,1170,9045
3592,3,Mastercard,Debit,YES,2,11401.0,2016,No,06,2024,02,2010,1170,7847
3593,4,Visa,Debit,YES,1,8280.0,2010,No,03,2024,01,2010,1170,1983
3594,5,Discover,Credit,YES,1,0.0,2008,No,12,2012,03,2006,1170,2523
3595,6,Visa,Debit (Prepaid),YES,1,72.0,2011,No,02,2007,08,2006,1170,7209
3596,0,Visa,Credit,YES,1,9600.0,2011,No,06,2020,08,2010,1171,3256
3597,0,Discover,Credit,YES,2,10000.0,2011,No,11,2024,02,2008,1172,9137
3598,1,Mastercard,Debit,YES,1,10025.0,2010,No,03,2024,08,2007,1172,1247
3599,2,Mastercard,Debit,YES,1,9777.0,2009,No,12,2022,01,2007,1172,6898
3600,0,Mastercard,Debit,YES,1,8807.0,2020,No,04,2021,02,2020,1173,1289
3601,0,Mastercard,Debit (Prepaid),YES,1,92.0,2008,No,06,2018,07,2006,1174,1392
3602,1,Mastercard,Credit,YES,1,11400.0,2014,No,05,2011,07,2008,1174,0163
3603,2,Mastercard,Debit,YES,2,16687.0,2011,No,11,2011,07,2011,1174,6355
3604,3,Mastercard,Debit,YES,2,3974.0,2011,No,05,2009,04,2006,1174,1068
3605,0,Mastercard,Debit,YES,1,23768.0,2011,No,09,2016,10,2011,1175,5085
3606,1,Mastercard,Debit (Prepaid),YES,1,63.0,2011,No,08,2022,07,2011,1175,2678
3607,2,Visa,Credit,YES,1,21600.0,2010,No,12,2023,12,2010,1175,8271
3608,0,Visa,Debit,YES,1,23157.0,2015,No,03,2024,03,2015,1176,9701
3609,1,Visa,Debit (Prepaid),YES,2,54.0,2020,No,02,2020,02,2020,1176,9305
3610,0,Mastercard,Debit,YES,2,11986.0,2015,No,06,2021,04,2010,1177,3323
3611,0,Mastercard,Credit,YES,1,12600.0,2009,No,05,2022,12,2004,1178,6877
3612,1,Mastercard,Debit,YES,2,4340.0,2012,No,02,2021,12,2011,1178,4263
3613,2,Mastercard,Debit,NO,2,8149.0,2007,No,01,2024,02,2004,1178,0426
3614,0,Mastercard,Debit,YES,1,23688.0,2011,No,01,2023,11,2011,1179,6793
3615,1,Mastercard,Debit,YES,1,19948.0,2011,No,09,2021,01,1995,1179,7675
3616,0,Visa,Debit (Prepaid),NO,2,69.0,2020,No,04,2021,02,2020,1180,1662
3617,0,Visa,Credit,YES,1,9400.0,2006,No,05,2005,09,2002,1181,2750
3618,1,Amex,Credit,YES,1,3300.0,2012,No,08,2018,01,2012,1181,6663
3619,2,Discover,Credit,YES,2,11100.0,2004,No,05,2011,01,2003,1181,9873
3620,3,Mastercard,Debit,YES,2,23792.0,2012,No,01,2024,12,1998,1181,9355
3621,0,Mastercard,Debit,YES,2,13224.0,2011,No,09,2020,08,2011,1182,3375
3622,1,Mastercard,Credit,YES,1,10700.0,2009,No,12,2004,11,2001,1182,8888
3623,2,Mastercard,Credit,YES,2,13100.0,2009,No,04,2024,03,2006,1182,6033
3624,0,Visa,Credit,YES,1,10900.0,2010,No,07,2024,10,2010,1183,6832
3625,0,Visa,Credit,YES,1,6600.0,2011,No,11,2013,08,2010,1184,4613
3626,1,Visa,Credit,YES,1,11400.0,2012,No,11,2011,02,2010,1184,6867
3627,0,Visa,Debit,YES,1,15847.0,2020,No,03,2023,01,2020,1185,9498
3628,1,Visa,Debit,YES,1,13006.0,2020,No,05,2020,01,2020,1185,4133
3629,0,Mastercard,Debit,YES,2,5029.0,2009,No,10,2008,01,2003,1186,9767
3630,1,Visa,Credit,YES,2,15000.0,2012,No,09,2023,02,2012,1186,6672
3631,2,Mastercard,Debit,YES,2,14348.0,2011,No,02,2021,12,2011,1186,1843
3632,3,Visa,Debit,YES,2,24876.0,2009,No,10,2022,01,2006,1186,5683
3633,4,Mastercard,Debit,YES,2,13523.0,2020,No,06,2024,01,2020,1186,6741
3634,5,Mastercard,Debit,YES,1,21434.0,2019,No,04,2023,01,2019,1186,2033
3635,0,Mastercard,Debit,YES,1,19206.0,2011,No,05,2016,04,2007,1187,8812
3636,1,Discover,Credit,YES,2,15000.0,2011,No,03,2014,10,2011,1187,5479
3637,2,Visa,Debit,YES,2,24617.0,2006,No,02,2020,07,2004,1187,7737
3638,0,Discover,Credit,YES,2,6600.0,2016,No,02,2023,05,2016,1188,6373
3639,0,Mastercard,Debit,YES,1,4304.0,2012,No,01,2024,11,1997,1189,9924
3640,1,Visa,Debit,YES,2,1269.0,2013,No,03,2019,01,2005,1189,4428
3641,2,Mastercard,Debit,YES,1,3458.0,2013,No,06,2023,12,2004,1189,5701
3642,3,Mastercard,Debit,NO,2,6775.0,2012,No,09,2022,08,2001,1189,0026
3643,4,Visa,Credit,YES,1,8800.0,2017,No,01,2021,03,2017,1189,9674
3644,5,Mastercard,Debit,YES,1,12223.0,2019,No,11,2024,12,2019,1189,6871
3645,0,Visa,Debit,YES,2,13478.0,2020,No,12,2020,02,2020,1190,4126
3646,1,Mastercard,Debit,YES,1,19578.0,2020,No,11,2020,01,2020,1190,9440
3647,2,Visa,Debit,YES,2,2944.0,2020,No,04,2024,01,2020,1190,6784
3648,0,Mastercard,Debit,YES,1,20773.0,2020,No,03,2023,02,2020,1191,0324
3649,1,Mastercard,Debit,YES,2,24203.0,2020,No,01,2022,02,2020,1191,4786
3650,2,Mastercard,Debit (Prepaid),YES,2,98.0,2020,No,07,2020,01,2020,1191,2732
3651,0,Mastercard,Debit,YES,2,2727.0,2014,No,11,2020,06,2009,1192,2597
3652,1,Amex,Credit,YES,2,6800.0,2002,No,03,2023,09,2002,1192,1909
3653,2,Visa,Debit,YES,1,22516.0,2016,No,03,2019,05,2016,1192,2723
3654,3,Discover,Credit,YES,2,11500.0,2009,No,12,2021,12,2004,1192,8197
3655,0,Visa,Debit,NO,2,15214.0,2010,No,12,2021,10,2009,1193,1495
3656,1,Visa,Debit,YES,2,23687.0,2020,No,12,2024,01,2020,1193,8706
3657,2,Visa,Debit,YES,1,18048.0,2007,No,11,2021,08,2006,1193,6294
3658,0,Visa,Debit,YES,1,25102.0,2014,No,03,2020,11,2010,1194,2267
3659,0,Visa,Debit,YES,2,13773.0,2008,No,01,2022,05,2008,1195,1238
3660,1,Mastercard,Debit,YES,1,12892.0,2011,No,05,2021,08,2011,1195,2958
3661,0,Amex,Credit,YES,2,6600.0,2012,No,05,2019,11,2012,1196,7716
3662,1,Visa,Debit,YES,2,25650.0,2016,No,04,2024,05,2016,1196,0870
3663,2,Mastercard,Debit,YES,2,37192.0,2010,No,06,2020,09,2009,1196,8219
3664,0,Mastercard,Debit,YES,1,5779.0,2014,No,04,2021,09,2006,1197,6742
3665,1,Visa,Debit,YES,1,13325.0,2011,No,08,2023,05,2001,1197,0576
3666,2,Amex,Credit,YES,1,4000.0,2009,No,01,2023,11,2005,1197,4842
3667,3,Amex,Credit,YES,1,6900.0,2012,No,02,2023,05,2000,1197,5230
3668,0,Mastercard,Debit,YES,1,35702.0,2017,No,10,2023,09,2017,1198,5173
3669,1,Amex,Credit,YES,1,13200.0,2020,No,08,2024,02,2020,1198,2916
3670,2,Visa,Credit,YES,2,21700.0,2018,No,03,2020,11,2018,1198,0115
3671,3,Visa,Credit,NO,1,13700.0,2020,No,08,2020,01,2020,1198,8159
3672,0,Visa,Debit,YES,1,24389.0,2020,No,10,2020,01,2020,1199,0483
3673,1,Mastercard,Debit (Prepaid),YES,2,74.0,2019,No,02,2020,03,2019,1199,4402
3674,2,Amex,Credit,YES,1,12100.0,2011,No,12,2020,01,2006,1199,6750
3675,0,Mastercard,Debit,YES,1,16640.0,2009,No,11,2022,10,2008,1200,9937
3676,1,Mastercard,Debit,YES,1,14889.0,2011,No,09,2013,06,2010,1200,6224
3677,2,Visa,Debit,YES,1,19080.0,2010,No,06,2021,07,2007,1200,8665
3678,0,Visa,Credit,NO,2,7600.0,2015,No,10,2023,05,2015,1201,3951
3679,0,Mastercard,Debit,YES,2,14525.0,2014,No,03,2023,11,1997,1202,7280
3680,1,Visa,Debit,YES,1,15636.0,2014,No,02,2020,02,2005,1202,3000
3681,2,Mastercard,Debit,YES,2,13296.0,2016,No,08,2023,10,2008,1202,7658
3682,3,Visa,Credit,NO,2,10100.0,2011,No,03,2023,09,2003,1202,8898
3683,4,Visa,Debit,NO,1,36412.0,2007,No,09,2024,04,2001,1202,8911
3684,0,Visa,Debit,YES,1,4589.0,2012,No,11,2023,09,2004,1203,5607
3685,1,Mastercard,Debit,YES,1,17474.0,2015,No,02,2020,06,2005,1203,6033
3686,0,Amex,Credit,YES,1,12000.0,2020,No,05,2024,01,2020,1204,1679
3687,1,Amex,Credit,YES,1,16900.0,2020,No,02,2020,02,2020,1204,9737
3688,2,Mastercard,Debit,YES,1,26277.0,2010,No,07,2023,02,2010,1204,3124
3689,3,Mastercard,Debit,YES,1,26317.0,2014,No,02,2020,04,2014,1204,1958
3690,0,Visa,Credit,YES,2,13600.0,2017,No,01,2022,07,2017,1205,4716
3691,0,Mastercard,Debit,NO,2,21540.0,2020,No,08,2024,02,2020,1206,9728
3692,0,Mastercard,Debit,YES,1,37468.0,2014,No,03,2020,02,2014,1207,8164
3693,1,Visa,Debit,NO,1,27864.0,2012,No,04,2021,10,2009,1207,6898
3694,2,Visa,Debit (Prepaid),NO,1,65.0,2018,No,02,2020,06,2018,1207,5993
3695,3,Visa,Debit,YES,1,31842.0,2016,No,03,2020,07,2016,1207,4139
3696,4,Visa,Credit,YES,2,14900.0,2011,No,03,2020,06,2002,1207,2476
3697,5,Visa,Credit,YES,2,12400.0,2018,No,08,2024,05,2018,1207,8213
3698,0,Mastercard,Debit,YES,2,14094.0,2018,No,12,2020,10,2011,1208,8899
3699,1,Mastercard,Debit,YES,1,8962.0,2011,No,01,2021,09,1999,1208,4839
3700,0,Mastercard,Debit,YES,1,15510.0,2011,No,02,2018,03,2011,1209,4762
3701,1,Mastercard,Debit,YES,1,20311.0,2012,No,06,2024,05,2010,1209,1850
3702,2,Visa,Debit,YES,1,13492.0,2010,No,09,2023,07,2010,1209,5057
3703,0,Mastercard,Debit,YES,2,10015.0,2020,No,02,2022,02,2020,1210,0843
3704,0,Mastercard,Debit (Prepaid),YES,1,77.0,2009,No,12,2023,08,2008,1211,3149
3705,1,Amex,Credit,YES,1,8200.0,2016,No,05,2022,02,2006,1211,9687
3706,2,Mastercard,Debit (Prepaid),YES,2,50.0,2008,No,10,2019,07,2008,1211,1394
3707,3,Mastercard,Debit,YES,1,297.0,2009,No,09,2010,09,2009,1211,4705
3708,0,Mastercard,Credit,YES,1,9300.0,2014,No,12,2022,11,2007,1212,3627
3709,1,Mastercard,Debit,YES,2,24425.0,2006,No,06,2023,03,2004,1212,4498
3710,2,Visa,Credit,YES,2,3900.0,2010,No,09,2021,01,2010,1212,1159
3711,3,Visa,Debit,YES,1,21098.0,2009,No,04,2020,04,2006,1212,2919
3712,4,Visa,Credit,YES,1,10800.0,2013,No,01,2020,10,2011,1212,8406
3713,5,Mastercard,Debit,YES,2,6817.0,2016,No,06,2024,06,2005,1212,5768
3714,0,Visa,Credit,YES,1,12600.0,2011,No,02,2024,01,2004,1213,6033
3715,1,Mastercard,Debit (Prepaid),NO,1,42.0,2004,No,11,2010,11,2001,1213,6638
3716,2,Mastercard,Credit,YES,2,6400.0,2009,No,12,2009,12,2006,1213,3741
3717,3,Visa,Credit,YES,1,9800.0,2011,No,07,2020,09,2010,1213,9362
3718,4,Visa,Debit,YES,1,4750.0,2011,No,07,2023,03,2003,1213,6457
3719,5,Visa,Debit,NO,2,6532.0,2009,No,08,2021,10,2009,1213,2664
3720,0,Mastercard,Debit,YES,1,1044.0,2016,No,11,2022,03,2016,1214,5247
3721,1,Mastercard,Debit,YES,1,746.0,2011,No,09,2018,03,2011,1214,1681
3722,2,Mastercard,Debit (Prepaid),YES,1,61.0,2020,No,02,2020,02,2020,1214,9884
3723,0,Mastercard,Debit (Prepaid),YES,2,58.0,2015,No,10,2008,11,2007,1215,9031
3724,0,Visa,Debit,YES,1,18771.0,2009,No,05,2022,09,2004,1216,6077
3725,1,Visa,Debit,YES,1,17108.0,2007,No,01,2023,10,2007,1216,8032
3726,2,Visa,Debit,YES,1,12446.0,2020,No,10,2023,02,2020,1216,0182
3727,3,Visa,Credit,YES,1,8200.0,2013,No,01,2021,07,2006,1216,1973
3728,4,Mastercard,Debit,YES,2,7081.0,2010,No,05,2022,04,2008,1216,7522
3729,0,Mastercard,Debit,YES,1,23009.0,2015,No,02,2024,02,2015,1217,9295
3730,1,Visa,Debit,YES,2,17973.0,2013,No,11,2017,12,2013,1217,4717
3731,2,Mastercard,Debit,YES,1,12254.0,2015,No,10,2023,08,2015,1217,1178
3732,3,Mastercard,Debit,YES,1,20799.0,2010,No,08,2022,09,2010,1217,3938
3733,0,Mastercard,Debit,YES,2,27320.0,2008,No,03,2021,04,2004,1218,1189
3734,0,Visa,Debit,YES,2,34818.0,2012,No,09,2023,09,2012,1219,7981
3735,1,Visa,Debit,YES,2,38837.0,2016,No,10,2020,03,2016,1219,2931
3736,2,Mastercard,Credit,YES,2,23500.0,2020,No,03,2024,08,2009,1219,0744
3737,0,Mastercard,Debit,YES,1,13014.0,2014,No,06,2020,02,2014,1220,9359
3738,1,Amex,Credit,YES,2,5500.0,2017,No,05,2023,10,2006,1220,3807
3739,2,Visa,Debit,YES,2,5949.0,2008,No,03,2020,09,2008,1220,1456
3740,0,Visa,Credit,YES,2,10700.0,2010,No,11,2023,09,2008,1221,9486
3741,1,Mastercard,Debit,YES,1,12451.0,2008,No,04,2022,07,2007,1221,1889
3742,2,Visa,Credit,YES,2,6700.0,2020,No,04,2024,02,2020,1221,6314
3743,3,Mastercard,Debit,YES,1,19086.0,2011,No,04,2018,08,2009,1221,0597
3744,4,Visa,Credit,YES,2,9700.0,2016,No,05,2021,04,2010,1221,4725
3745,0,Mastercard,Credit,YES,2,17200.0,2010,No,09,2008,12,2007,1222,2858
3746,1,Mastercard,Debit,YES,2,29486.0,2008,No,06,2015,09,2008,1222,1108
3747,2,Mastercard,Credit,YES,2,9700.0,2011,No,04,2023,02,2010,1222,0300
3748,3,Mastercard,Debit,YES,2,20111.0,2013,No,07,2022,09,2013,1222,7120
3749,4,Visa,Credit,YES,1,13200.0,2014,No,10,2021,04,2007,1222,8308
3750,0,Visa,Debit,YES,1,29728.0,2019,No,07,2020,08,2019,1223,6126
3751,1,Mastercard,Credit,NO,1,7900.0,2012,No,10,2024,12,2004,1223,2641
3752,2,Visa,Debit,YES,2,12106.0,2009,No,07,2023,02,2009,1223,0301
3753,3,Visa,Debit,YES,1,7452.0,2018,No,01,2013,01,2010,1223,5126
3754,0,Mastercard,Debit,YES,1,28281.0,2020,No,07,2021,02,2020,1224,9094
3755,1,Visa,Credit,YES,2,11400.0,2014,No,11,2013,05,2002,1224,4862
3756,2,Mastercard,Debit,YES,1,28790.0,2009,No,08,2024,03,2001,1224,6060
3757,0,Visa,Credit,YES,1,15700.0,2013,No,03,2010,03,1997,1225,3884
3758,1,Mastercard,Debit,YES,1,34075.0,2008,No,09,2023,11,2005,1225,2627
3759,2,Visa,Credit,YES,2,18600.0,2008,No,04,2012,09,2007,1225,3595
3760,0,Amex,Credit,YES,2,9700.0,2014,No,05,2024,02,2014,1226,4876
3761,1,Visa,Debit,YES,2,13352.0,2012,No,09,2022,11,2005,1226,2730
3762,2,Visa,Debit,YES,1,28179.0,2015,No,03,2024,12,2015,1226,8790
3763,0,Mastercard,Debit,YES,1,19132.0,2014,No,01,2024,12,2007,1227,4986
3764,0,Visa,Debit,YES,1,31535.0,2017,No,10,2019,07,2017,1228,2248
3765,1,Mastercard,Debit,YES,1,51951.0,2017,No,01,2018,02,2017,1228,6968
3766,2,Visa,Credit,YES,1,23400.0,2008,No,09,2020,11,2007,1228,2769
3767,3,Mastercard,Debit,YES,2,4130.0,2015,No,08,2020,12,2004,1228,8916
3768,4,Mastercard,Credit,YES,1,11500.0,2010,No,10,2011,07,2006,1228,7294
3769,0,Visa,Credit,YES,2,22100.0,2018,No,09,2020,09,2018,1229,2483
3770,1,Mastercard,Debit,YES,1,34722.0,2010,No,11,2010,11,2004,1229,5125
3771,2,Visa,Debit,YES,1,21885.0,2011,No,12,2011,06,2011,1229,3923
3772,3,Mastercard,Debit,YES,2,39870.0,2003,No,07,2020,12,2002,1229,2118
3773,0,Visa,Credit,YES,2,5900.0,2017,No,07,2021,11,2017,1230,3807
3774,0,Mastercard,Debit (Prepaid),YES,2,70.0,2009,No,03,2023,06,2009,1231,8823
3775,0,Mastercard,Debit,YES,2,66930.0,2012,No,03,2023,03,2012,1232,7781
3776,1,Mastercard,Debit,YES,2,72274.0,2018,No,05,2020,01,2018,1232,5876
3777,2,Mastercard,Debit,YES,2,130971.0,2010,No,09,2020,05,2002,1232,8540
3778,3,Visa,Debit,YES,1,52717.0,2020,No,11,2024,02,2020,1232,2096
3779,4,Visa,Credit,NO,1,25500.0,2012,No,12,2021,06,2010,1232,7215
3780,5,Visa,Debit,YES,2,42541.0,2012,No,10,2017,11,2008,1232,0328
3781,0,Mastercard,Debit,NO,1,5456.0,2020,No,04,2022,02,2020,1233,0723
3782,1,Visa,Debit,NO,1,12606.0,2013,No,04,2014,11,2013,1233,0988
3783,0,Mastercard,Debit,YES,2,20174.0,2011,No,08,2020,07,2011,1234,4631
3784,0,Mastercard,Debit,YES,1,20090.0,2011,No,01,2023,12,2010,1235,8258
3785,1,Visa,Debit,YES,1,11906.0,2009,No,03,2021,02,2006,1235,9042
3786,2,Mastercard,Debit,YES,1,27888.0,2017,No,01,2022,06,2017,1235,8875
3787,3,Mastercard,Debit,YES,1,24132.0,2008,No,04,2024,12,1998,1235,5957
3788,0,Mastercard,Debit,YES,2,13461.0,2010,No,12,2023,06,2006,1236,3243
3789,0,Amex,Credit,NO,1,9900.0,2009,No,08,2009,11,2007,1237,6555
3790,1,Mastercard,Debit,YES,2,4252.0,2019,No,11,2009,04,1994,1237,8270
3791,2,Visa,Credit,YES,2,9800.0,2011,No,12,2020,05,2009,1237,2848
3792,3,Mastercard,Debit,YES,2,16732.0,2019,No,07,2019,07,2019,1237,4083
3793,4,Visa,Debit,YES,1,13609.0,2020,No,01,2023,02,2020,1237,7151
3794,5,Mastercard,Debit,YES,2,17804.0,2009,No,05,2013,12,2009,1237,5997
3795,0,Visa,Credit,YES,2,6200.0,2010,No,05,2023,07,2009,1238,5427
3796,1,Visa,Debit,YES,1,30891.0,2011,No,04,2023,01,2004,1238,9689
3797,2,Mastercard,Debit,YES,1,31873.0,2017,No,01,2024,04,2017,1238,3186
3798,3,Amex,Credit,YES,2,15600.0,2019,No,07,2024,05,2010,1238,4113
3799,0,Mastercard,Debit (Prepaid),YES,1,110.0,2012,No,12,2022,07,2009,1239,7405
3800,1,Visa,Debit,YES,2,17405.0,2003,No,05,2024,03,2003,1239,3261
3801,2,Visa,Debit (Prepaid),YES,2,58.0,2020,No,12,2022,01,2020,1239,5029
3802,3,Mastercard,Credit,YES,1,9200.0,2007,No,10,2011,09,2007,1239,5785
3803,0,Visa,Credit,YES,2,11200.0,2020,No,02,2020,02,2020,1240,1106
3804,0,Mastercard,Debit,YES,1,23206.0,2018,No,12,2018,09,2018,1241,6656
3805,1,Visa,Debit,YES,2,35684.0,2012,No,04,2020,08,2010,1241,4256
3806,2,Mastercard,Debit (Prepaid),NO,1,76.0,2016,No,11,2016,11,2016,1241,5794
3807,3,Visa,Debit,YES,2,18270.0,2011,No,07,2023,01,2005,1241,1711
3808,0,Mastercard,Debit,YES,2,6588.0,2011,No,12,2020,05,2007,1242,7692
3809,1,Amex,Credit,YES,2,12200.0,2011,No,03,2021,04,2011,1242,0185
3810,2,Visa,Debit,YES,1,23083.0,2020,No,09,2022,02,2020,1242,9751
3811,3,Mastercard,Debit,YES,1,21497.0,2009,No,02,2022,11,2009,1242,7656
3812,0,Mastercard,Debit (Prepaid),YES,3,29.0,2012,No,02,2021,06,2006,1243,5975
3813,1,Mastercard,Debit,YES,2,20165.0,2012,No,07,2022,10,2010,1243,7599
3814,2,Discover,Credit,YES,2,16300.0,2011,No,05,2022,11,2009,1243,5107
3815,3,Discover,Credit,YES,1,11100.0,2010,No,03,2020,11,2009,1243,0888
3816,4,Visa,Credit,YES,2,7700.0,2014,No,08,2023,03,2014,1243,3441
3817,0,Mastercard,Credit,YES,2,6000.0,2010,No,01,2023,07,2004,1244,4467
3818,0,Mastercard,Debit,YES,1,2049.0,2020,No,04,2023,02,2020,1245,3182
3819,1,Amex,Credit,NO,1,7600.0,2020,No,12,2022,02,2020,1245,9854
3820,2,Mastercard,Debit,YES,1,14670.0,2020,No,01,2024,01,2020,1245,9293
3821,0,Mastercard,Credit,YES,2,11600.0,2014,No,01,2017,08,2014,1246,2111
3822,1,Visa,Debit,YES,1,14960.0,2015,No,04,2016,04,2015,1246,2964
3823,2,Mastercard,Credit,YES,2,9600.0,2015,No,09,2021,04,2006,1246,1524
3824,3,Mastercard,Debit,YES,2,17367.0,2007,No,10,2020,12,2007,1246,4069
3825,0,Mastercard,Debit,YES,1,21358.0,2010,No,04,2013,06,2006,1247,5512
3826,1,Visa,Credit,YES,1,16900.0,2010,No,09,2022,07,2007,1247,5460
3827,2,Mastercard,Credit,YES,2,8500.0,2009,No,09,2022,07,2004,1247,2551
3828,3,Visa,Debit,YES,1,28431.0,2008,No,04,2013,09,2008,1247,6825
3829,0,Mastercard,Debit,YES,2,77.0,2016,No,07,2020,02,2008,1248,2667
3830,1,Mastercard,Debit,YES,1,17360.0,2010,No,08,2024,01,2007,1248,4288
3831,2,Mastercard,Debit,YES,2,4055.0,2017,No,09,2021,10,2009,1248,0008
3832,0,Mastercard,Debit,YES,2,14216.0,2010,No,09,2023,02,2003,1249,2955
3833,1,Visa,Debit,NO,2,19037.0,2011,No,12,2023,04,2003,1249,1631
3834,2,Mastercard,Debit,YES,1,16028.0,2011,No,01,2020,08,2007,1249,1769
3835,3,Discover,Credit,YES,1,14200.0,2011,No,08,2010,04,2005,1249,2176
3836,0,Visa,Debit,YES,1,12640.0,2009,No,07,2023,09,2006,1250,4718
3837,1,Mastercard,Debit,YES,2,16868.0,2010,No,02,2020,03,2010,1250,9017
3838,2,Mastercard,Debit,YES,1,11121.0,2013,No,11,2022,02,2013,1250,7604
3839,3,Visa,Credit,YES,1,10000.0,2010,No,10,2020,10,2009,1250,7853
3840,0,Visa,Debit (Prepaid),YES,2,56.0,2011,No,07,2020,04,2001,1251,6102
3841,1,Visa,Debit,YES,2,27376.0,2012,No,01,2021,03,2012,1251,6628
3842,2,Mastercard,Debit,YES,2,32676.0,2012,No,07,2019,12,2012,1251,5565
3843,3,Visa,Debit,NO,1,25658.0,2009,No,04,2021,07,2009,1251,8041
3844,4,Visa,Credit,NO,2,22800.0,2011,No,05,2018,08,2008,1251,7541
3845,0,Mastercard,Credit,YES,2,10700.0,2020,No,06,2023,02,2020,1252,5166
3846,1,Visa,Credit,YES,2,5100.0,2015,No,02,2021,04,2015,1252,8380
3847,2,Visa,Credit,NO,1,7200.0,2020,No,01,2022,02,2020,1252,8141
3848,0,Visa,Debit,YES,1,16740.0,2011,No,03,2020,12,2009,1253,2414
3849,1,Visa,Debit,YES,1,13841.0,2020,No,02,2020,01,2020,1253,4166
3850,2,Visa,Debit,YES,1,15638.0,2012,No,12,2022,09,2012,1253,4898
3851,3,Amex,Credit,YES,1,11400.0,2007,No,05,2022,06,2007,1253,4170
3852,0,Mastercard,Debit,YES,1,12501.0,2014,No,09,2022,02,2014,1254,6939
3853,1,Mastercard,Debit (Prepaid),YES,1,71.0,2014,No,01,2023,08,2014,1254,7766
3854,2,Mastercard,Debit,YES,2,11164.0,2010,No,01,2011,06,2009,1254,5456
3855,0,Visa,Debit,YES,2,8365.0,2009,No,09,2021,08,2009,1255,6785
3856,1,Visa,Debit,YES,2,17104.0,2010,No,12,2021,05,2009,1255,2550
3857,2,Amex,Credit,YES,1,2100.0,2009,No,12,2013,02,2007,1255,4163
3858,3,Mastercard,Debit,YES,1,13634.0,2011,No,04,2006,01,2005,1255,9618
3859,4,Mastercard,Debit (Prepaid),YES,1,63.0,2015,No,09,2020,04,2015,1255,3617
3860,5,Mastercard,Debit,YES,2,18721.0,2009,No,01,2023,06,2005,1255,1310
3861,0,Amex,Credit,YES,2,3400.0,2008,No,09,2023,06,2004,1256,0216
3862,0,Mastercard,Debit,NO,1,6824.0,2020,No,11,2021,02,2020,1257,2602
3863,0,Visa,Credit,YES,1,20700.0,2020,No,10,2022,02,2020,1258,9909
3864,0,Visa,Credit,NO,1,6200.0,2013,No,05,2018,05,2005,1259,6500
3865,1,Visa,Debit (Prepaid),YES,2,31.0,2014,No,04,2021,02,2000,1259,1893
3866,2,Visa,Credit,YES,1,1000.0,2009,No,08,2021,11,2003,1259,4848
3867,3,Visa,Debit (Prepaid),YES,2,77.0,2007,No,10,2023,05,2004,1259,3725
3868,0,Mastercard,Debit (Prepaid),YES,2,31.0,2020,No,06,2023,01,2020,1260,3765
3869,1,Visa,Debit,YES,1,318.0,2020,No,06,2020,01,2020,1260,0851
3870,0,Visa,Debit,NO,1,20709.0,2020,No,04,2023,02,2020,1261,1795
3871,1,Mastercard,Debit,YES,2,20230.0,2010,No,10,2022,04,2007,1261,7991
3872,2,Mastercard,Debit,YES,2,14749.0,2012,No,10,2023,04,2012,1261,9630
3873,0,Mastercard,Debit,YES,3,9171.0,2005,No,09,2022,02,1999,1262,6203
3874,1,Amex,Credit,YES,2,17400.0,2013,No,05,2018,12,2013,1262,4558
3875,0,Mastercard,Debit,NO,2,14475.0,2009,No,10,2023,06,2007,1263,4439
3876,0,Mastercard,Debit,YES,2,15967.0,2009,No,12,2020,02,2007,1264,4610
3877,1,Visa,Debit,YES,1,12250.0,2019,No,08,2024,03,2019,1264,5257
3878,2,Visa,Debit (Prepaid),YES,2,63.0,2009,No,04,2024,11,2009,1264,6234
3879,3,Mastercard,Debit (Prepaid),YES,2,66.0,2010,No,08,2023,04,2007,1264,9462
3880,4,Visa,Credit,YES,1,8500.0,2014,No,09,2022,05,2008,1264,4821
3881,0,Mastercard,Debit (Prepaid),NO,1,65.0,2012,No,01,2024,07,2012,1265,2929
3882,1,Discover,Credit,YES,2,16100.0,2020,No,02,2020,02,2020,1265,8570
3883,2,Mastercard,Debit,YES,1,3313.0,2020,No,12,2020,01,2020,1265,6672
3884,0,Visa,Credit,YES,1,10400.0,2020,No,01,2020,01,2020,1266,3655
3885,1,Mastercard,Debit,NO,2,2117.0,2020,No,06,2021,02,2020,1266,7968
3886,2,Visa,Debit,YES,1,11265.0,2020,No,02,2020,01,2020,1266,8435
3887,3,Mastercard,Debit,YES,3,5618.0,2020,No,02,2021,01,2020,1266,7060
3888,0,Amex,Credit,YES,2,20800.0,2013,No,06,2022,10,2010,1267,8716
3889,1,Amex,Credit,YES,3,11700.0,2020,No,11,2020,02,2020,1267,6517
3890,2,Visa,Debit,YES,1,33028.0,2020,No,06,2022,01,2020,1267,1951
3891,3,Visa,Debit,YES,1,19830.0,2013,No,04,2024,12,2013,1267,4405
3892,4,Mastercard,Debit,YES,1,22482.0,2015,No,02,2019,07,2015,1267,6135
3893,5,Visa,Credit,YES,1,22400.0,2010,No,08,2023,10,2002,1267,2405
3894,6,Visa,Debit (Prepaid),YES,1,62.0,2012,No,10,2024,05,2010,1267,7343
3895,0,Mastercard,Debit,YES,2,27723.0,2010,No,01,2008,07,2007,1268,9341
3896,1,Mastercard,Credit,NO,1,31800.0,2012,No,03,2023,08,2008,1268,2774
3897,2,Mastercard,Debit,YES,1,16028.0,2009,No,03,2018,02,2009,1268,3654
3898,3,Mastercard,Debit,YES,2,25411.0,2013,No,01,2021,07,2002,1268,7529
3899,0,Visa,Debit,NO,1,11912.0,2014,No,10,2023,01,2014,1269,1311
3900,1,Mastercard,Debit,YES,2,13064.0,2017,No,12,2024,09,2017,1269,8880
3901,2,Mastercard,Debit,YES,2,8912.0,2015,No,10,2016,10,2015,1269,2853
3902,0,Mastercard,Debit,YES,2,15962.0,2013,No,01,2020,02,2008,1270,5384
3903,0,Visa,Credit,YES,1,18200.0,2014,No,11,2020,02,2005,1271,9977
3904,1,Mastercard,Debit,YES,2,3450.0,2014,No,08,2016,07,2006,1271,6124
3905,2,Visa,Debit,YES,1,3450.0,2016,No,05,2021,09,2008,1271,1033
3906,3,Mastercard,Debit,YES,1,39598.0,2006,No,11,2023,12,1999,1271,5941
3907,0,Mastercard,Debit,YES,1,36502.0,2016,No,01,2022,02,2016,1272,2777
3908,1,Visa,Credit,YES,1,14900.0,2014,No,10,2023,05,2006,1272,9514
3909,2,Mastercard,Credit,YES,1,11800.0,2012,No,09,2020,10,2012,1272,3415
3910,3,Amex,Credit,YES,1,14000.0,2012,No,06,2024,02,2010,1272,0544
3911,4,Visa,Credit,YES,2,16000.0,2009,No,05,2022,08,2008,1272,7585
3912,0,Mastercard,Debit,YES,2,32557.0,2008,No,10,2022,03,2008,1273,8769
3913,1,Mastercard,Debit,NO,1,21820.0,2011,No,02,2021,12,2011,1273,8272
3914,2,Mastercard,Debit,YES,2,14448.0,2011,No,06,2024,09,2005,1273,9167
3915,0,Mastercard,Debit,YES,2,19038.0,2010,No,08,2022,10,2008,1274,7713
3916,1,Mastercard,Debit,YES,1,23632.0,2009,No,03,2012,06,2007,1274,3110
3917,0,Mastercard,Debit,YES,2,18627.0,2010,No,12,2022,06,2004,1275,9120
3918,0,Mastercard,Debit (Prepaid),YES,1,86.0,2019,No,08,2021,06,2019,1276,2429
3919,1,Visa,Debit,YES,1,18944.0,2014,No,12,2014,11,2014,1276,0024
3920,2,Visa,Debit,YES,1,20962.0,2011,No,08,2022,01,2005,1276,0386
3921,3,Mastercard,Debit (Prepaid),YES,1,86.0,2006,No,02,2016,06,2004,1276,4936
3922,0,Amex,Credit,NO,2,6000.0,2015,No,10,2021,12,2015,1277,1306
3923,0,Amex,Credit,YES,1,12500.0,2016,No,02,2020,06,2016,1278,9965
3924,0,Amex,Credit,YES,1,17200.0,2015,No,04,2020,10,2015,1279,6955
3925,1,Mastercard,Debit,YES,1,31163.0,2014,No,01,2015,03,2014,1279,4478
3926,2,Mastercard,Debit (Prepaid),YES,1,59.0,2013,No,05,2024,06,2013,1279,1758
3927,3,Mastercard,Credit,NO,1,13500.0,2009,No,06,2024,04,2005,1279,3035
3928,0,Visa,Credit,YES,2,8900.0,2010,No,05,2022,05,2009,1280,1797
3929,1,Mastercard,Credit,YES,1,2900.0,2012,No,12,2024,07,2007,1280,1056
3930,2,Mastercard,Debit (Prepaid),YES,2,89.0,2009,No,04,2020,02,2009,1280,1706
3931,0,Visa,Credit,YES,2,5200.0,2009,No,09,2023,10,2008,1281,7148
3932,0,Mastercard,Debit,YES,2,6090.0,2011,No,04,2022,11,2009,1282,6629
3933,0,Visa,Debit,YES,1,31072.0,2014,No,11,2020,01,2014,1283,9991
3934,1,Amex,Credit,YES,2,11200.0,2020,No,06,2023,02,2020,1283,4163
3935,2,Mastercard,Debit (Prepaid),YES,1,38.0,2020,No,02,2020,02,2020,1283,5572
3936,0,Mastercard,Debit,YES,2,10670.0,2009,No,11,2010,01,2005,1284,2548
3937,1,Visa,Credit,YES,2,5900.0,2014,No,02,2024,10,2006,1284,3501
3938,2,Amex,Credit,YES,2,7600.0,2017,No,09,2017,09,2017,1284,5694
3939,3,Mastercard,Debit (Prepaid),YES,1,95.0,2019,No,05,2022,10,2019,1284,2088
3940,4,Visa,Credit,NO,1,5100.0,2006,No,04,2023,03,2006,1284,7607
3941,5,Visa,Debit,YES,1,1753.0,2012,No,12,2020,09,2006,1284,3290
3942,6,Visa,Debit,YES,2,8427.0,2014,No,03,2024,01,2006,1284,8596
3943,0,Visa,Debit,YES,1,27006.0,2007,No,09,2014,12,2007,1285,9189
3944,1,Mastercard,Debit,YES,1,34348.0,2010,No,08,2023,05,2009,1285,7960
3945,2,Mastercard,Debit,YES,1,25659.0,2011,No,12,2008,11,2008,1285,3600
3946,3,Visa,Credit,YES,2,14500.0,2010,No,08,2020,03,2010,1285,7453
3947,4,Visa,Credit,YES,1,16400.0,2008,No,09,2024,11,2008,1285,6524
3948,0,Visa,Debit,YES,2,9418.0,2007,No,09,2020,07,2007,1286,3489
3949,1,Mastercard,Debit,YES,1,20677.0,2011,No,07,2000,02,2000,1286,7065
3950,0,Mastercard,Debit,YES,1,21900.0,2011,No,08,2021,11,2008,1287,8155
3951,1,Amex,Credit,NO,2,13100.0,2009,No,08,2024,09,2009,1287,3287
3952,0,Visa,Credit,YES,2,25400.0,2012,No,06,2022,06,2009,1288,4035
3953,1,Mastercard,Debit,YES,2,21177.0,2007,No,02,2011,08,2006,1288,2987
3954,0,Mastercard,Credit,YES,1,20700.0,2020,No,06,2022,02,2020,1289,1848
3955,1,Amex,Credit,YES,2,12600.0,2020,No,04,2024,02,2020,1289,6257
3956,0,Mastercard,Debit,NO,2,15122.0,2010,No,12,2008,11,2008,1290,5282
3957,0,Visa,Debit,NO,1,14708.0,2014,No,08,2023,01,2014,1291,8173
3958,1,Visa,Debit,YES,2,19197.0,2013,No,03,2022,04,2013,1291,1443
3959,2,Mastercard,Debit,YES,1,14830.0,2014,No,04,2022,12,2014,1291,5063
3960,0,Mastercard,Debit,YES,1,6631.0,2012,No,10,2021,09,1999,1292,9938
3961,1,Mastercard,Debit,YES,1,13910.0,2016,No,08,2024,12,2010,1292,8688
3962,2,Mastercard,Credit,YES,2,6900.0,2014,No,05,2024,09,2014,1292,5282
3963,3,Mastercard,Debit,YES,1,19955.0,2007,No,10,2020,11,1994,1292,1116
3964,4,Mastercard,Debit (Prepaid),YES,2,66.0,2012,No,08,2024,11,2012,1292,8549
3965,5,Visa,Credit,YES,1,9900.0,2009,No,04,2024,06,2009,1292,0891
3966,0,Discover,Credit,YES,1,9200.0,2010,No,01,2012,09,2010,1293,7684
3967,1,Mastercard,Debit,YES,1,9420.0,2012,No,05,2022,10,2010,1293,6837
3968,2,Mastercard,Debit (Prepaid),NO,2,49.0,2011,No,05,2021,02,2007,1293,0569
3969,3,Visa,Debit,YES,2,18535.0,2008,No,04,2020,12,2008,1293,9228
3970,4,Visa,Debit,YES,1,10104.0,2015,No,09,2023,10,2010,1293,8145
3971,5,Visa,Debit (Prepaid),YES,2,63.0,2010,No,11,2022,01,2003,1293,5076
3972,0,Mastercard,Debit,YES,1,61407.0,2020,No,09,2022,01,2020,1294,8257
3973,0,Mastercard,Credit,YES,3,10100.0,2012,No,12,2014,03,2012,1295,1507
3974,1,Visa,Debit,YES,2,31535.0,2009,No,06,2024,02,2005,1295,3379
3975,2,Mastercard,Debit,YES,1,21282.0,2013,No,08,2015,11,2013,1295,0785
3976,0,Visa,Credit,YES,1,5100.0,2011,No,03,2022,04,2010,1296,8487
3977,1,Mastercard,Debit,YES,1,14103.0,2008,No,02,2020,06,1999,1296,2104
3978,2,Visa,Debit,YES,2,21847.0,2011,No,07,2022,07,2005,1296,4807
3979,3,Mastercard,Debit,YES,1,28425.0,2013,No,09,2020,10,2013,1296,2712
3980,0,Visa,Debit,YES,1,4087.0,2020,No,02,2020,01,2020,1297,3167
3981,0,Amex,Credit,YES,2,8200.0,2011,No,09,2023,07,1998,1298,8719
3982,1,Visa,Debit,YES,2,1462.0,2013,No,09,2021,04,2002,1298,1779
3983,2,Visa,Debit (Prepaid),YES,2,58.0,2011,No,07,2021,02,2011,1298,4110
3984,3,Mastercard,Debit,YES,2,142.0,2014,No,03,2011,03,1999,1298,3905
3985,0,Visa,Debit,YES,1,18105.0,2012,No,01,2017,08,2012,1299,0882
3986,1,Visa,Credit,YES,1,10900.0,2013,No,04,2014,07,2002,1299,5637
3987,2,Visa,Credit,NO,1,12800.0,2011,No,12,2021,09,2007,1299,7230
3988,0,Visa,Debit,YES,1,2670.0,2011,No,03,2020,01,2011,1300,0596
3989,1,Mastercard,Credit,YES,2,14700.0,2012,No,10,2018,05,2012,1300,8579
3990,2,Mastercard,Debit (Prepaid),YES,1,100.0,2020,No,07,2023,01,2020,1300,0017
3991,0,Mastercard,Debit,YES,2,1680.0,2020,No,12,2021,01,2020,1301,9027
3992,0,Visa,Debit,YES,1,18579.0,2015,No,08,2016,09,2015,1302,4350
3993,1,Mastercard,Credit,YES,1,13200.0,2010,No,09,2021,07,2010,1302,9193
3994,2,Amex,Credit,YES,2,1900.0,2020,No,04,2023,02,2020,1302,9548
3995,3,Visa,Credit,YES,2,17100.0,2011,No,07,2024,08,2011,1302,7395
3996,0,Visa,Debit,NO,1,16820.0,2014,No,10,2015,05,2014,1303,9018
3997,1,Amex,Credit,YES,1,12000.0,2014,No,02,2022,10,2010,1303,2793
3998,0,Mastercard,Debit,YES,1,21357.0,2015,No,10,2018,03,2015,1304,9186
3999,1,Mastercard,Debit,YES,1,22964.0,2011,No,11,2022,07,2005,1304,5963
4000,2,Mastercard,Debit,YES,1,16769.0,2020,No,12,2024,01,2020,1304,5994
4001,3,Visa,Credit,YES,1,10100.0,2010,No,06,2016,11,2010,1304,1023
4002,0,Visa,Debit,YES,1,20773.0,2013,No,12,2024,04,2013,1305,8100
4003,1,Amex,Credit,YES,1,15300.0,2012,No,01,2022,04,2005,1305,5315
4004,2,Mastercard,Debit,YES,2,11160.0,2010,No,01,2023,07,2010,1305,3555
4005,3,Mastercard,Debit (Prepaid),YES,2,110.0,2017,No,12,2022,06,1999,1305,8599
4006,4,Visa,Debit,YES,2,8766.0,2020,No,06,2024,09,2010,1305,3213
4007,5,Mastercard,Debit (Prepaid),YES,2,95.0,2012,No,01,2021,10,1998,1305,4594
4008,0,Visa,Credit,YES,2,9100.0,2015,No,11,2020,09,2008,1306,5518
4009,1,Mastercard,Debit,YES,2,15441.0,2009,No,10,2010,09,2009,1306,7116
4010,2,Mastercard,Debit,YES,2,12021.0,2014,No,04,2019,05,2004,1306,0100
4011,3,Mastercard,Debit,YES,1,8887.0,2014,No,05,2023,08,2007,1306,7553
4012,0,Mastercard,Debit (Prepaid),YES,1,77.0,2011,No,05,2023,03,2011,1307,0119
4013,1,Mastercard,Credit,YES,1,22500.0,2008,No,07,2024,10,2006,1307,1489
4014,2,Mastercard,Debit,YES,1,19600.0,2015,No,02,2010,10,2007,1307,0182
4015,3,Mastercard,Debit,YES,2,40019.0,2017,No,09,2020,08,2010,1307,3125
4016,4,Mastercard,Debit,NO,2,64321.0,2007,No,12,2023,01,2004,1307,9064
4017,0,Visa,Debit,YES,1,16731.0,2014,No,03,2020,06,2014,1308,8030
4018,1,Mastercard,Credit,YES,2,8800.0,2008,No,06,2022,07,2008,1308,1099
4019,2,Visa,Debit,YES,1,12764.0,2009,No,07,2019,07,2006,1308,9849
4020,3,Visa,Debit,NO,1,7943.0,2005,No,02,2022,08,2002,1308,3281
4021,4,Visa,Debit,YES,2,18089.0,2009,No,01,2007,06,2004,1308,5365
4022,0,Discover,Credit,YES,1,13800.0,2020,No,01,2020,01,2020,1309,9853
4023,1,Visa,Debit,YES,2,20134.0,2020,No,02,2020,01,2020,1309,5184
4024,2,Mastercard,Debit (Prepaid),YES,2,55.0,2020,No,03,2021,01,2020,1309,6915
4025,3,Mastercard,Debit,YES,2,9279.0,2020,No,02,2020,01,2020,1309,6586
4026,4,Mastercard,Debit,NO,2,21449.0,2020,No,08,2021,02,2020,1309,9869
4027,0,Discover,Credit,YES,1,16500.0,2011,No,12,2011,10,2011,1310,7793
4028,1,Visa,Debit,YES,2,9335.0,2010,No,03,2023,06,2010,1310,2101
4029,2,Visa,Debit,YES,2,14079.0,2015,No,04,2023,07,2004,1310,1556
4030,0,Visa,Debit,YES,1,10367.0,2020,No,02,2020,02,2020,1311,4788
4031,1,Amex,Credit,YES,1,8200.0,2012,No,05,2024,07,2003,1311,5921
4032,2,Mastercard,Debit,YES,2,13350.0,2011,No,06,2020,02,2006,1311,7306
4033,0,Amex,Credit,YES,1,10200.0,2011,No,11,2020,02,2001,1312,7794
4034,1,Visa,Debit,YES,1,22648.0,2015,No,04,2015,01,2008,1312,3735
4035,0,Mastercard,Debit,NO,1,17717.0,2011,No,03,2020,01,2011,1313,3244
4036,1,Visa,Credit,YES,1,8300.0,2013,No,02,2014,07,2002,1313,5167
4037,2,Visa,Debit,YES,2,25719.0,2010,No,01,2009,07,2008,1313,2958
4038,0,Mastercard,Credit,YES,1,13200.0,2017,No,09,2022,07,2008,1314,7357
4039,1,Visa,Credit,YES,2,12500.0,2017,No,03,2019,05,2017,1314,7003
4040,2,Amex,Credit,YES,1,15400.0,2017,No,10,2019,07,2009,1314,8541
4041,3,Discover,Credit,YES,2,13900.0,2020,No,02,2020,02,2020,1314,5986
4042,4,Mastercard,Debit,YES,1,16681.0,2011,No,03,2020,05,2002,1314,2500
4043,5,Visa,Credit,YES,1,11800.0,2012,No,07,2024,06,2009,1314,7347
4044,0,Visa,Debit (Prepaid),YES,1,57.0,2020,No,09,2021,01,2020,1315,5542
4045,1,Mastercard,Debit,YES,2,10573.0,2020,No,04,2021,02,2020,1315,3540
4046,2,Visa,Debit,YES,1,17499.0,2020,No,04,2022,02,2020,1315,9779
4047,0,Mastercard,Debit,YES,1,20015.0,2006,No,09,2020,12,2006,1316,7009
4048,1,Mastercard,Debit,YES,2,9707.0,2009,No,10,2020,05,2007,1316,8422
4049,2,Mastercard,Credit,YES,2,3400.0,2007,No,05,2022,12,1992,1316,9033
4050,0,Amex,Credit,YES,1,5300.0,2013,No,07,2023,08,2013,1317,9759
4051,1,Mastercard,Debit,YES,2,22789.0,2015,No,03,2018,11,2015,1317,4912
4052,2,Mastercard,Debit,YES,2,13193.0,2014,No,03,2024,02,2014,1317,0155
4053,0,Discover,Credit,YES,1,1700.0,2010,No,09,2023,07,2005,1318,6566
4054,1,Visa,Credit,YES,1,9000.0,2009,No,12,2017,03,2001,1318,2757
4055,0,Mastercard,Debit (Prepaid),YES,2,79.0,2011,No,07,2020,01,2011,1319,4909
4056,1,Mastercard,Debit (Prepaid),YES,1,87.0,2008,No,01,2019,11,2008,1319,3272
4057,2,Visa,Debit,YES,2,11254.0,2009,No,11,2017,04,2009,1319,5566
4058,3,Visa,Debit,NO,1,11344.0,2007,No,03,2023,04,2007,1319,7551
4059,0,Mastercard,Debit (Prepaid),NO,1,50.0,2013,No,02,2020,01,2005,1320,7192
4060,1,Mastercard,Debit,YES,2,1213.0,2010,No,06,2019,01,2010,1320,9121
4061,0,Mastercard,Debit,NO,1,29219.0,2012,No,08,2023,06,2012,1321,1418
4062,1,Mastercard,Debit,YES,1,17907.0,2013,No,03,2020,02,2013,1321,9686
4063,2,Visa,Debit,YES,2,24298.0,2011,No,10,2023,03,2011,1321,5327
4064,3,Mastercard,Credit,YES,1,11700.0,2011,No,07,2023,10,2008,1321,9600
4065,4,Visa,Debit,YES,2,16227.0,2015,No,07,2003,02,1999,1321,3667
4066,5,Visa,Debit,YES,2,7495.0,2005,No,12,2021,05,2004,1321,1245
4067,6,Visa,Debit,YES,2,2210.0,2014,No,03,2020,02,2011,1321,3758
4068,0,Visa,Credit,YES,2,17300.0,2020,No,06,2022,01,2020,1322,7665
4069,1,Mastercard,Debit,YES,2,3334.0,2020,No,08,2021,02,2020,1322,4384
4070,0,Mastercard,Debit,NO,2,10040.0,2010,No,02,2024,02,2010,1323,0967
4071,1,Visa,Credit,YES,2,8500.0,2018,No,06,2024,10,2010,1323,3405
4072,0,Mastercard,Debit,YES,1,11646.0,2019,No,09,2020,03,2019,1324,6275
4073,1,Visa,Credit,YES,1,6900.0,2011,No,03,2020,05,2011,1324,8985
4074,2,Mastercard,Debit,YES,2,8230.0,2014,No,10,2014,12,2007,1324,2569
4075,0,Mastercard,Credit,YES,1,4400.0,2014,No,11,2023,05,2007,1325,8318
4076,1,Mastercard,Debit,YES,2,8638.0,2014,No,07,2020,04,2004,1325,8703
4077,2,Discover,Credit,YES,2,4700.0,2011,No,09,2020,03,2010,1325,6337
4078,3,Visa,Credit,YES,2,4100.0,2009,No,01,2024,09,2009,1325,1482
4079,0,Visa,Credit,YES,1,8900.0,2010,No,11,2020,02,2005,1326,9932
4080,1,Visa,Debit,YES,1,3905.0,2010,No,04,2017,12,2009,1326,5529
4081,2,Visa,Debit,YES,2,18744.0,2010,No,07,2022,01,2000,1326,7547
4082,3,Visa,Credit,NO,2,5400.0,2011,No,08,2012,01,2009,1326,9751
4083,4,Visa,Debit,NO,1,14507.0,2010,No,11,2011,04,2007,1326,8588
4084,0,Visa,Credit,YES,2,8700.0,2015,No,02,2020,06,2015,1327,2118
4085,1,Mastercard,Credit,YES,2,10600.0,2019,No,06,2022,05,2008,1327,4105
4086,0,Visa,Debit,YES,1,11510.0,2012,No,10,2023,12,2012,1328,8112
4087,1,Mastercard,Debit,YES,1,15765.0,2009,No,06,2013,11,2009,1328,9124
4088,2,Visa,Debit (Prepaid),YES,1,56.0,2010,No,02,2023,05,2009,1328,5747
4089,3,Visa,Credit,YES,1,7300.0,2013,No,12,2021,02,2006,1328,6712
4090,4,Visa,Credit,YES,2,8500.0,2015,No,12,2022,02,2015,1328,8542
4091,5,Amex,Credit,YES,1,7500.0,2011,No,08,2014,05,2010,1328,1008
4092,6,Amex,Credit,YES,2,5900.0,2009,No,04,2022,04,2009,1328,9954
4093,7,Visa,Credit,YES,1,13600.0,2013,No,11,2021,03,2009,1328,7930
4094,8,Mastercard,Credit,YES,2,10700.0,2010,No,01,2024,11,2006,1328,8493
4095,0,Mastercard,Debit,NO,1,6424.0,2012,No,04,2023,09,2000,1329,8054
4096,1,Visa,Debit,YES,2,14248.0,2010,No,08,2020,09,1999,1329,5481
4097,2,Mastercard,Credit,YES,2,5400.0,2016,No,06,2016,03,2016,1329,4116
4098,0,Mastercard,Debit,YES,2,13448.0,2011,No,11,2023,07,2007,1330,6627
4099,1,Mastercard,Debit (Prepaid),YES,2,44.0,2013,No,01,2020,05,2009,1330,7977
4100,2,Visa,Credit,YES,2,11300.0,2007,No,02,2020,07,2007,1330,7121
4101,3,Visa,Debit,YES,1,30622.0,2009,No,11,2012,08,2009,1330,1440
4102,0,Mastercard,Debit,YES,2,12241.0,2008,No,08,2009,05,2008,1331,1150
4103,1,Mastercard,Credit,YES,2,6200.0,2012,No,08,2018,10,2012,1331,0694
4104,2,Discover,Credit,YES,1,9500.0,2014,No,08,2023,02,2001,1331,0339
4105,3,Mastercard,Debit,YES,2,23042.0,2013,No,06,2012,09,2011,1331,1560
4106,4,Mastercard,Debit,YES,2,19019.0,2011,No,02,2021,05,2007,1331,5571
4107,5,Visa,Credit,NO,2,2200.0,2008,No,11,2020,12,2005,1331,0590
4108,6,Visa,Credit,YES,1,13700.0,2012,No,10,2021,02,2005,1331,2613
4109,0,Visa,Credit,NO,2,13500.0,2020,No,03,2023,01,2020,1332,8779
4110,1,Mastercard,Credit,YES,2,7800.0,2020,No,03,2021,01,2020,1332,0643
4111,2,Amex,Credit,YES,1,13300.0,2020,No,06,2024,02,2020,1332,7109
4112,3,Mastercard,Debit,YES,1,24665.0,2020,No,09,2020,02,2020,1332,0147
4113,4,Mastercard,Debit,YES,2,28648.0,2020,No,04,2023,02,2020,1332,2702
4114,0,Discover,Credit,YES,1,7000.0,2019,No,06,2024,02,2006,1333,5859
4115,1,Visa,Debit,YES,1,1324.0,2013,No,12,2010,09,2006,1333,1274
4116,2,Mastercard,Debit,YES,2,8950.0,2018,No,11,2017,12,2010,1333,3999
4117,0,Visa,Debit,YES,2,43186.0,2020,No,01,2020,01,2020,1334,3058
4118,1,Mastercard,Debit,YES,1,56434.0,2020,No,12,2022,02,2020,1334,6054
4119,0,Discover,Credit,NO,2,10000.0,2008,No,10,2020,07,2006,1335,9742
4120,1,Mastercard,Credit,YES,1,21300.0,2015,No,07,2024,10,2001,1335,7187
4121,2,Mastercard,Debit,YES,1,18281.0,2009,No,10,2021,08,2009,1335,4903
4122,3,Mastercard,Debit,YES,2,13297.0,2011,No,05,2020,09,2009,1335,3309
4123,4,Mastercard,Debit,YES,2,3485.0,2011,No,10,2024,07,2008,1335,6447
4124,0,Mastercard,Debit (Prepaid),YES,2,54.0,2009,No,04,2020,11,2009,1336,3408
4125,1,Amex,Credit,YES,2,9900.0,2020,No,11,2020,02,2020,1336,3099
4126,2,Mastercard,Debit,YES,1,8257.0,2020,No,07,2020,02,2020,1336,3431
4127,0,Mastercard,Debit,YES,1,29078.0,2009,No,07,2023,12,2008,1337,7380
4128,1,Mastercard,Debit (Prepaid),YES,2,59.0,2009,No,04,2024,04,2009,1337,5019
4129,2,Mastercard,Debit,YES,1,27534.0,2011,No,03,2022,05,2011,1337,5666
4130,0,Visa,Debit,YES,2,21652.0,2012,No,05,2022,12,2005,1338,0795
4131,0,Mastercard,Debit,YES,2,19919.0,2012,No,07,2020,04,2012,1339,7873
4132,1,Mastercard,Debit,YES,2,24272.0,2011,No,11,2022,11,1999,1339,1837
4133,2,Mastercard,Debit,NO,1,23805.0,2020,No,08,2024,02,2020,1339,3297
4134,3,Amex,Credit,YES,2,13800.0,2010,No,07,2012,02,2010,1339,4327
4135,4,Mastercard,Debit (Prepaid),NO,2,27.0,2017,No,10,2020,12,2001,1339,8977
4136,5,Visa,Debit,YES,2,4653.0,2007,No,07,2022,09,2000,1339,0763
4137,6,Mastercard,Credit,YES,2,9900.0,2020,No,02,2020,01,2020,1339,7442
4138,0,Mastercard,Debit (Prepaid),YES,2,34.0,2011,No,07,2024,02,2010,1340,6526
4139,1,Mastercard,Debit,YES,2,11861.0,2013,No,01,2016,11,2007,1340,0939
4140,2,Visa,Debit,YES,2,27382.0,2014,No,02,2022,06,2009,1340,4575
4141,3,Mastercard,Credit,YES,2,27600.0,2013,No,12,2018,05,2013,1340,3541
4142,0,Visa,Debit,YES,2,4906.0,2008,No,02,2020,05,2008,1341,9159
4143,1,Mastercard,Debit,YES,2,1993.0,2014,No,05,2020,09,2004,1341,3830
4144,0,Amex,Credit,YES,1,14800.0,2020,No,02,2020,02,2020,1342,4949
4145,1,Mastercard,Debit,YES,2,2593.0,2020,No,03,2023,02,2020,1342,3208
4146,0,Visa,Credit,YES,2,0.0,2011,No,09,2021,04,2000,1343,4892
4147,1,Mastercard,Debit,YES,2,0.0,2008,No,07,2016,01,2004,1343,9109
4148,0,Mastercard,Credit,YES,1,14900.0,2008,No,05,2009,07,2007,1344,0216
4149,1,Visa,Debit,YES,2,15720.0,2011,No,03,2022,08,2005,1344,0802
4150,2,Mastercard,Debit,YES,2,9165.0,2010,No,07,2020,05,2010,1344,1253
4151,3,Mastercard,Debit,YES,2,13322.0,2010,No,06,2021,05,2010,1344,3603
4152,4,Visa,Debit,YES,2,11528.0,2013,No,07,2023,11,2007,1344,4250
4153,0,Amex,Credit,YES,1,9600.0,2020,No,12,2022,01,2020,1345,6495
4154,1,Mastercard,Debit,YES,2,13573.0,2020,No,02,2020,02,2020,1345,1543
4155,0,Visa,Debit,YES,1,11608.0,2020,No,05,2022,01,2020,1346,2285
4156,1,Mastercard,Debit,YES,1,23699.0,2020,No,10,2024,02,2020,1346,1834
4157,2,Mastercard,Credit,YES,1,7700.0,2020,No,09,2022,01,2020,1346,0130
4158,3,Mastercard,Debit,NO,2,6754.0,2010,No,01,2019,07,2009,1346,8971
4159,4,Visa,Credit,YES,1,3500.0,2020,No,02,2021,02,2020,1346,7294
4160,5,Visa,Debit,YES,1,14793.0,2020,No,03,2020,02,2020,1346,7905
4161,0,Mastercard,Debit,YES,2,44885.0,2020,No,11,2024,08,2011,1347,5943
4162,0,Mastercard,Credit,YES,2,14000.0,2011,No,12,2020,09,2009,1348,0002
4163,1,Visa,Debit,YES,2,18494.0,2007,No,02,2018,10,2005,1348,7377
4164,2,Visa,Credit,YES,2,14700.0,2011,No,03,2024,10,2009,1348,0401
4165,3,Mastercard,Debit (Prepaid),YES,1,69.0,2015,No,05,2020,05,2015,1348,1599
4166,0,Mastercard,Debit,YES,1,22234.0,2020,No,02,2020,01,2020,1349,0727
4167,1,Visa,Credit,YES,1,3600.0,2020,No,02,2023,01,2020,1349,2318
4168,0,Visa,Debit,YES,2,26255.0,2011,No,03,2023,01,2011,1350,3783
4169,1,Mastercard,Debit,YES,2,5500.0,2013,No,03,2020,04,2007,1350,8820
4170,2,Visa,Debit,YES,1,12323.0,2011,No,12,1997,12,1996,1350,9384
4171,3,Mastercard,Credit,YES,2,7100.0,2012,No,01,2024,04,2012,1350,9878
4172,0,Visa,Debit (Prepaid),YES,2,37.0,2009,No,09,2010,08,2008,1351,4188
4173,0,Mastercard,Credit,YES,1,19100.0,2009,No,01,2024,03,2008,1352,3866
4174,1,Mastercard,Credit,YES,2,11600.0,2012,No,01,2021,08,2008,1352,8132
4175,0,Visa,Debit,YES,2,8144.0,2012,No,06,2014,12,2011,1353,9152
4176,1,Visa,Debit (Prepaid),YES,2,53.0,2020,No,06,2024,02,2020,1353,4014
4177,2,Visa,Credit,YES,2,8000.0,2020,No,02,2020,02,2020,1353,4810
4178,3,Mastercard,Debit,YES,1,11919.0,2016,No,12,2024,03,2016,1353,0517
4179,4,Mastercard,Debit,YES,1,17889.0,2012,No,01,2022,02,2012,1353,7606
4180,0,Discover,Credit,YES,2,6300.0,2006,No,10,2022,12,2006,1354,8216
4181,1,Visa,Credit,YES,2,7900.0,2006,No,06,2021,10,2003,1354,3215
4182,2,Mastercard,Debit,YES,2,7995.0,2006,No,06,2020,09,2006,1354,2988
4183,0,Mastercard,Credit,YES,1,7900.0,2013,No,01,2022,04,2002,1355,7203
4184,1,Amex,Credit,YES,1,5900.0,2015,No,10,2022,03,2015,1355,0403
4185,2,Mastercard,Debit,YES,1,18200.0,2010,No,01,2020,07,2010,1355,2995
4186,3,Mastercard,Debit,YES,1,16502.0,2010,No,01,2022,10,2010,1355,2238
4187,4,Visa,Debit,YES,1,16726.0,2011,No,04,2023,06,2011,1355,7068
4188,0,Visa,Debit,YES,2,4140.0,2020,No,09,2024,01,2020,1356,3525
4189,0,Amex,Credit,YES,1,9000.0,2016,No,10,2014,08,2006,1357,9101
4190,1,Mastercard,Debit,YES,1,12868.0,2011,No,12,2022,06,2008,1357,7038
4191,2,Mastercard,Debit,YES,1,27773.0,2012,No,02,2020,06,2009,1357,9250
4192,0,Mastercard,Credit,YES,1,16400.0,2008,No,01,2014,11,2008,1358,6733
4193,1,Visa,Credit,YES,1,13000.0,2018,No,02,2022,01,2018,1358,5267
4194,2,Visa,Debit,YES,1,16465.0,2011,No,09,2022,02,2011,1358,1386
4195,3,Mastercard,Credit,YES,2,9000.0,2011,No,03,2021,10,2004,1358,0746
4196,4,Mastercard,Debit,YES,2,14961.0,2015,No,10,2024,07,2009,1358,1580
4197,5,Visa,Debit,YES,1,19791.0,2014,No,08,2023,10,2003,1358,8552
4198,6,Mastercard,Debit,YES,1,15771.0,2016,No,07,2016,07,2008,1358,9929
4199,7,Mastercard,Debit,YES,1,7702.0,2010,No,04,2024,02,2010,1358,2471
4200,0,Mastercard,Debit,YES,1,18729.0,2011,No,02,2024,03,2004,1359,6055
4201,1,Mastercard,Debit (Prepaid),NO,1,80.0,2011,No,10,2023,08,2011,1359,5369
4202,2,Visa,Debit (Prepaid),YES,1,86.0,2010,No,03,2024,06,2008,1359,0096
4203,0,Mastercard,Debit,NO,2,20138.0,2011,No,06,2020,08,2008,1360,2909
4204,1,Mastercard,Debit,NO,1,21335.0,2020,No,02,2020,02,2020,1360,9479
4205,2,Mastercard,Credit,YES,1,9300.0,2020,No,03,2022,02,2020,1360,8914
4206,3,Mastercard,Credit,YES,1,12600.0,2020,No,02,2020,02,2020,1360,2064
4207,4,Mastercard,Debit,YES,1,12899.0,2020,No,06,2023,01,2020,1360,7610
4208,0,Mastercard,Credit,YES,2,13500.0,2020,No,02,2020,02,2020,1361,2356
4209,1,Visa,Debit,YES,1,17432.0,2020,No,09,2024,01,2020,1361,5039
4210,0,Visa,Credit,NO,2,9700.0,2017,No,12,2012,09,2009,1362,8223
4211,1,Mastercard,Debit,YES,2,13016.0,2015,No,12,2024,08,2007,1362,0210
4212,2,Visa,Debit,YES,2,24459.0,2009,No,09,2004,03,1997,1362,4856
4213,0,Mastercard,Debit (Prepaid),YES,2,87.0,2007,No,06,2023,06,2002,1363,6442
4214,1,Mastercard,Credit,YES,2,13500.0,2007,No,07,2023,08,2007,1363,3350
4215,2,Visa,Debit (Prepaid),YES,2,89.0,2003,No,02,2023,11,1997,1363,6807
4216,3,Discover,Credit,YES,2,8300.0,2011,No,11,2021,09,2003,1363,7827
4217,4,Mastercard,Debit,YES,1,24481.0,2010,No,01,2021,11,2010,1363,8359
4218,0,Mastercard,Debit,NO,1,2808.0,2013,No,01,2017,11,2008,1364,6429
4219,1,Visa,Debit,YES,2,24835.0,2011,No,11,2014,06,2011,1364,5677
4220,2,Visa,Debit,YES,1,12078.0,2018,No,12,2004,10,2003,1364,8077
4221,3,Mastercard,Debit,YES,1,6257.0,2014,No,05,2022,03,2004,1364,6327
4222,0,Visa,Credit,YES,1,8400.0,2010,No,02,2023,06,2002,1365,2210
4223,1,Discover,Credit,YES,2,9900.0,2014,No,08,2020,08,2014,1365,5592
4224,2,Mastercard,Debit,YES,1,11818.0,2013,No,12,2022,02,2013,1365,8700
4225,0,Discover,Credit,YES,2,11300.0,2015,No,05,2022,10,2015,1366,5846
4226,0,Mastercard,Debit,YES,1,8833.0,2016,No,11,2024,07,2007,1367,7615
4227,1,Amex,Credit,YES,1,13400.0,2010,No,10,2022,12,2005,1367,5948
4228,2,Mastercard,Debit,YES,1,30753.0,2008,No,02,2024,05,2003,1367,5705
4229,0,Mastercard,Debit,YES,2,735.0,2020,No,04,2021,02,2020,1368,6949
4230,0,Mastercard,Debit,YES,1,17667.0,2011,No,02,2020,03,2007,1369,7136
4231,1,Mastercard,Debit,YES,1,14665.0,2020,No,02,2020,02,2020,1369,0933
4232,2,Visa,Debit,YES,2,14392.0,2011,No,05,2015,08,2010,1369,1466
4233,0,Mastercard,Credit,YES,2,14900.0,2013,No,07,2021,02,2013,1370,4576
4234,1,Mastercard,Debit,YES,1,19488.0,2015,No,10,2016,11,2015,1370,5209
4235,2,Visa,Debit (Prepaid),YES,1,84.0,2009,No,10,2009,09,2009,1370,3740
4236,3,Visa,Credit,YES,1,20100.0,2015,No,01,2016,11,2008,1370,2286
4237,0,Mastercard,Debit (Prepaid),YES,1,101.0,2011,No,03,2020,12,2011,1371,2333
4238,1,Mastercard,Debit,YES,1,11372.0,2009,No,07,2019,04,2008,1371,4586
4239,2,Mastercard,Debit,YES,1,21448.0,2013,No,04,2017,07,2013,1371,6266
4240,0,Visa,Debit,YES,2,19691.0,2011,No,03,2020,09,2006,1372,3689
4241,1,Visa,Debit,YES,2,14477.0,2008,No,05,2024,04,2008,1372,0031
4242,0,Visa,Debit,YES,2,17559.0,2006,No,06,2013,05,2006,1373,2746
4243,1,Visa,Debit,YES,1,24302.0,2010,No,10,2023,07,2010,1373,1119
4244,0,Visa,Debit,YES,2,8105.0,2009,No,11,2023,11,2007,1374,6355
4245,1,Mastercard,Debit (Prepaid),YES,2,59.0,2011,No,10,2020,01,2010,1374,0008
4246,2,Visa,Credit,YES,2,0.0,2012,No,01,2021,04,2012,1374,3555
4247,3,Mastercard,Debit,YES,2,15022.0,2011,No,01,2022,04,2011,1374,8594
4248,0,Mastercard,Debit,YES,2,27677.0,2006,No,12,2021,05,2005,1375,1792
4249,0,Visa,Debit,YES,1,11779.0,2020,No,02,2020,02,2020,1376,7547
4250,1,Mastercard,Credit,YES,1,9400.0,2020,No,01,2022,01,2020,1376,1474
4251,0,Mastercard,Debit,YES,2,17206.0,2010,No,01,2023,08,2008,1377,4156
4252,1,Mastercard,Debit,YES,1,18235.0,2007,No,06,2024,08,2007,1377,2244
4253,2,Mastercard,Debit,YES,1,25376.0,2020,No,12,2020,02,2020,1377,6920
4254,0,Mastercard,Debit,YES,2,17034.0,2007,No,11,2014,04,2007,1378,6390
4255,1,Visa,Debit (Prepaid),YES,2,33.0,2009,No,05,2020,08,2001,1378,4905
4256,2,Visa,Debit,YES,2,20114.0,2009,No,04,2020,01,2009,1378,1205
4257,0,Mastercard,Debit,YES,2,21074.0,2010,No,09,2024,05,2004,1379,6674
4258,1,Mastercard,Debit,YES,2,17522.0,2011,No,12,2016,02,2011,1379,5054
4259,2,Mastercard,Debit,YES,2,18547.0,2007,No,05,2021,12,2005,1379,0830
4260,3,Mastercard,Credit,YES,1,11700.0,2012,No,07,2022,03,2007,1379,9255
4261,0,Visa,Credit,YES,1,14600.0,2008,No,10,2020,12,2007,1380,1012
4262,1,Visa,Credit,YES,1,4600.0,2011,No,03,2022,07,2000,1380,5504
4263,2,Mastercard,Credit,YES,1,13200.0,2011,No,07,2022,12,2011,1380,1051
4264,3,Mastercard,Debit,YES,2,21701.0,2007,No,05,2023,06,2006,1380,2459
4265,4,Visa,Debit (Prepaid),YES,2,4.0,2008,No,09,2021,09,2004,1380,5581
4266,0,Mastercard,Credit,YES,1,11600.0,2013,No,06,2024,01,1994,1381,2292
4267,1,Mastercard,Debit (Prepaid),YES,2,99.0,2011,No,01,2021,06,2010,1381,4700
4268,2,Mastercard,Credit,YES,2,4200.0,2008,No,04,2022,01,2008,1381,1403
4269,3,Mastercard,Debit,YES,2,21988.0,2013,No,02,2017,09,2013,1381,4899
4270,0,Visa,Debit,YES,2,12186.0,2020,No,01,2020,01,2020,1382,9981
4271,0,Amex,Credit,YES,1,8900.0,2011,No,12,2020,10,2006,1383,0415
4272,1,Amex,Credit,YES,2,4000.0,2013,No,07,2015,08,2013,1383,1897
4273,2,Visa,Credit,YES,2,10200.0,2009,No,06,2023,05,2009,1383,8396
4274,3,Mastercard,Debit,YES,2,5649.0,2016,No,01,2022,02,2008,1383,7809
4275,4,Visa,Debit,YES,1,18934.0,2013,No,08,2020,10,2007,1383,5670
4276,0,Amex,Credit,YES,1,11500.0,2010,No,01,2024,04,2007,1384,5108
4277,1,Amex,Credit,YES,1,5100.0,2020,No,04,2022,02,2020,1384,3831
4278,2,Visa,Debit (Prepaid),YES,1,57.0,2009,No,02,2021,10,2003,1384,7742
4279,3,Mastercard,Credit,YES,1,11800.0,2010,No,12,2016,03,2010,1384,1665
4280,0,Mastercard,Credit,YES,1,12500.0,2012,No,09,2023,01,2010,1385,8782
4281,1,Visa,Debit (Prepaid),YES,2,116.0,2020,No,06,2023,01,2020,1385,0191
4282,2,Mastercard,Debit,YES,2,17447.0,2020,No,02,2020,02,2020,1385,2190
4283,0,Visa,Debit (Prepaid),YES,1,126.0,2020,No,02,2020,02,2020,1386,5539
4284,1,Mastercard,Debit (Prepaid),YES,2,86.0,2015,No,10,2015,09,2015,1386,1659
4285,0,Mastercard,Debit,YES,2,12695.0,2020,No,02,2020,01,2020,1387,8555
4286,1,Mastercard,Credit,YES,2,11800.0,2013,No,06,2019,03,2013,1387,3463
4287,2,Mastercard,Debit,NO,1,18800.0,2020,No,11,2022,01,2020,1387,4600
4288,0,Mastercard,Debit,YES,1,1368.0,2004,No,11,2021,10,2000,1388,2947
4289,0,Amex,Credit,YES,1,8800.0,2020,No,05,2024,01,2020,1389,7870
4290,1,Mastercard,Credit,YES,2,8200.0,2020,No,02,2020,02,2020,1389,5531
4291,0,Mastercard,Debit,YES,2,2450.0,2014,No,09,2022,04,2006,1390,5751
4292,0,Mastercard,Debit,YES,2,10582.0,2017,No,03,2024,05,2017,1391,6484
4293,0,Visa,Debit (Prepaid),YES,1,22.0,2019,No,01,2023,08,2009,1392,0283
4294,0,Visa,Credit,YES,1,6900.0,2010,No,08,2022,08,2009,1393,0305
4295,1,Mastercard,Debit,YES,2,12664.0,2011,No,06,2022,08,2008,1393,7297
4296,2,Discover,Credit,YES,2,3700.0,2011,No,12,2008,11,2008,1393,3510
4297,3,Mastercard,Debit,YES,1,15620.0,2010,No,02,2020,03,2007,1393,7630
4298,4,Amex,Credit,YES,2,10800.0,2011,No,09,2009,04,2001,1393,2694
4299,5,Visa,Debit,YES,2,7014.0,2011,No,10,2021,10,2011,1393,1885
4300,0,Mastercard,Debit,YES,2,23838.0,2013,No,05,2022,02,2013,1394,6613
4301,1,Visa,Debit,YES,1,17355.0,2020,No,12,2024,01,2020,1394,6165
4302,0,Mastercard,Debit,YES,1,16249.0,2010,No,02,2020,11,2007,1395,1233
4303,1,Visa,Debit,YES,2,14036.0,2010,No,11,2021,11,2005,1395,5748
4304,0,Mastercard,Debit,YES,1,19807.0,2010,No,04,2021,05,2010,1396,2621
4305,1,Amex,Credit,YES,1,20900.0,2011,No,05,2017,06,2002,1396,8786
4306,2,Visa,Credit,YES,1,7400.0,2009,No,05,2020,12,2009,1396,3449
4307,3,Visa,Debit,YES,1,35268.0,2009,No,07,2023,06,2009,1396,1578
4308,0,Visa,Credit,YES,2,4600.0,2003,No,10,2021,06,2003,1397,4706
4309,1,Amex,Credit,YES,1,6200.0,2014,No,01,2022,12,2008,1397,6057
4310,2,Mastercard,Debit,NO,2,4139.0,2008,No,07,2019,03,2005,1397,4833
4311,0,Visa,Debit,YES,1,23878.0,2011,No,10,2020,08,2009,1398,2665
4312,1,Mastercard,Credit,YES,2,10200.0,2013,No,04,2022,08,2006,1398,9100
4313,2,Visa,Debit (Prepaid),YES,2,48.0,2014,No,04,2021,11,2010,1398,6506
4314,3,Visa,Credit,YES,1,11300.0,2015,No,09,2021,11,2015,1398,4076
4315,0,Amex,Credit,YES,2,7700.0,2010,No,11,2024,08,2008,1399,1447
4316,1,Visa,Credit,YES,1,8700.0,2006,No,04,2020,08,2004,1399,7983
4317,0,Visa,Debit,YES,1,15338.0,2011,No,08,2021,02,2007,1400,9611
4318,1,Amex,Credit,YES,1,19900.0,2011,No,04,2021,11,2007,1400,0579
4319,0,Visa,Debit,YES,1,14249.0,2016,No,05,2023,09,2016,1401,6939
4320,1,Visa,Debit,YES,1,22124.0,2010,No,03,2011,02,2006,1401,5472
4321,2,Mastercard,Debit,YES,1,28580.0,2013,No,04,2022,11,2013,1401,8153
4322,3,Discover,Credit,YES,1,11900.0,2011,No,02,2020,05,2009,1401,4274
4323,4,Mastercard,Debit,YES,2,16731.0,2020,No,06,2024,02,2020,1401,0535
4324,5,Mastercard,Credit,NO,1,8500.0,2014,No,04,2021,09,2014,1401,0707
4325,0,Mastercard,Debit,YES,2,12757.0,2009,No,12,2020,07,2005,1402,8116
4326,1,Visa,Debit,YES,2,17013.0,2009,No,08,2020,09,2009,1402,2459
4327,2,Mastercard,Debit,YES,2,11757.0,2011,No,04,2004,02,2004,1402,1561
4328,0,Mastercard,Debit,YES,2,16392.0,2011,No,03,2022,09,2009,1403,2618
4329,1,Visa,Credit,YES,1,8500.0,2009,No,06,2021,07,2005,1403,9184
4330,2,Visa,Debit,YES,2,3973.0,2016,No,06,2018,01,2010,1403,5272
4331,0,Mastercard,Debit,YES,2,15042.0,2017,No,03,2020,05,2017,1404,8517
4332,1,Visa,Credit,YES,1,8600.0,2010,No,09,2024,01,2009,1404,3269
4333,2,Visa,Credit,YES,2,7100.0,2007,No,07,2022,06,2007,1404,0598
4334,3,Visa,Debit,YES,2,9551.0,2009,No,10,2024,06,2003,1404,3162
4335,4,Mastercard,Debit,YES,1,10311.0,2006,No,08,2020,12,2001,1404,8566
4336,0,Amex,Credit,YES,1,7700.0,2013,No,01,2017,07,2013,1405,5823
4337,1,Mastercard,Debit,YES,2,11638.0,2011,No,12,2022,08,2004,1405,5307
4338,2,Visa,Debit,YES,2,9285.0,2011,No,09,2023,03,2006,1405,2596
4339,0,Mastercard,Debit,YES,1,11164.0,2009,No,06,2020,02,2008,1406,9387
4340,1,Visa,Credit,YES,1,9900.0,2011,No,10,2024,07,2006,1406,4953
4341,0,Visa,Debit,YES,1,16750.0,2012,No,09,2011,09,2006,1407,2060
4342,0,Visa,Debit (Prepaid),YES,1,80.0,2020,No,08,2020,02,2020,1408,5196
4343,1,Mastercard,Debit,YES,1,12233.0,2020,No,01,2023,02,2020,1408,4899
4344,0,Visa,Debit,YES,2,5216.0,2009,No,10,2009,03,2009,1409,9455
4345,1,Mastercard,Debit,YES,2,9082.0,2020,No,09,2024,01,2020,1409,5905
4346,2,Discover,Credit,YES,2,18100.0,2020,No,03,2024,01,2020,1409,3620
4347,3,Visa,Credit,YES,1,11100.0,2020,No,02,2020,02,2020,1409,4703
4348,0,Visa,Debit,YES,1,19158.0,2010,No,09,2024,11,2009,1410,9325
4349,1,Mastercard,Debit,YES,1,19788.0,2018,No,06,2020,11,2018,1410,1231
4350,2,Mastercard,Debit,YES,1,15259.0,2010,No,02,2021,02,2010,1410,1079
4351,3,Mastercard,Debit,YES,2,19728.0,2013,No,09,2020,03,2013,1410,9349
4352,4,Visa,Debit,YES,1,13530.0,2011,No,08,2009,08,2004,1410,8722
4353,0,Mastercard,Debit,YES,1,142.0,2012,No,08,2019,05,2008,1411,2786
4354,0,Visa,Debit,YES,1,16210.0,2017,No,09,2021,02,2017,1412,2931
4355,1,Visa,Credit,YES,1,15200.0,2020,No,02,2020,01,2020,1412,7815
4356,2,Mastercard,Debit,YES,2,24200.0,2020,No,10,2023,01,2020,1412,3497
4357,0,Mastercard,Debit (Prepaid),YES,1,82.0,2009,No,03,2008,06,2007,1413,4387
4358,1,Visa,Debit,YES,1,21057.0,2010,No,06,2020,09,2010,1413,0860
4359,2,Amex,Credit,YES,1,8900.0,2012,No,04,2021,10,2002,1413,4380
4360,3,Visa,Debit,NO,2,17789.0,2019,No,09,2022,02,1998,1413,3961
4361,0,Mastercard,Debit,YES,2,14388.0,2007,No,04,2023,06,2007,1414,1252
4362,1,Visa,Debit,YES,1,26582.0,2005,No,08,2024,09,2004,1414,8607
4363,2,Visa,Debit,YES,1,21619.0,2016,No,05,2023,01,2016,1414,4858
4364,0,Mastercard,Debit,YES,1,32704.0,2008,No,12,2020,07,2007,1415,9541
4365,0,Mastercard,Debit (Prepaid),YES,1,70.0,2006,No,01,2014,09,1998,1416,9598
4366,1,Amex,Credit,NO,1,23900.0,2017,No,04,2012,03,2010,1416,9303
4367,2,Visa,Debit,YES,2,38120.0,2011,No,09,2020,06,2007,1416,2743
4368,3,Mastercard,Debit,YES,1,5753.0,2009,No,03,2019,10,2007,1416,3276
4369,0,Amex,Credit,YES,2,15500.0,2012,No,01,2021,06,2010,1417,1293
4370,1,Visa,Debit,YES,2,21916.0,2020,No,04,2022,01,2020,1417,5423
4371,2,Visa,Debit,YES,1,25579.0,2020,No,02,2020,01,2020,1417,5437
4372,0,Mastercard,Debit,YES,1,16144.0,2011,No,07,2023,02,2003,1418,3979
4373,1,Mastercard,Debit,NO,1,12535.0,2019,No,05,2024,11,2019,1418,2052
4374,2,Visa,Credit,YES,2,7600.0,2013,No,06,2020,05,2009,1418,8952
4375,3,Mastercard,Debit,YES,1,14514.0,2008,No,12,2017,07,2008,1418,3846
4376,4,Mastercard,Credit,YES,2,7500.0,2016,No,01,2020,03,2016,1418,4479
4377,0,Visa,Credit,YES,2,9700.0,2011,No,12,2022,12,2010,1419,1206
4378,1,Mastercard,Debit,NO,1,18450.0,2012,No,02,2021,12,2012,1419,4258
4379,2,Visa,Debit (Prepaid),YES,1,65.0,2008,No,05,2021,06,2007,1419,8734
4380,3,Mastercard,Debit,YES,2,13529.0,2010,No,02,2023,01,2010,1419,2030
4381,4,Discover,Credit,YES,1,10300.0,2013,No,12,2023,02,2010,1419,3206
4382,0,Mastercard,Credit,NO,1,20100.0,2012,No,09,2022,06,2011,1420,6062
4383,1,Mastercard,Debit (Prepaid),NO,2,61.0,2016,No,10,2024,01,2009,1420,9541
4384,2,Visa,Credit,YES,2,18100.0,2010,No,09,2018,10,2010,1420,1333
4385,3,Mastercard,Debit,YES,2,34731.0,2011,No,12,2024,10,1997,1420,3496
4386,4,Visa,Debit,YES,1,23392.0,2011,No,09,2016,01,2009,1420,1514
4387,0,Mastercard,Debit (Prepaid),YES,2,52.0,2012,No,03,2020,05,2009,1421,2061
4388,1,Mastercard,Debit,YES,2,24129.0,2018,No,06,2020,07,2002,1421,9201
4389,0,Mastercard,Debit,NO,1,27847.0,2011,No,02,2021,06,2009,1422,0070
4390,1,Mastercard,Credit,YES,1,12100.0,2020,No,12,2022,02,2020,1422,0174
4391,0,Mastercard,Debit,YES,1,15847.0,2010,No,02,2021,04,2003,1423,6058
4392,1,Amex,Credit,YES,1,13500.0,2010,No,01,2024,01,2006,1423,4969
4393,2,Visa,Credit,YES,2,11400.0,2012,No,07,2022,07,2012,1423,0764
4394,0,Visa,Debit,YES,2,5520.0,2010,No,08,2022,04,2010,1424,7927
4395,1,Visa,Debit,NO,1,1559.0,2010,No,06,2023,06,2007,1424,5123
4396,2,Visa,Debit,YES,2,11836.0,2015,No,06,2022,06,2003,1424,4216
4397,3,Mastercard,Debit,YES,1,19211.0,2015,No,09,2024,01,2004,1424,8424
4398,4,Visa,Debit,YES,2,5909.0,2012,No,08,2019,10,2008,1424,0065
4399,5,Visa,Debit,YES,2,16410.0,2011,No,04,2018,04,2001,1424,9559
4400,0,Amex,Credit,YES,1,13300.0,2009,No,04,2020,10,2009,1425,4937
4401,1,Visa,Credit,YES,2,9300.0,2013,No,11,2015,08,2013,1425,3541
4402,2,Mastercard,Credit,YES,2,7200.0,2020,No,02,2020,02,2020,1425,7757
4403,0,Visa,Credit,YES,1,11900.0,2011,No,07,2022,12,2011,1426,6102
4404,1,Visa,Credit,YES,2,10500.0,2015,No,04,2023,09,2015,1426,1856
4405,2,Mastercard,Debit,YES,1,14865.0,2017,No,08,2018,03,2017,1426,5551
4406,3,Mastercard,Debit,YES,2,15298.0,2009,No,06,2020,07,2006,1426,0570
4407,4,Mastercard,Debit,YES,1,23481.0,2012,No,06,2020,06,1996,1426,7694
4408,5,Visa,Credit,YES,1,14700.0,2014,No,01,2022,05,2007,1426,9722
4409,6,Mastercard,Debit (Prepaid),YES,2,47.0,2013,No,07,2024,06,2003,1426,6526
4410,7,Mastercard,Debit,YES,1,22625.0,2008,No,08,2023,09,2007,1426,6463
4411,0,Visa,Debit (Prepaid),YES,1,110.0,2007,No,11,2022,03,2007,1427,7037
4412,1,Visa,Debit,YES,1,328.0,2015,No,06,2021,09,2015,1427,6904
4413,2,Visa,Credit,YES,2,100.0,2011,No,11,2020,02,2010,1427,8726
4414,0,Visa,Credit,YES,2,8800.0,2016,No,10,2021,06,2003,1428,1467
4415,1,Visa,Debit,YES,1,3942.0,2016,No,11,2020,07,2009,1428,5673
4416,0,Mastercard,Debit,YES,1,32488.0,2010,No,10,2021,12,2010,1429,2827
4417,1,Amex,Credit,YES,1,20000.0,2020,No,08,2021,08,2007,1429,3201
4418,2,Amex,Credit,NO,1,14500.0,2011,No,10,2020,01,2008,1429,0764
4419,3,Mastercard,Debit,YES,1,25900.0,2010,No,01,2023,09,2010,1429,7999
4420,4,Visa,Credit,YES,1,14800.0,2012,No,01,2022,02,2000,1429,8693
4421,5,Visa,Credit,YES,2,15600.0,2011,No,02,2023,09,2011,1429,3303
4422,0,Mastercard,Debit (Prepaid),YES,2,51.0,2011,No,02,2020,03,2006,1430,0761
4423,1,Visa,Credit,YES,2,5600.0,2013,No,08,2022,05,2013,1430,7836
4424,2,Mastercard,Debit,YES,2,13235.0,2014,No,01,2021,10,2014,1430,8230
4425,0,Visa,Debit (Prepaid),YES,2,33.0,2010,No,02,2022,12,2003,1431,0755
4426,1,Mastercard,Debit,YES,2,34675.0,2018,No,04,2020,07,2004,1431,0134
4427,0,Visa,Debit,YES,1,19824.0,2018,No,12,2020,08,2018,1432,6677
4428,1,Visa,Debit,YES,1,9827.0,2009,No,02,2020,02,2008,1432,5426
4429,0,Visa,Credit,YES,2,9700.0,2009,No,07,2024,07,2007,1433,8841
4430,0,Amex,Credit,YES,2,5400.0,2018,No,05,2023,01,2018,1434,6772
4431,1,Mastercard,Debit,YES,1,12079.0,2017,No,03,2018,04,2017,1434,5584
4432,0,Visa,Debit,YES,2,19436.0,2011,No,07,2020,03,2011,1435,9299
4433,1,Visa,Credit,YES,2,10600.0,2005,No,08,2024,05,2005,1435,0761
4434,2,Mastercard,Credit,YES,1,9600.0,2011,No,03,2023,08,2007,1435,5407
4435,0,Mastercard,Debit,YES,1,17500.0,2020,No,04,2020,01,2020,1436,0864
4436,1,Mastercard,Debit,YES,2,21797.0,2020,No,03,2020,02,2020,1436,1855
4437,2,Mastercard,Credit,YES,1,16700.0,2020,No,06,2022,02,2020,1436,2418
4438,3,Amex,Credit,YES,1,8800.0,2020,No,12,2022,01,2020,1436,4265
4439,0,Mastercard,Debit (Prepaid),YES,2,87.0,2016,No,05,2021,08,2006,1437,5521
4440,1,Mastercard,Credit,YES,2,6000.0,2010,No,09,2007,08,2004,1437,9402
4441,0,Visa,Debit,YES,2,10182.0,2011,No,07,2021,07,2005,1438,2344
4442,1,Visa,Debit,YES,1,2566.0,2012,No,03,2023,09,2009,1438,7188
4443,0,Mastercard,Debit,YES,1,25693.0,2020,No,09,2021,01,2020,1439,3647
4444,1,Mastercard,Debit,YES,1,43122.0,2011,No,11,2020,10,2002,1439,3231
4445,0,Mastercard,Debit,YES,2,5793.0,2013,No,03,2023,07,2003,1440,6723
4446,1,Visa,Debit,YES,1,2950.0,2014,No,07,2023,10,2005,1440,5996
4447,2,Discover,Credit,YES,1,6600.0,2014,No,03,2015,07,2014,1440,4622
4448,3,Mastercard,Debit,YES,1,21378.0,2015,No,01,2021,03,2015,1440,7024
4449,0,Mastercard,Debit,YES,1,29283.0,2012,No,12,2007,05,2003,1441,7101
4450,0,Visa,Debit,YES,1,12220.0,2011,No,05,2020,09,1993,1442,4163
4451,1,Mastercard,Debit,NO,1,30096.0,2009,No,03,2021,08,2009,1442,7175
4452,2,Mastercard,Debit,YES,2,12068.0,2020,No,02,2020,01,2020,1442,6211
4453,0,Mastercard,Debit,YES,2,10039.0,2020,No,10,2024,01,2020,1443,1411
4454,1,Mastercard,Debit (Prepaid),NO,2,66.0,2020,No,02,2020,02,2020,1443,3916
4455,2,Mastercard,Debit,YES,2,22043.0,2020,No,02,2020,01,2020,1443,7144
4456,3,Visa,Debit (Prepaid),YES,2,56.0,2020,No,06,2022,01,2020,1443,5170
4457,4,Mastercard,Credit,YES,2,7100.0,2018,No,09,2023,11,2018,1443,3215
4458,0,Visa,Debit,YES,2,1112.0,2013,No,05,2012,01,2007,1444,0188
4459,1,Visa,Debit,YES,2,8643.0,2015,No,07,2023,03,2009,1444,6246
4460,2,Visa,Credit,YES,1,8800.0,2012,No,11,2020,09,2009,1444,3122
4461,3,Mastercard,Debit (Prepaid),YES,2,68.0,2017,No,08,2024,02,2017,1444,6810
4462,0,Mastercard,Debit,YES,1,6949.0,2008,No,07,2016,02,2003,1445,4731
4463,1,Mastercard,Debit,YES,2,8169.0,2007,No,11,2021,12,2007,1445,2631
4464,2,Mastercard,Credit,YES,1,6400.0,2010,No,12,2022,05,2009,1445,8321
4465,0,Mastercard,Debit (Prepaid),NO,1,45.0,2020,No,09,2023,01,2020,1446,1392
4466,1,Mastercard,Debit,YES,2,14759.0,2020,No,01,2020,01,2020,1446,7783
4467,2,Mastercard,Debit,YES,2,5372.0,2020,No,03,2021,02,2020,1446,8342
4468,0,Mastercard,Debit,NO,1,12059.0,2008,No,12,2023,11,2006,1447,3441
4469,1,Mastercard,Debit,YES,1,13823.0,2011,No,11,2013,03,2008,1447,5318
4470,2,Mastercard,Debit,YES,1,13555.0,2011,No,04,2023,11,2007,1447,2500
4471,3,Visa,Debit,YES,2,7991.0,2009,No,05,2024,12,2006,1447,3442
4472,0,Mastercard,Debit,YES,1,25935.0,2012,No,02,2020,05,2007,1448,5469
4473,1,Mastercard,Credit,YES,2,14100.0,2020,No,10,2021,02,2020,1448,3887
4474,0,Visa,Debit,YES,1,18290.0,2015,No,09,2024,12,2009,1449,1817
4475,1,Visa,Debit,YES,2,15322.0,2009,No,03,2022,04,1994,1449,5989
4476,2,Visa,Debit (Prepaid),YES,1,22.0,2013,No,01,2016,02,2010,1449,4280
4477,3,Visa,Credit,YES,2,5700.0,2010,No,11,2024,07,2010,1449,2749
4478,4,Mastercard,Debit,YES,2,26303.0,2008,No,04,2010,01,2005,1449,4266
4479,0,Visa,Credit,YES,2,12400.0,2020,No,01,2021,02,2020,1450,1601
4480,1,Amex,Credit,YES,1,8200.0,2009,No,11,2023,02,2009,1450,4355
4481,0,Mastercard,Debit,YES,2,31741.0,2019,No,01,2021,08,2019,1451,0472
4482,1,Visa,Credit,YES,2,14500.0,2010,No,07,2021,08,2008,1451,3000
4483,2,Visa,Credit,YES,2,11200.0,2011,No,03,2024,07,2009,1451,2016
4484,0,Visa,Credit,YES,2,8400.0,2013,No,02,2020,03,2013,1452,9246
4485,1,Mastercard,Debit,YES,2,36920.0,2011,No,10,2017,12,2005,1452,3584
4486,0,Mastercard,Debit,YES,3,1129.0,2012,No,11,2024,10,2008,1453,0735
4487,1,Mastercard,Credit,YES,1,2900.0,2010,No,11,2022,06,2010,1453,2062
4488,2,Visa,Debit,YES,2,11902.0,2014,No,04,2017,07,2014,1453,2343
4489,3,Visa,Debit,YES,1,9290.0,2009,No,10,2023,03,2003,1453,2945
4490,0,Amex,Credit,YES,2,11500.0,2020,No,02,2024,02,2020,1454,5638
4491,0,Mastercard,Debit (Prepaid),YES,1,28.0,2020,No,09,2023,02,2020,1455,5788
4492,1,Mastercard,Debit,YES,2,10365.0,2020,No,05,2023,02,2020,1455,8665
4493,0,Mastercard,Debit,YES,1,27123.0,2012,No,12,2022,10,2012,1456,0056
4494,1,Mastercard,Debit,YES,2,26564.0,2016,No,07,2021,12,2016,1456,0942
4495,2,Mastercard,Debit,YES,2,19915.0,2015,No,10,2021,04,2015,1456,3021
4496,0,Visa,Debit,YES,1,17446.0,2020,No,10,2022,01,2020,1457,5923
4497,1,Visa,Debit,YES,2,7330.0,2020,No,08,2021,02,2020,1457,7754
4498,0,Visa,Debit,YES,2,10876.0,2011,No,07,2020,02,2011,1458,1553
4499,0,Amex,Credit,YES,2,36200.0,2007,No,03,2021,01,2005,1459,2255
4500,0,Visa,Credit,YES,1,800.0,2008,No,03,2021,05,2001,1460,9974
4501,1,Mastercard,Debit,NO,1,24690.0,2019,No,07,2024,12,2019,1460,9161
4502,0,Visa,Debit (Prepaid),NO,2,85.0,2018,No,11,2019,01,2007,1461,2709
4503,1,Visa,Credit,YES,2,8800.0,2011,No,08,2024,09,2011,1461,3987
4504,2,Mastercard,Credit,YES,1,14200.0,2009,No,04,2020,07,2006,1461,5888
4505,3,Visa,Debit,NO,2,40920.0,2015,No,06,2020,06,2003,1461,2851
4506,4,Mastercard,Debit,YES,1,29936.0,2011,No,09,2023,09,2010,1461,1727
4507,0,Mastercard,Debit (Prepaid),YES,1,73.0,2009,No,04,2021,10,2006,1462,1192
4508,1,Visa,Debit,YES,1,18558.0,2017,No,10,2022,11,2017,1462,1554
4509,2,Visa,Credit,YES,1,9300.0,2013,No,01,2024,04,2009,1462,4970
4510,3,Amex,Credit,YES,1,4500.0,2012,No,06,2024,05,2012,1462,8493
4511,0,Visa,Debit,YES,2,17120.0,2017,No,09,2023,01,2008,1463,7435
4512,1,Mastercard,Credit,YES,1,0.0,2010,No,03,2024,09,2006,1463,5192
4513,0,Mastercard,Debit,YES,1,14162.0,2015,No,04,2022,12,2007,1464,0505
4514,1,Amex,Credit,YES,1,9000.0,2008,No,08,2023,09,2008,1464,6319
4515,0,Visa,Debit,YES,1,18699.0,2020,No,07,2021,02,2020,1465,8302
4516,1,Mastercard,Debit,YES,2,13979.0,2020,No,04,2024,02,2020,1465,5026
4517,2,Mastercard,Debit,YES,1,22218.0,2020,No,12,2023,01,2020,1465,4815
4518,0,Mastercard,Debit,NO,1,19884.0,2016,No,01,2021,01,2016,1466,0299
4519,1,Mastercard,Credit,YES,1,10700.0,2020,No,02,2020,01,2020,1466,5412
4520,2,Mastercard,Credit,YES,1,6600.0,2020,No,07,2024,02,2020,1466,5244
4521,0,Mastercard,Debit,NO,2,12014.0,2020,No,03,2021,01,2020,1467,1641
4522,1,Visa,Debit,YES,2,8227.0,2020,No,06,2023,01,2020,1467,2610
4523,2,Mastercard,Credit,YES,2,10100.0,2020,No,07,2022,01,2020,1467,2737
4524,0,Visa,Debit (Prepaid),YES,1,38.0,2020,No,08,2021,02,2020,1468,3692
4525,0,Visa,Debit,YES,2,18548.0,2016,No,03,2021,01,2016,1469,8298
4526,1,Mastercard,Debit,YES,1,19030.0,2007,No,03,2004,02,2004,1469,1730
4527,2,Mastercard,Debit (Prepaid),YES,1,94.0,2009,No,10,2009,04,2007,1469,3393
4528,3,Visa,Debit,YES,1,17583.0,2016,No,12,2023,10,2016,1469,1504
4529,4,Visa,Debit,YES,1,20943.0,2008,No,09,2021,04,2007,1469,7897
4530,5,Visa,Credit,YES,2,15800.0,2013,No,04,2020,09,2007,1469,2365
4531,0,Amex,Credit,YES,1,7300.0,2020,No,09,2021,01,2020,1470,6561
4532,1,Amex,Credit,YES,1,10600.0,2014,No,01,2016,08,2014,1470,2380
4533,0,Visa,Debit,YES,1,19113.0,2014,No,01,2020,07,2009,1471,6651
4534,1,Amex,Credit,YES,1,13700.0,2008,No,01,2023,11,2005,1471,5592
4535,0,Mastercard,Debit,YES,2,16317.0,2011,No,05,2020,07,2010,1472,4305
4536,0,Mastercard,Credit,YES,1,6000.0,2016,No,02,2015,05,2010,1473,0889
4537,1,Visa,Debit,YES,2,4909.0,2007,No,05,2020,12,2005,1473,2925
4538,2,Mastercard,Debit,YES,2,14702.0,2010,No,08,2013,08,2010,1473,5236
4539,3,Mastercard,Debit,YES,1,10896.0,2020,No,06,2020,01,2020,1473,7501
4540,4,Mastercard,Debit,YES,1,3526.0,2020,No,04,2023,01,2020,1473,2597
4541,5,Mastercard,Debit,YES,2,10083.0,2010,No,03,2024,10,2010,1473,3426
4542,0,Mastercard,Credit,YES,2,18300.0,2014,No,02,2024,11,2005,1474,2204
4543,1,Visa,Credit,YES,2,21400.0,2011,No,05,2021,03,2011,1474,7375
4544,2,Mastercard,Debit,YES,1,20886.0,2014,No,10,2024,10,2014,1474,8719
4545,3,Mastercard,Debit,YES,1,27701.0,2012,No,07,2024,11,2012,1474,4843
4546,0,Mastercard,Credit,YES,2,8800.0,2010,No,09,2023,01,2010,1475,9048
4547,1,Mastercard,Debit,YES,2,20354.0,2012,No,07,2021,03,2012,1475,5170
4548,2,Visa,Debit,YES,2,14695.0,2013,No,10,2020,07,2013,1475,4716
4549,3,Mastercard,Debit,YES,2,16783.0,2011,No,03,2024,06,2010,1475,5075
4550,0,Visa,Debit,YES,1,21087.0,2016,No,12,2024,10,2010,1476,3066
4551,0,Mastercard,Debit,YES,1,10966.0,2014,No,09,2024,08,2014,1477,1209
4552,1,Visa,Debit,YES,2,12184.0,2010,No,08,2024,09,1999,1477,0748
4553,2,Mastercard,Credit,YES,1,5100.0,2015,No,03,2024,03,2008,1477,1700
4554,0,Visa,Debit,YES,2,30404.0,2020,No,02,2020,02,2020,1478,5227
4555,1,Visa,Debit,YES,2,13193.0,2011,No,04,2022,12,2011,1478,8392
4556,2,Visa,Credit,YES,1,11400.0,2019,No,07,2023,08,2011,1478,7818
4557,3,Mastercard,Debit,YES,2,16959.0,2014,No,05,2021,12,2004,1478,1427
4558,0,Mastercard,Debit,YES,1,14927.0,2017,No,09,2024,05,2017,1479,3370
4559,1,Visa,Debit,NO,1,13760.0,2015,No,12,2024,04,2015,1479,4721
4560,2,Mastercard,Debit,YES,2,17023.0,2011,No,04,2021,03,2010,1479,3917
4561,3,Discover,Credit,YES,1,6500.0,2014,No,10,2020,02,2007,1479,1452
4562,4,Mastercard,Debit,YES,2,15562.0,2016,No,11,2010,09,2008,1479,1167
4563,0,Mastercard,Debit,YES,2,17611.0,2011,No,12,2023,02,2009,1480,4512
4564,1,Visa,Credit,YES,1,11700.0,2014,No,05,2021,06,2010,1480,6781
4565,2,Discover,Credit,YES,1,6600.0,2016,No,11,2020,02,2016,1480,6786
4566,0,Mastercard,Debit,YES,2,4230.0,2008,No,04,2020,06,2007,1481,9420
4567,1,Mastercard,Credit,YES,2,7500.0,2012,No,06,2013,02,2012,1481,2759
4568,0,Mastercard,Debit,YES,2,1077.0,2020,No,10,2022,01,2020,1482,0084
4569,0,Mastercard,Debit (Prepaid),YES,1,98.0,2020,No,09,2021,01,2020,1483,3072
4570,1,Mastercard,Credit,YES,1,5500.0,2015,No,09,2007,03,2007,1483,3012
4571,2,Visa,Credit,YES,2,5500.0,2012,No,04,2015,04,2012,1483,8737
4572,3,Mastercard,Debit,NO,2,9898.0,2011,No,10,2022,11,1996,1483,5228
4573,4,Visa,Debit (Prepaid),NO,1,66.0,2011,No,03,2022,01,2010,1483,7373
4574,0,Mastercard,Debit,NO,2,13095.0,2018,No,10,2022,03,2004,1484,4175
4575,1,Visa,Debit,YES,1,30822.0,2015,No,05,2021,02,2005,1484,1139
4576,2,Visa,Debit,YES,2,16764.0,2007,No,04,2023,06,2007,1484,4982
4577,3,Mastercard,Credit,NO,2,5700.0,2010,No,05,2022,12,2005,1484,7332
4578,4,Mastercard,Debit,YES,1,18482.0,2013,No,07,2023,11,2013,1484,7268
4579,0,Visa,Debit (Prepaid),YES,2,33.0,2020,No,10,2020,01,2020,1485,7089
4580,0,Visa,Debit,YES,2,21692.0,2020,No,01,2020,01,2020,1486,7289
4581,1,Mastercard,Credit,YES,1,11200.0,2020,No,04,2023,01,2020,1486,3321
4582,0,Mastercard,Debit,YES,1,24602.0,2020,No,03,2022,01,2020,1487,3286
4583,1,Visa,Debit,YES,2,44390.0,2009,No,10,2016,06,2008,1487,5704
4584,0,Mastercard,Debit,YES,2,30950.0,2020,No,01,2021,06,2005,1488,1418
4585,1,Visa,Debit,YES,1,4723.0,2011,No,06,2023,10,2003,1488,1353
4586,2,Visa,Debit,YES,1,12325.0,2009,No,05,2021,03,2009,1488,0453
4587,3,Mastercard,Debit (Prepaid),YES,2,15.0,2009,No,02,2010,05,2001,1488,9314
4588,4,Visa,Debit,YES,2,28166.0,2015,No,09,2022,10,2003,1488,3939
4589,5,Mastercard,Debit,YES,1,14056.0,2011,No,12,2024,06,2011,1488,8324
4590,0,Mastercard,Debit,YES,1,35169.0,2012,No,11,2024,12,2010,1489,1491
4591,1,Mastercard,Credit,YES,1,17500.0,2011,No,03,2022,08,2010,1489,4191
4592,2,Visa,Debit (Prepaid),YES,2,33.0,2010,No,03,2012,11,2005,1489,4205
4593,0,Mastercard,Credit,NO,2,18300.0,2008,No,10,2021,05,2003,1490,3428
4594,1,Mastercard,Credit,YES,3,5700.0,2011,No,12,2022,06,2011,1490,8200
4595,2,Visa,Credit,YES,1,19100.0,2015,No,09,2024,09,2010,1490,4065
4596,0,Amex,Credit,YES,2,11100.0,2016,No,11,2020,07,1998,1491,2092
4597,1,Mastercard,Debit,YES,2,2833.0,2013,No,02,2021,11,2010,1491,0546
4598,2,Visa,Debit,YES,1,12833.0,2010,No,04,2012,05,2008,1491,5266
4599,3,Amex,Credit,YES,2,7500.0,2008,No,07,2024,10,2008,1491,5873
4600,4,Amex,Credit,YES,2,14600.0,2014,No,04,2020,01,2005,1491,5602
4601,5,Mastercard,Debit (Prepaid),YES,1,100.0,2014,No,08,2017,09,2006,1491,3376
4602,6,Amex,Credit,YES,1,8000.0,2003,No,06,2022,09,1995,1491,1197
4603,0,Visa,Credit,YES,1,5300.0,2007,No,05,2021,02,2004,1492,2273
4604,1,Visa,Debit,YES,2,22601.0,2010,No,03,2023,02,2003,1492,8100
4605,0,Mastercard,Debit,YES,2,27556.0,2020,No,02,2020,02,2020,1493,2952
4606,1,Visa,Debit (Prepaid),YES,2,29.0,2020,No,08,2020,02,2020,1493,7510
4607,0,Mastercard,Debit,YES,1,19753.0,2020,No,01,2022,02,2020,1494,9093
4608,1,Mastercard,Debit,YES,1,15527.0,2020,No,11,2020,01,2020,1494,9482
4609,2,Visa,Debit,NO,1,16056.0,2020,No,09,2020,01,2020,1494,3507
4610,0,Visa,Debit,YES,1,9272.0,2011,No,03,2020,08,2010,1495,7747
4611,0,Mastercard,Credit,YES,1,9000.0,2010,No,07,2020,10,2002,1496,7862
4612,1,Mastercard,Debit (Prepaid),YES,2,83.0,2010,No,04,2021,05,2009,1496,1976
4613,2,Visa,Debit,YES,2,1394.0,2015,No,04,2016,08,2010,1496,8046
4614,0,Amex,Credit,YES,1,17900.0,2010,No,06,2020,01,2007,1497,3553
4615,1,Mastercard,Debit,YES,2,2559.0,2011,No,08,2016,09,2011,1497,8562
4616,2,Mastercard,Debit,YES,2,9285.0,2013,No,10,2023,09,1998,1497,6080
4617,0,Mastercard,Debit (Prepaid),NO,2,130.0,2009,No,08,2023,06,2009,1498,9239
4618,1,Visa,Credit,YES,1,13400.0,2010,No,02,2023,08,2010,1498,2583
4619,2,Amex,Credit,YES,1,9200.0,2009,No,08,2013,01,2008,1498,0885
4620,3,Visa,Credit,YES,1,17700.0,2009,No,08,2022,12,2000,1498,5828
4621,4,Mastercard,Debit,NO,2,37634.0,2006,No,10,2024,05,2004,1498,9174
4622,0,Visa,Credit,YES,1,25200.0,2020,No,08,2024,03,2010,1499,9068
4623,1,Visa,Debit,YES,2,27878.0,2011,No,03,2021,04,2009,1499,7763
4624,2,Visa,Debit,YES,2,19264.0,2010,No,12,2021,06,2010,1499,3047
4625,0,Visa,Credit,YES,1,17000.0,2016,No,04,2012,10,2005,1500,3808
4626,1,Mastercard,Debit,NO,2,14681.0,2012,No,12,2008,02,2005,1500,7046
4627,2,Visa,Credit,NO,3,25100.0,2012,No,04,2020,04,2012,1500,6082
4628,3,Mastercard,Debit,YES,2,54842.0,2013,No,02,2023,03,2013,1500,3904
4629,0,Visa,Credit,YES,2,16900.0,2020,No,02,2020,02,2020,1501,5989
4630,1,Visa,Credit,YES,1,12800.0,2020,No,12,2020,01,2020,1501,6156
4631,0,Mastercard,Debit (Prepaid),YES,1,86.0,2020,No,07,2023,02,2020,1502,8541
4632,1,Visa,Debit (Prepaid),YES,1,61.0,2018,No,10,2022,10,2018,1502,9003
4633,2,Visa,Debit (Prepaid),YES,1,55.0,2020,No,04,2021,02,2020,1502,6563
4634,0,Discover,Credit,YES,1,0.0,2011,No,02,2024,01,2011,1503,5536
4635,1,Mastercard,Debit,YES,1,10608.0,2010,No,12,2022,02,2010,1503,7026
4636,2,Mastercard,Debit,YES,1,16315.0,2010,No,02,2013,02,2009,1503,9533
4637,3,Mastercard,Debit,YES,1,20587.0,2020,No,02,2020,01,2020,1503,1525
4638,0,Amex,Credit,YES,2,7300.0,2016,No,09,2020,07,2016,1504,0720
4639,1,Visa,Debit (Prepaid),YES,2,60.0,2011,No,10,2022,01,2011,1504,0214
4640,2,Visa,Debit (Prepaid),NO,1,69.0,2015,No,01,2023,08,2015,1504,6927
4641,3,Mastercard,Debit (Prepaid),YES,1,90.0,2020,No,09,2023,02,2020,1504,0586
4642,0,Visa,Debit,YES,1,11714.0,2014,No,10,2012,10,2009,1505,1791
4643,1,Mastercard,Credit,NO,2,6400.0,2014,No,12,2021,02,2014,1505,9363
4644,2,Mastercard,Debit (Prepaid),YES,1,84.0,2018,No,08,2018,03,2018,1505,5862
4645,3,Mastercard,Credit,NO,1,6900.0,2012,No,10,2022,06,2005,1505,1481
4646,0,Mastercard,Debit (Prepaid),YES,1,64.0,2016,No,10,2020,09,2016,1506,3687
4647,1,Mastercard,Debit,YES,2,37377.0,2012,No,12,2024,12,2012,1506,5116
4648,0,Visa,Debit,YES,2,11002.0,2009,No,09,2022,12,2009,1507,4358
4649,1,Visa,Debit,NO,2,19765.0,2009,No,07,2020,08,2001,1507,5078
4650,2,Mastercard,Credit,NO,1,12900.0,2010,No,02,2018,04,2004,1507,5221
4651,0,Mastercard,Debit,YES,1,22353.0,2020,No,07,2021,02,2020,1508,4090
4652,0,Visa,Debit,YES,2,28696.0,2009,No,03,2021,12,2009,1509,9639
4653,1,Mastercard,Credit,YES,1,20700.0,2010,No,12,2023,09,2009,1509,2468
4654,2,Mastercard,Debit,YES,1,14868.0,2013,No,02,2023,02,2005,1509,0218
4655,3,Visa,Debit (Prepaid),YES,1,78.0,2008,No,12,2012,08,2008,1509,3049
4656,4,Mastercard,Debit,YES,2,1633.0,2012,No,05,2020,12,2010,1509,2377
4657,0,Amex,Credit,YES,1,15700.0,2020,No,11,2024,02,2020,1510,5090
4658,1,Mastercard,Debit (Prepaid),YES,2,60.0,2020,No,04,2023,02,2020,1510,7522
4659,2,Visa,Debit,YES,2,5222.0,2020,No,08,2023,02,2020,1510,3290
4660,3,Visa,Debit,YES,1,14897.0,2020,No,07,2022,02,2020,1510,6512
4661,4,Mastercard,Credit,YES,2,10500.0,2020,No,12,2021,02,2020,1510,3945
4662,0,Mastercard,Debit,YES,1,17130.0,2011,No,04,2022,12,2007,1511,8775
4663,1,Mastercard,Debit,YES,2,9852.0,2012,No,05,2022,02,2006,1511,6476
4664,0,Mastercard,Debit,YES,1,20479.0,2008,No,09,2020,03,2008,1512,6400
4665,1,Mastercard,Debit (Prepaid),YES,1,100.0,2011,No,09,2011,03,2008,1512,1391
4666,0,Mastercard,Credit,YES,2,9200.0,2011,No,10,2021,05,2011,1513,2702
4667,1,Mastercard,Debit,YES,1,17314.0,2011,No,05,2020,03,2009,1513,1895
4668,2,Mastercard,Debit,YES,1,20605.0,2011,No,09,2023,07,2006,1513,3827
4669,3,Discover,Credit,NO,2,9500.0,2005,No,05,2024,08,2003,1513,5479
4670,0,Discover,Credit,YES,2,10600.0,2020,No,02,2020,02,2020,1514,6885
4671,0,Mastercard,Debit,YES,1,34065.0,2019,No,12,2023,07,2019,1515,5447
4672,1,Mastercard,Credit,YES,1,16200.0,2013,No,03,2016,04,2008,1515,0284
4673,2,Visa,Debit (Prepaid),YES,2,2.0,2010,No,12,2024,03,2008,1515,5316
4674,3,Visa,Debit,YES,1,26714.0,2010,No,04,2022,02,2004,1515,5967
4675,4,Visa,Debit,YES,2,41084.0,2012,No,01,2020,10,2003,1515,2372
4676,5,Mastercard,Debit,YES,2,11392.0,2015,No,05,2008,07,2006,1515,4676
4677,6,Mastercard,Debit,YES,2,21205.0,2011,No,10,2022,12,2007,1515,6667
4678,0,Mastercard,Debit,YES,2,22409.0,2014,No,07,2022,05,2014,1516,4551
4679,1,Mastercard,Debit,YES,1,26275.0,2020,No,11,2020,01,2020,1516,6823
4680,2,Visa,Debit (Prepaid),YES,1,74.0,2011,No,08,2020,07,2008,1516,6759
4681,3,Mastercard,Debit,NO,2,27298.0,2007,No,07,2023,05,2003,1516,8172
4682,4,Mastercard,Debit (Prepaid),YES,1,61.0,2010,No,08,2024,03,2008,1516,2497
4683,5,Mastercard,Credit,YES,2,17000.0,2009,No,07,2022,01,2003,1516,9328
4684,0,Amex,Credit,YES,1,6700.0,2020,No,09,2023,01,2020,1517,2824
4685,1,Visa,Credit,YES,1,9600.0,2020,No,10,2022,02,2020,1517,3817
4686,2,Visa,Debit,YES,1,16350.0,2020,No,07,2020,01,2020,1517,6918
4687,0,Mastercard,Credit,NO,2,8500.0,2020,No,03,2022,02,2020,1518,9007
4688,1,Visa,Debit,YES,2,29078.0,2020,No,02,2020,02,2020,1518,6087
4689,0,Visa,Debit,YES,2,11868.0,2015,No,09,2024,02,2007,1519,6508
4690,1,Visa,Debit,YES,1,9708.0,2013,No,09,2024,11,2006,1519,3929
4691,2,Mastercard,Debit,YES,2,16541.0,2011,No,11,2008,07,2005,1519,1323
4692,0,Visa,Debit,YES,1,10982.0,2011,No,05,2021,01,2006,1520,3304
4693,1,Mastercard,Debit,NO,2,11094.0,2011,No,06,2020,10,2011,1520,0196
4694,2,Visa,Credit,YES,2,8000.0,2020,No,07,2020,01,2020,1520,6598
4695,3,Mastercard,Debit,YES,1,7535.0,2011,No,01,2020,09,2011,1520,9569
4696,0,Visa,Debit,YES,1,24296.0,2018,No,07,2022,11,2018,1521,2145
4697,1,Mastercard,Debit,YES,1,20816.0,2011,No,05,2023,12,2011,1521,5568
4698,2,Discover,Credit,YES,2,14700.0,2019,No,06,2022,03,2008,1521,8951
4699,3,Visa,Debit,NO,2,17145.0,2010,No,04,2020,06,2009,1521,1642
4700,4,Visa,Debit,YES,1,11391.0,2015,No,08,2022,09,1999,1521,8533
4701,0,Mastercard,Debit (Prepaid),YES,2,69.0,2012,No,07,2022,11,2012,1522,0871
4702,1,Mastercard,Credit,YES,2,9100.0,2016,No,05,2012,06,2010,1522,9629
4703,0,Mastercard,Debit,YES,2,22137.0,2007,No,08,2012,06,2007,1523,7692
4704,1,Mastercard,Debit,NO,1,13698.0,2010,No,05,2010,11,2008,1523,0459
4705,2,Mastercard,Debit,YES,1,17598.0,2009,No,01,2020,04,2009,1523,9503
4706,0,Mastercard,Debit,YES,1,6957.0,2011,No,07,2021,09,2005,1524,2539
4707,0,Visa,Debit,YES,1,20839.0,2011,No,11,2021,07,2011,1525,1176
4708,1,Visa,Debit,YES,1,28004.0,2018,No,10,2022,10,2018,1525,6771
4709,2,Mastercard,Debit,YES,1,19114.0,2010,No,12,2009,11,2009,1525,6756
4710,3,Mastercard,Debit,YES,2,13657.0,2011,No,06,2018,12,2011,1525,9613
4711,4,Mastercard,Debit,YES,1,23404.0,2010,No,07,2022,02,2003,1525,8205
4712,0,Mastercard,Debit,YES,2,4898.0,2015,No,03,2021,03,2007,1526,0749
4713,1,Mastercard,Debit,NO,1,10654.0,2010,No,09,2020,04,2009,1526,2572
4714,0,Mastercard,Credit,YES,2,6600.0,2016,No,08,2023,04,2008,1527,4606
4715,1,Amex,Credit,NO,1,8300.0,2011,No,09,2020,10,2003,1527,0533
4716,2,Amex,Credit,YES,2,12300.0,2012,No,11,2020,08,2007,1527,1689
4717,3,Mastercard,Credit,YES,1,5500.0,2010,No,03,2024,03,2001,1527,6094
4718,4,Visa,Credit,YES,1,5900.0,2010,No,10,2022,08,2009,1527,2573
4719,0,Mastercard,Debit,NO,1,26404.0,2011,No,06,2024,08,2008,1528,2187
4720,1,Mastercard,Debit,NO,1,18773.0,2017,No,08,2023,06,2017,1528,0306
4721,2,Visa,Debit,NO,2,21087.0,2009,No,02,2019,08,2009,1528,2195
4722,3,Visa,Credit,YES,2,14400.0,2011,No,05,2023,02,2011,1528,4964
4723,4,Visa,Credit,YES,1,11400.0,2010,No,08,2024,11,2005,1528,6868
4724,0,Mastercard,Debit,YES,1,11159.0,2015,No,02,2020,05,1998,1529,7348
4725,1,Mastercard,Debit,YES,1,10233.0,2017,No,04,2017,09,2005,1529,8200
4726,2,Visa,Debit (Prepaid),YES,3,45.0,2012,No,05,2024,11,2006,1529,4572
4727,3,Visa,Credit,YES,2,6400.0,2010,No,11,2020,09,2003,1529,7850
4728,0,Mastercard,Debit,YES,1,14070.0,2014,No,09,2023,08,2003,1530,9513
4729,1,Mastercard,Debit,NO,2,2159.0,2006,No,12,2023,12,2002,1530,2127
4730,2,Mastercard,Debit,YES,1,26425.0,2011,No,10,2020,06,2011,1530,7509
4731,0,Mastercard,Debit,YES,2,66781.0,2009,No,11,2018,11,2007,1531,5159
4732,1,Visa,Debit,YES,1,47684.0,2013,No,07,2023,08,2013,1531,8049
4733,2,Mastercard,Credit,YES,1,27700.0,2013,No,07,2024,10,2007,1531,4376
4734,3,Visa,Credit,YES,2,10700.0,2013,No,05,2023,07,2013,1531,2544
4735,4,Visa,Debit,YES,1,49679.0,2020,No,02,2021,01,2020,1531,8046
4736,0,Visa,Credit,YES,2,1900.0,2011,No,11,2023,04,2004,1532,8526
4737,1,Visa,Debit,YES,1,11885.0,2011,No,01,2021,10,2008,1532,6660
4738,0,Mastercard,Debit,YES,2,785.0,2010,No,02,2015,09,2010,1533,1643
4739,1,Visa,Credit,YES,2,6900.0,2011,No,03,2022,10,2001,1533,1489
4740,2,Visa,Debit,YES,1,22457.0,2010,No,12,2018,04,2006,1533,8149
4741,0,Mastercard,Debit,YES,2,14701.0,2011,No,08,2022,06,2011,1534,7978
4742,1,Visa,Debit (Prepaid),YES,1,3.0,2020,No,03,2023,07,2009,1534,1077
4743,2,Mastercard,Debit,YES,2,23502.0,2020,No,02,2002,02,2000,1534,2440
4744,3,Mastercard,Debit (Prepaid),YES,2,44.0,2010,No,12,2021,05,2010,1534,0338
4745,0,Mastercard,Debit,YES,1,27590.0,2010,No,06,2022,03,2009,1535,2766
4746,1,Visa,Debit,YES,1,37338.0,2011,No,07,2024,09,2011,1535,1486
4747,2,Mastercard,Credit,YES,1,15500.0,2012,No,04,2023,09,2007,1535,9059
4748,3,Visa,Debit,YES,2,33807.0,2008,No,05,2007,12,2005,1535,2775
4749,4,Visa,Debit,YES,2,24056.0,2009,No,10,2002,10,2002,1535,3037
4750,5,Visa,Credit,YES,2,11400.0,2007,No,10,2003,06,1998,1535,7136
4751,0,Mastercard,Debit (Prepaid),YES,2,37.0,2004,No,10,2011,02,2001,1536,9372
4752,1,Visa,Credit,YES,1,11000.0,2010,No,01,2014,02,2007,1536,9751
4753,0,Mastercard,Debit,YES,2,2307.0,2010,No,12,2023,11,2008,1537,7591
4754,1,Visa,Debit,YES,2,10362.0,2015,No,12,2009,04,2009,1537,7199
4755,0,Visa,Debit,YES,1,37318.0,2012,No,10,2023,10,2012,1538,5356
4756,1,Mastercard,Credit,YES,1,22800.0,2007,No,12,2008,08,2007,1538,3124
4757,2,Visa,Debit,YES,1,57294.0,2010,No,05,2021,03,2007,1538,2754
4758,3,Mastercard,Debit,YES,2,30024.0,2011,No,07,2024,05,2011,1538,9329
4759,4,Visa,Credit,YES,2,37400.0,2011,No,10,2019,12,2011,1538,7644
4760,0,Mastercard,Debit,YES,2,21147.0,2020,No,08,2022,02,2020,1539,9761
4761,0,Mastercard,Debit,YES,1,11857.0,2011,No,02,2024,04,2009,1540,3894
4762,1,Visa,Debit,YES,1,21148.0,2011,No,09,2020,11,2005,1540,9230
4763,2,Visa,Credit,YES,1,7500.0,2016,No,09,2022,11,2004,1540,0492
4764,3,Visa,Debit,YES,2,16261.0,2016,No,04,2021,08,2010,1540,1262
4765,4,Mastercard,Debit,YES,2,14116.0,2015,No,12,2021,05,2006,1540,1633
4766,0,Visa,Debit,YES,1,23677.0,2020,No,03,2024,01,2020,1541,9189
4767,1,Visa,Debit (Prepaid),YES,3,69.0,2020,No,12,2020,01,2020,1541,2995
4768,0,Mastercard,Debit,NO,1,6326.0,2010,No,03,2020,01,2009,1542,2037
4769,0,Mastercard,Debit,YES,2,12461.0,2020,No,07,2020,02,2020,1543,5344
4770,1,Mastercard,Debit,YES,2,17386.0,2017,No,04,2019,02,2017,1543,6861
4771,2,Visa,Credit,NO,2,11300.0,2020,No,01,2024,02,2020,1543,0552
4772,0,Mastercard,Debit,YES,1,1.0,2013,No,10,2014,01,2013,1544,8062
4773,1,Visa,Debit,NO,2,1.0,2014,No,12,2023,08,2014,1544,8550
4774,2,Mastercard,Credit,YES,2,0.0,2012,No,01,2024,05,2005,1544,5826
4775,0,Visa,Debit,YES,1,23069.0,2020,No,06,2024,02,2020,1545,9210
4776,1,Visa,Debit,YES,1,15578.0,2013,No,04,2024,02,2013,1545,1457
4777,2,Mastercard,Debit,YES,1,29648.0,2011,No,06,2015,10,2008,1545,1232
4778,3,Visa,Credit,YES,1,25300.0,2017,No,10,2018,12,2011,1545,6358
4779,0,Amex,Credit,YES,1,8200.0,2012,No,08,2020,09,2010,1546,0152
4780,1,Mastercard,Debit,YES,1,9257.0,2009,No,05,2023,05,2009,1546,6873
4781,2,Visa,Debit,YES,1,319.0,2016,No,07,2021,07,2002,1546,9115
4782,3,Mastercard,Debit,YES,1,5141.0,2012,No,06,2024,03,2004,1546,8032
4783,0,Visa,Debit,YES,2,23343.0,2011,No,05,2022,11,2011,1547,6366
4784,1,Mastercard,Debit,YES,2,18624.0,2011,No,11,2021,10,2011,1547,9040
4785,2,Visa,Debit,YES,1,15145.0,2015,No,07,2020,04,2015,1547,8502
4786,3,Mastercard,Debit,YES,2,22787.0,2012,No,02,2020,04,2012,1547,4555
4787,4,Visa,Debit (Prepaid),YES,1,94.0,2011,No,05,2023,12,1994,1547,6652
4788,0,Mastercard,Debit,YES,2,43984.0,2013,No,02,2020,09,2008,1548,7444
4789,1,Visa,Credit,YES,2,20600.0,2012,No,09,2022,09,2012,1548,9223
4790,2,Mastercard,Debit,YES,2,29144.0,2010,No,11,2022,08,2007,1548,6808
4791,0,Mastercard,Debit,YES,2,25613.0,2016,No,11,2024,08,2011,1549,5755
4792,0,Mastercard,Debit,YES,2,24954.0,2020,No,02,2020,02,2020,1550,1664
4793,1,Mastercard,Debit,YES,1,24638.0,2010,No,10,2024,06,2010,1550,8949
4794,0,Visa,Credit,YES,2,3400.0,2020,No,01,2024,01,2020,1551,1291
4795,0,Mastercard,Debit (Prepaid),YES,2,79.0,2020,No,05,2021,12,2006,1552,3713
4796,1,Visa,Debit,YES,2,10099.0,2013,No,03,2024,06,2009,1552,3452
4797,2,Visa,Debit,YES,2,15018.0,2011,No,12,2022,02,2011,1552,5445
4798,0,Mastercard,Debit,YES,2,31292.0,2015,No,10,2021,12,2015,1553,6915
4799,0,Visa,Debit,YES,2,25639.0,2010,No,06,2024,11,2010,1554,4254
4800,0,Visa,Debit,YES,1,21955.0,2020,No,09,2024,01,2020,1555,0306
4801,1,Visa,Debit,YES,1,16319.0,2020,No,03,2020,01,2020,1555,7313
4802,2,Mastercard,Debit,YES,2,14679.0,2020,No,01,2021,01,2020,1555,3121
4803,0,Visa,Credit,YES,2,10200.0,2016,No,09,2023,07,2016,1556,1479
4804,0,Mastercard,Debit,YES,2,8653.0,2020,No,07,2022,02,2020,1557,0395
4805,0,Visa,Credit,YES,2,9100.0,2008,No,08,2021,09,2008,1558,9603
4806,1,Visa,Credit,YES,2,4100.0,2020,No,06,2021,02,2020,1558,9432
4807,2,Mastercard,Credit,NO,2,10200.0,2020,No,11,2022,01,2020,1558,0897
4808,3,Mastercard,Debit,YES,2,12736.0,2014,No,04,2022,02,2009,1558,0046
4809,0,Mastercard,Debit,YES,1,12930.0,2008,No,12,2023,08,2008,1559,6201
4810,1,Mastercard,Debit,YES,1,12457.0,2015,No,04,2024,07,2015,1559,2386
4811,2,Visa,Debit (Prepaid),YES,1,145.0,2015,No,10,2020,03,2015,1559,7691
4812,3,Discover,Credit,YES,1,8600.0,2014,No,03,2020,11,2000,1559,6914
4813,4,Mastercard,Debit,NO,2,14098.0,2009,No,03,2016,12,2006,1559,4299
4814,0,Visa,Credit,YES,1,8400.0,2020,No,07,2021,02,2020,1560,0318
4815,0,Mastercard,Debit,YES,1,16679.0,2012,No,11,2021,06,2012,1561,4989
4816,1,Visa,Debit,YES,1,13030.0,2011,No,07,2018,03,2011,1561,7519
4817,2,Visa,Debit,YES,2,14611.0,2008,No,07,2020,06,2008,1561,6409
4818,3,Mastercard,Debit,YES,2,11740.0,2020,No,07,2024,02,2020,1561,9147
4819,0,Mastercard,Debit,YES,2,15927.0,2020,No,05,2021,02,2020,1562,1856
4820,0,Mastercard,Debit,YES,1,14178.0,2010,No,10,2024,08,1995,1563,5308
4821,1,Discover,Credit,YES,1,5900.0,2016,No,08,2014,06,2001,1563,3921
4822,2,Mastercard,Debit,YES,2,13955.0,2008,No,07,2021,07,2007,1563,9694
4823,0,Visa,Credit,YES,1,15600.0,2011,No,07,2022,02,2006,1564,7146
4824,1,Mastercard,Debit (Prepaid),YES,2,10.0,2011,No,11,2023,01,2005,1564,4165
4825,2,Mastercard,Debit,NO,3,19263.0,2011,No,02,2024,01,2007,1564,6742
4826,0,Mastercard,Debit,YES,1,38814.0,2016,No,09,2021,10,2016,1565,6704
4827,1,Mastercard,Debit,YES,1,15297.0,2013,No,12,2024,09,2013,1565,7256
4828,2,Mastercard,Debit (Prepaid),YES,2,62.0,2011,No,05,2023,07,2002,1565,8979
4829,0,Mastercard,Debit (Prepaid),YES,2,51.0,2006,No,01,2023,06,2006,1566,6444
4830,0,Mastercard,Debit,YES,1,13201.0,2014,No,06,2024,06,2014,1567,3602
4831,1,Visa,Debit,YES,1,12353.0,2013,No,03,2015,05,2013,1567,1542
4832,2,Visa,Debit,YES,1,18223.0,2012,No,02,2024,06,2012,1567,0367
4833,3,Visa,Debit,YES,1,18757.0,2018,No,02,2020,03,2018,1567,8156
4834,0,Mastercard,Debit,YES,1,5966.0,2020,No,09,2024,01,2000,1568,4667
4835,1,Mastercard,Credit,YES,1,7600.0,2010,No,11,2024,08,2010,1568,7026
4836,2,Mastercard,Debit,YES,1,17832.0,2013,No,10,2022,10,2013,1568,7618
4837,3,Visa,Debit,YES,1,17536.0,2007,No,01,2022,06,2006,1568,4953
4838,4,Visa,Debit,NO,1,30393.0,2013,No,02,2021,08,2013,1568,7490
4839,0,Visa,Credit,YES,1,3100.0,2008,No,08,2007,03,2007,1569,9625
4840,0,Visa,Credit,YES,2,8700.0,2020,No,02,2020,01,2020,1570,1298
4841,0,Mastercard,Credit,YES,1,6200.0,2010,No,05,2020,08,2005,1571,9793
4842,1,Visa,Credit,YES,1,7400.0,2019,No,09,2024,10,2007,1571,9492
4843,0,Mastercard,Debit,YES,2,14801.0,2018,No,01,2024,08,2018,1572,2323
4844,1,Visa,Credit,YES,2,11000.0,2020,No,10,2024,05,2005,1572,5032
4845,2,Amex,Credit,YES,2,9900.0,2019,No,05,2020,08,2019,1572,4025
4846,3,Visa,Debit,YES,2,15773.0,2018,No,06,2023,01,2018,1572,7104
4847,4,Visa,Debit,YES,1,18365.0,2010,No,04,2024,08,2007,1572,6322
4848,5,Discover,Credit,YES,1,12300.0,2011,No,10,2023,01,2011,1572,9895
4849,0,Visa,Debit,YES,1,15721.0,2011,No,06,2020,09,1999,1573,6001
4850,1,Amex,Credit,YES,1,7100.0,2009,No,09,2023,02,2007,1573,6463
4851,2,Visa,Credit,YES,2,8000.0,2014,No,08,2014,06,2014,1573,6771
4852,3,Mastercard,Credit,YES,1,7800.0,2013,No,06,2020,08,2001,1573,5182
4853,0,Mastercard,Debit,YES,1,25429.0,2011,No,12,2020,01,2011,1574,4007
4854,1,Mastercard,Debit,YES,1,16925.0,2016,No,02,2021,01,2016,1574,7731
4855,2,Visa,Debit,YES,1,19450.0,2013,No,06,2023,10,2013,1574,5576
4856,0,Mastercard,Debit,YES,2,2264.0,2020,No,10,2021,02,2020,1575,5821
4857,1,Visa,Debit,YES,1,15914.0,2020,No,01,2020,01,2020,1575,2420
4858,2,Visa,Debit (Prepaid),YES,1,58.0,2020,No,02,2022,02,2020,1575,0813
4859,3,Visa,Debit,NO,1,22944.0,2020,No,05,2024,01,2020,1575,3734
4860,0,Mastercard,Debit,NO,1,21908.0,2009,No,01,2023,12,2009,1576,2402
4861,1,Visa,Credit,YES,2,15700.0,2011,No,03,2022,07,2008,1576,2550
4862,2,Visa,Credit,YES,1,0.0,2020,No,10,2024,01,2020,1576,8805
4863,3,Visa,Credit,YES,1,14800.0,2007,No,05,2024,04,2000,1576,8526
4864,0,Visa,Credit,YES,2,5700.0,2010,No,02,2020,03,2007,1577,8249
4865,1,Mastercard,Credit,YES,2,9100.0,2008,No,02,2020,07,2008,1577,4984
4866,2,Mastercard,Debit,YES,2,8993.0,2010,No,05,2024,08,2007,1577,4346
4867,3,Discover,Credit,YES,1,8000.0,2009,No,06,2023,11,2006,1577,9751
4868,4,Visa,Debit,NO,2,311.0,2011,No,02,2021,06,2001,1577,8381
4869,0,Mastercard,Credit,YES,2,9700.0,2020,No,11,2020,01,2020,1578,6966
4870,1,Mastercard,Debit,YES,1,23399.0,2020,No,07,2021,02,2020,1578,9683
4871,0,Visa,Credit,YES,1,10300.0,2013,No,11,2023,01,2009,1579,9150
4872,1,Mastercard,Debit,NO,2,12100.0,2015,No,05,2024,06,2010,1579,9726
4873,2,Mastercard,Debit (Prepaid),YES,2,49.0,2017,No,10,2018,02,2007,1579,1019
4874,0,Mastercard,Debit,YES,2,24772.0,2010,No,09,2023,08,2010,1580,6534
4875,1,Visa,Credit,YES,2,15300.0,2020,No,03,2021,02,2020,1580,7916
4876,2,Mastercard,Debit (Prepaid),YES,2,55.0,2008,No,07,2022,05,2008,1580,7280
4877,3,Amex,Credit,YES,2,11200.0,2020,No,02,2020,01,2020,1580,2464
4878,0,Mastercard,Credit,YES,2,7800.0,2020,No,07,2020,01,2020,1581,4736
4879,1,Mastercard,Debit,YES,1,13558.0,2020,No,02,2020,02,2020,1581,9664
4880,2,Visa,Credit,YES,1,8500.0,2020,No,09,2021,01,2020,1581,9903
4881,3,Visa,Debit,YES,2,11237.0,2020,No,02,2022,02,2020,1581,3238
4882,0,Amex,Credit,NO,2,6000.0,2013,No,08,2012,03,2005,1582,8619
4883,1,Mastercard,Debit,YES,1,957.0,2012,No,09,2022,11,2008,1582,8213
4884,2,Amex,Credit,YES,2,4000.0,2017,No,02,2020,10,2017,1582,3710
4885,3,Mastercard,Credit,YES,1,4900.0,2004,No,03,2024,04,2004,1582,6526
4886,0,Visa,Debit,YES,1,7967.0,2015,No,04,2022,07,2015,1583,8430
4887,1,Mastercard,Debit,YES,2,12490.0,2016,No,06,2019,05,2016,1583,4670
4888,2,Visa,Debit,YES,2,9043.0,2020,No,07,2020,01,2020,1583,2017
4889,0,Visa,Debit,YES,2,1663.0,2020,No,12,2022,02,2020,1584,4924
4890,1,Mastercard,Debit,YES,2,7283.0,2020,No,06,2022,01,2020,1584,2378
4891,2,Mastercard,Debit,YES,1,23750.0,2020,No,01,2021,01,2020,1584,3922
4892,0,Mastercard,Credit,NO,1,8100.0,2015,No,07,2020,01,2008,1585,9024
4893,1,Visa,Credit,YES,2,11800.0,2020,No,10,2023,02,2020,1585,7385
4894,2,Mastercard,Credit,YES,1,15200.0,2014,No,03,2006,09,2004,1585,7541
4895,3,Mastercard,Debit,YES,2,1633.0,2011,No,10,2024,03,2004,1585,6906
4896,0,Visa,Debit,YES,1,22704.0,2015,No,11,2023,12,2015,1586,7141
4897,1,Visa,Debit,YES,1,24069.0,2011,No,10,2024,06,2011,1586,9711
4898,2,Visa,Debit,YES,1,35073.0,2009,No,05,2020,06,2009,1586,3878
4899,3,Mastercard,Debit,YES,2,17731.0,2011,No,07,2023,09,2007,1586,4669
4900,4,Mastercard,Debit,YES,1,33980.0,2010,No,04,2021,04,2007,1586,7261
4901,5,Mastercard,Debit,YES,1,41714.0,2013,No,03,2024,05,2013,1586,3990
4902,6,Mastercard,Debit,NO,1,21466.0,2013,No,06,2024,04,2013,1586,3974
4903,7,Mastercard,Debit,YES,1,30547.0,2008,No,02,2024,09,2008,1586,9113
4904,0,Visa,Debit,YES,2,9752.0,2008,No,02,2024,12,2006,1587,5959
4905,0,Mastercard,Debit (Prepaid),YES,1,114.0,2009,No,10,2022,02,2005,1588,6426
4906,1,Mastercard,Debit,YES,2,14934.0,2010,No,11,2014,12,2010,1588,1894
4907,2,Mastercard,Debit,YES,1,20294.0,2010,No,11,2024,11,2010,1588,1975
4908,3,Visa,Debit,NO,2,20674.0,2020,No,11,2022,02,2020,1588,8902
4909,4,Mastercard,Credit,YES,2,14000.0,2007,No,05,2021,04,2006,1588,6117
4910,0,Visa,Debit,YES,2,9310.0,2009,No,02,2023,08,2004,1589,4052
4911,1,Visa,Debit (Prepaid),YES,1,60.0,2020,No,01,2022,01,2020,1589,1829
4912,2,Visa,Credit,YES,1,10200.0,2008,No,01,2009,02,2005,1589,5819
4913,3,Visa,Debit,YES,2,9477.0,2014,No,04,2010,03,2008,1589,7782
4914,4,Mastercard,Debit,YES,2,6795.0,2009,No,08,2024,04,2001,1589,7986
4915,5,Amex,Credit,YES,2,900.0,2017,No,07,2023,07,2017,1589,0812
4916,0,Mastercard,Debit,YES,2,4747.0,2012,No,07,2020,02,2001,1590,0046
4917,1,Mastercard,Debit,YES,1,15702.0,2007,No,04,2022,06,2006,1590,2821
4918,2,Mastercard,Debit,YES,1,3955.0,2013,No,01,2017,04,2002,1590,8892
4919,0,Visa,Credit,YES,2,8200.0,2013,No,03,2020,07,2006,1591,1617
4920,1,Mastercard,Credit,YES,1,5500.0,2010,No,09,2020,04,2003,1591,1451
4921,2,Mastercard,Debit,YES,3,15774.0,2007,No,10,2021,03,2002,1591,7092
4922,3,Visa,Credit,YES,2,8800.0,2015,No,10,2023,03,2006,1591,0620
4923,0,Visa,Debit,NO,1,26206.0,2018,No,10,2024,02,2018,1592,2282
4924,1,Mastercard,Debit,YES,1,31113.0,2013,No,04,2021,10,2013,1592,1296
4925,2,Mastercard,Credit,YES,1,21100.0,2020,No,02,2020,01,2020,1592,8753
4926,3,Visa,Credit,YES,1,17100.0,2017,No,06,2023,01,2017,1592,9426
4927,4,Visa,Debit,YES,1,66287.0,2020,No,06,2020,02,2020,1592,5493
4928,0,Mastercard,Credit,YES,2,10900.0,2014,No,08,2020,01,2014,1593,2584
4929,1,Visa,Debit,YES,1,36271.0,2010,No,07,2007,02,2007,1593,3910
4930,0,Mastercard,Debit,YES,2,5391.0,2013,No,03,2017,05,2006,1594,0576
4931,1,Visa,Debit,YES,2,17537.0,2010,No,12,2020,02,2005,1594,2163
4932,2,Amex,Credit,YES,2,10700.0,2018,No,12,2024,05,2018,1594,6898
4933,3,Mastercard,Debit,YES,1,18573.0,2014,No,09,2023,05,2014,1594,8375
4934,4,Mastercard,Debit,YES,1,18019.0,2020,No,10,2024,02,2020,1594,7237
4935,5,Visa,Debit,NO,2,15160.0,2007,No,04,2021,01,2001,1594,6536
4936,0,Mastercard,Debit,YES,2,4136.0,2010,No,11,2011,01,2010,1595,3768
4937,1,Mastercard,Debit,YES,1,14561.0,2015,No,11,2024,02,2007,1595,7136
4938,0,Mastercard,Debit (Prepaid),YES,2,86.0,2020,No,01,2024,01,2020,1596,8505
4939,0,Mastercard,Credit,YES,2,17100.0,2011,No,07,2023,06,2001,1597,8666
4940,0,Visa,Credit,YES,2,12700.0,2015,No,07,2015,06,2015,1598,8667
4941,1,Mastercard,Debit,YES,1,54517.0,2013,No,05,2020,06,2013,1598,3265
4942,2,Mastercard,Credit,YES,2,14900.0,2008,No,05,2021,05,2008,1598,3584
4943,0,Amex,Credit,YES,1,16000.0,2011,No,11,2024,05,2011,1599,5605
4944,1,Mastercard,Debit,NO,2,30713.0,2016,No,02,2020,08,2011,1599,4134
4945,2,Mastercard,Debit,YES,2,33158.0,2013,No,11,2024,06,2009,1599,5056
4946,3,Visa,Debit (Prepaid),YES,2,29.0,2014,No,03,2022,08,2008,1599,8381
4947,0,Amex,Credit,YES,1,21700.0,2014,No,05,2022,04,2006,1600,7145
4948,1,Visa,Credit,YES,2,12500.0,2016,No,05,2022,10,2016,1600,5793
4949,0,Visa,Debit,NO,2,3365.0,2010,No,07,2020,01,2010,1601,4236
4950,1,Mastercard,Debit,YES,1,14856.0,2011,No,08,2020,03,2011,1601,2478
4951,2,Mastercard,Debit,YES,1,5989.0,2014,No,08,2023,06,2008,1601,8913
4952,3,Mastercard,Debit,YES,3,4394.0,2009,No,01,2024,07,2009,1601,3903
4953,0,Visa,Debit (Prepaid),YES,1,85.0,2016,No,06,2023,07,2016,1602,8700
4954,1,Mastercard,Credit,YES,1,10600.0,2013,No,07,2018,07,2010,1602,4978
4955,2,Visa,Debit,YES,2,3909.0,2010,No,03,2016,01,2010,1602,6910
4956,3,Visa,Debit,YES,1,1873.0,2010,No,02,2020,12,2008,1602,4768
4957,0,Visa,Debit,YES,1,19643.0,2020,No,03,2022,01,2020,1603,9876
4958,1,Mastercard,Credit,YES,2,14700.0,2008,No,05,2022,07,2006,1603,4696
4959,2,Mastercard,Credit,NO,1,8800.0,2010,No,06,2019,10,2010,1603,3307
4960,0,Mastercard,Credit,NO,1,7900.0,2020,No,05,2022,01,2020,1604,0008
4961,1,Mastercard,Debit,YES,2,12653.0,2012,No,05,2014,03,2007,1604,0793
4962,2,Discover,Credit,NO,1,11400.0,2014,No,05,2022,03,2003,1604,8696
4963,0,Mastercard,Credit,NO,1,6500.0,2012,No,01,2021,06,2003,1605,8637
4964,1,Mastercard,Debit,YES,1,1407.0,2018,No,02,2021,09,2010,1605,6993
4965,2,Mastercard,Debit,YES,2,11402.0,2011,No,04,2013,04,2011,1605,8668
4966,3,Mastercard,Debit,YES,2,4501.0,2015,No,03,2021,04,1999,1605,7911
4967,4,Mastercard,Debit,YES,1,1399.0,2009,No,02,2022,11,2009,1605,4830
4968,5,Mastercard,Debit,YES,2,14466.0,2007,No,10,2020,11,1995,1605,1983
4969,6,Visa,Credit,YES,1,8000.0,2008,No,04,2003,01,2003,1605,0825
4970,0,Visa,Debit,YES,1,31916.0,2020,No,02,2020,01,2020,1606,2081
4971,0,Visa,Credit,YES,3,7800.0,2020,No,08,2021,02,2020,1607,9338
4972,1,Mastercard,Debit,NO,1,570.0,2010,No,08,2013,02,2009,1607,9440
4973,2,Mastercard,Debit,YES,2,13187.0,2010,No,06,2023,12,2010,1607,2182
4974,3,Mastercard,Debit (Prepaid),YES,1,50.0,2020,No,02,2020,02,2020,1607,5988
4975,0,Mastercard,Credit,YES,1,8900.0,2010,No,06,2020,04,2010,1608,3987
4976,1,Visa,Debit,YES,2,10681.0,2013,No,07,2021,07,2006,1608,8748
4977,2,Mastercard,Credit,NO,2,2500.0,2011,No,11,2023,06,2000,1608,7729
4978,3,Visa,Credit,YES,2,8700.0,2010,No,05,2020,01,2010,1608,8441
4979,4,Mastercard,Debit,YES,2,10227.0,2012,No,02,2024,11,2009,1608,2127
4980,5,Mastercard,Debit,YES,2,2507.0,2010,No,12,2021,09,2008,1608,8051
4981,0,Visa,Credit,YES,2,19400.0,2011,No,01,2021,05,1999,1609,7875
4982,1,Mastercard,Debit,NO,1,29268.0,2010,No,08,2023,02,2007,1609,5091
4983,2,Visa,Debit,YES,2,10756.0,2011,No,10,2024,09,2011,1609,8595
4984,0,Mastercard,Debit (Prepaid),YES,2,57.0,2020,No,08,2021,02,2020,1610,8658
4985,1,Visa,Debit,YES,2,10705.0,2020,No,05,2020,01,2020,1610,2252
4986,0,Visa,Credit,YES,2,4200.0,2018,No,08,2021,10,2018,1611,0268
4987,0,Visa,Credit,YES,2,5800.0,2011,No,09,2017,03,2008,1612,1654
4988,0,Visa,Credit,YES,3,9300.0,2014,No,02,2020,04,2014,1613,2930
4989,1,Mastercard,Debit (Prepaid),YES,1,56.0,2009,No,08,2009,09,2006,1613,9247
4990,2,Mastercard,Credit,YES,1,8200.0,2014,No,12,2020,03,2006,1613,7201
4991,0,Mastercard,Debit (Prepaid),NO,2,78.0,2020,No,12,2022,02,2020,1614,9402
4992,1,Amex,Credit,NO,1,15000.0,2015,No,06,2020,05,2010,1614,7775
4993,2,Mastercard,Debit,YES,1,11495.0,2014,No,09,2022,10,2004,1614,3132
4994,3,Mastercard,Debit,YES,2,21982.0,2020,No,08,2024,01,2020,1614,5445
4995,0,Mastercard,Debit,YES,1,20278.0,2020,No,05,2021,01,2020,1615,4197
4996,1,Mastercard,Debit,NO,2,13139.0,2020,No,02,2020,02,2020,1615,1669
4997,2,Visa,Credit,YES,1,9900.0,2020,No,10,2022,01,2020,1615,7625
4998,3,Visa,Credit,YES,1,8900.0,2020,No,03,2023,02,2020,1615,9281
4999,0,Visa,Debit,NO,1,4976.0,2014,No,06,2013,04,2006,1616,4518
5000,1,Mastercard,Debit,YES,1,974.0,2008,No,08,2021,08,2004,1616,2376
5001,2,Visa,Credit,YES,2,2000.0,2020,No,04,2024,02,2020,1616,9280
5002,0,Visa,Credit,YES,2,10600.0,2011,No,03,2022,03,2009,1617,2277
5003,0,Mastercard,Credit,YES,2,7100.0,2014,No,05,2024,04,2014,1618,3642
5004,1,Visa,Credit,YES,1,6800.0,2012,No,08,2024,05,2002,1618,5533
5005,2,Mastercard,Debit,YES,2,4887.0,2015,No,08,2024,07,2009,1618,5054
5006,3,Mastercard,Debit,YES,2,8133.0,2012,No,10,2012,09,2001,1618,5022
5007,0,Mastercard,Debit,YES,1,62703.0,2007,No,02,2022,05,2001,1619,0577
5008,1,Visa,Credit,YES,1,23500.0,2010,No,07,2018,07,2010,1619,7198
5009,0,Mastercard,Debit,YES,2,10707.0,2010,No,11,2017,01,2010,1620,3246
5010,1,Visa,Debit,YES,1,18945.0,2013,No,11,2022,12,2013,1620,8938
5011,0,Discover,Credit,YES,2,6600.0,2011,No,03,2023,03,2010,1621,1311
5012,1,Visa,Debit (Prepaid),NO,1,57.0,2020,No,05,2022,01,2020,1621,2461
5013,2,Visa,Debit,YES,1,11996.0,2011,No,03,2022,09,2011,1621,4713
5014,3,Mastercard,Debit,YES,1,18026.0,2011,No,10,2021,08,2011,1621,3621
5015,4,Visa,Debit,YES,2,10495.0,2011,No,03,2017,01,2008,1621,5769
5016,5,Visa,Debit,NO,2,9946.0,2019,No,05,2021,07,2019,1621,1739
5017,0,Visa,Debit,YES,2,20245.0,2008,No,01,2023,04,2008,1622,3205
5018,1,Visa,Credit,NO,1,5100.0,2010,No,02,2020,12,2005,1622,2321
5019,2,Visa,Debit,YES,1,36515.0,2013,No,05,2022,03,2013,1622,6554
5020,3,Mastercard,Debit,YES,2,15306.0,2019,No,12,2024,01,2019,1622,7903
5021,4,Amex,Credit,YES,1,20600.0,2008,No,04,2009,09,2006,1622,2162
5022,0,Amex,Credit,YES,1,7300.0,2011,No,06,2022,12,2011,1623,5032
5023,1,Mastercard,Debit,YES,2,10348.0,2014,No,06,2023,02,2007,1623,6283
5024,2,Mastercard,Credit,YES,1,3300.0,2010,No,03,2016,11,2010,1623,3654
5025,0,Visa,Debit,YES,1,20318.0,2020,No,03,2022,02,2020,1624,4854
5026,0,Mastercard,Debit,YES,1,28163.0,2020,No,05,2020,01,2020,1625,0428
5027,1,Mastercard,Debit (Prepaid),YES,2,63.0,2011,No,10,2024,09,2009,1625,4793
5028,2,Visa,Debit,YES,1,31491.0,2014,No,04,2018,08,2014,1625,2502
5029,3,Amex,Credit,YES,1,22700.0,2009,No,10,2021,08,2009,1625,5347
5030,0,Visa,Debit (Prepaid),YES,2,73.0,2015,No,11,2016,11,2015,1626,3991
5031,1,Amex,Credit,YES,1,9900.0,2007,No,11,2017,05,2006,1626,5978
5032,2,Mastercard,Debit,YES,2,14713.0,2011,No,04,2021,12,2009,1626,5251
5033,3,Mastercard,Debit,YES,2,2290.0,2011,No,05,2023,07,2005,1626,3933
5034,0,Mastercard,Debit,NO,1,28203.0,2020,No,01,2020,01,2020,1627,8079
5035,1,Mastercard,Credit,YES,1,30200.0,2020,No,01,2020,01,2020,1627,4113
5036,2,Mastercard,Debit,YES,2,3565.0,2020,No,11,2021,02,2020,1627,9202
5037,3,Mastercard,Debit,YES,1,3565.0,2020,No,06,2020,01,2020,1627,9669
5038,0,Visa,Debit,YES,1,17111.0,2010,No,03,2021,02,2009,1628,4220
5039,1,Visa,Debit,YES,2,21264.0,2009,No,08,2021,03,1999,1628,8759
5040,2,Mastercard,Debit,YES,1,15125.0,2017,No,02,2020,10,2017,1628,9393
5041,3,Visa,Debit,YES,2,16472.0,2014,No,02,2020,03,2014,1628,8290
5042,0,Mastercard,Credit,NO,2,12800.0,2020,No,11,2021,01,2020,1629,4459
5043,0,Mastercard,Debit,YES,2,11154.0,2007,No,11,2020,02,2004,1630,8846
5044,1,Visa,Debit,YES,1,19419.0,2010,No,11,2007,09,2007,1630,5340
5045,2,Mastercard,Credit,YES,2,9100.0,2011,No,06,2022,03,2006,1630,1680
5046,3,Mastercard,Debit,YES,1,9471.0,2011,No,05,2022,06,2010,1630,5708
5047,4,Visa,Debit,YES,2,10331.0,2015,No,02,2024,10,2015,1630,2080
5048,0,Mastercard,Credit,YES,1,15900.0,2009,No,11,2004,05,1997,1631,4843
5049,0,Mastercard,Credit,YES,1,5200.0,2018,No,05,2020,10,2018,1632,9756
5050,0,Mastercard,Credit,YES,1,8600.0,2018,No,02,2020,11,2018,1633,4706
5051,1,Visa,Credit,YES,1,8700.0,2009,No,05,2024,11,2009,1633,1812
5052,0,Mastercard,Debit,YES,1,25236.0,2011,No,03,2018,06,2010,1634,1954
5053,1,Mastercard,Credit,YES,2,10400.0,2008,No,02,2011,03,2008,1634,5714
5054,2,Mastercard,Debit (Prepaid),YES,2,38.0,2013,No,10,2024,06,2008,1634,9596
5055,0,Mastercard,Debit (Prepaid),YES,1,106.0,2010,No,09,2020,09,2007,1635,2190
5056,1,Visa,Debit,YES,1,15975.0,2011,No,04,2021,07,2001,1635,0586
5057,2,Visa,Debit,YES,2,12188.0,2011,No,12,2023,12,2007,1635,3431
5058,3,Visa,Debit,YES,2,11928.0,2015,No,03,2022,11,2015,1635,0417
5059,4,Mastercard,Debit,YES,2,13841.0,2012,No,08,2021,04,2012,1635,0454
5060,0,Amex,Credit,YES,1,7500.0,2011,No,03,2024,08,2010,1636,3107
5061,0,Visa,Debit,YES,2,4269.0,2009,No,09,2013,07,2007,1637,9932
5062,1,Mastercard,Credit,YES,2,12600.0,2011,No,02,2024,05,2007,1637,1853
5063,2,Amex,Credit,YES,1,16500.0,2016,No,09,2003,04,2001,1637,7948
5064,3,Mastercard,Debit,YES,1,19152.0,2009,No,11,2008,09,2008,1637,0272
5065,0,Visa,Debit,YES,2,19349.0,2018,No,02,2024,07,2018,1638,2442
5066,0,Visa,Debit,YES,2,1703.0,2009,No,09,2022,09,1997,1639,7117
5067,1,Visa,Credit,YES,2,2800.0,2012,No,06,2017,01,2012,1639,3204
5068,2,Visa,Debit,YES,1,13569.0,2011,No,02,2024,04,2011,1639,7210
5069,3,Visa,Credit,YES,1,10700.0,2008,No,01,2024,07,2007,1639,7609
5070,4,Visa,Credit,YES,2,14500.0,2009,No,06,2022,07,2009,1639,5702
5071,0,Mastercard,Debit (Prepaid),YES,1,26.0,2010,No,09,2021,10,2005,1640,3652
5072,0,Visa,Debit,YES,2,25621.0,2016,No,05,2021,12,2016,1641,8828
5073,1,Mastercard,Debit,YES,1,12193.0,2017,No,05,2024,06,2017,1641,5467
5074,2,Visa,Debit,YES,1,14247.0,2018,No,07,2018,06,2018,1641,7210
5075,3,Mastercard,Debit,YES,2,14859.0,2009,No,02,2020,05,2004,1641,2519
5076,0,Visa,Credit,NO,2,13400.0,2011,No,09,2014,10,2005,1642,9083
5077,1,Mastercard,Credit,YES,2,12500.0,2003,No,08,2020,03,2003,1642,7645
5078,2,Amex,Credit,YES,2,3800.0,2009,No,12,2009,09,2001,1642,6362
5079,3,Mastercard,Debit,YES,2,22527.0,2011,No,06,2014,04,2007,1642,5703
5080,0,Mastercard,Debit,YES,1,7284.0,2020,No,09,2020,01,2020,1643,8037
5081,0,Visa,Debit,YES,1,22856.0,2012,No,04,2022,10,2012,1644,4597
5082,1,Visa,Debit,YES,1,20225.0,2016,No,01,2021,02,2016,1644,2124
5083,2,Visa,Debit,NO,1,15742.0,2020,No,02,2020,02,2020,1644,3102
5084,3,Visa,Credit,NO,1,11400.0,2008,No,11,2021,12,2008,1644,7590
5085,0,Amex,Credit,YES,1,6200.0,2014,No,08,2008,04,2007,1645,6348
5086,1,Amex,Credit,YES,2,500.0,2009,No,10,2005,07,2005,1645,5628
5087,2,Mastercard,Credit,YES,1,7100.0,2017,No,11,2021,11,2008,1645,3775
5088,3,Visa,Debit,YES,1,15522.0,2015,No,03,2022,12,2006,1645,9375
5089,4,Mastercard,Debit,YES,2,19640.0,2010,No,09,2023,02,2001,1645,3707
5090,0,Mastercard,Debit,YES,1,13930.0,2010,No,06,2020,11,2007,1646,9666
5091,1,Mastercard,Debit,YES,2,22357.0,2015,No,02,2021,06,2015,1646,7346
5092,2,Mastercard,Credit,YES,1,7700.0,2011,No,01,2022,10,2011,1646,8405
5093,3,Amex,Credit,NO,1,5100.0,2012,No,09,2023,06,2012,1646,6858
5094,0,Mastercard,Debit,YES,2,12191.0,2020,No,01,2020,01,2020,1647,5688
5095,0,Visa,Debit,YES,1,58234.0,2015,No,02,2024,03,2015,1648,1914
5096,1,Mastercard,Debit,YES,2,76966.0,2011,No,07,2021,02,2011,1648,5192
5097,0,Mastercard,Credit,YES,2,4500.0,2016,No,05,2023,06,2016,1649,8356
5098,0,Mastercard,Debit,YES,1,25551.0,2011,No,07,2024,12,2011,1650,5585
5099,1,Mastercard,Debit,YES,2,21253.0,2011,No,03,2021,03,2004,1650,0222
5100,2,Mastercard,Debit,YES,2,10274.0,2008,No,12,2023,06,2008,1650,2081
5101,3,Amex,Credit,YES,2,4800.0,2015,No,11,2015,08,2015,1650,3935
5102,4,Visa,Debit,YES,2,19934.0,2020,No,12,2023,01,2020,1650,0607
5103,0,Visa,Debit,YES,2,8829.0,2020,No,09,2022,02,2020,1651,2008
5104,1,Mastercard,Credit,YES,2,12400.0,2013,No,07,2024,01,2013,1651,8286
5105,2,Mastercard,Debit,YES,1,17691.0,2018,No,02,2020,03,2018,1651,4141
5106,0,Mastercard,Debit,YES,2,15317.0,2013,No,05,2013,05,2008,1652,0539
5107,0,Mastercard,Debit,YES,1,19612.0,2015,No,06,2020,12,2015,1653,4662
5108,0,Mastercard,Debit,YES,2,10304.0,2020,No,01,2020,01,2020,1654,2891
5109,0,Mastercard,Debit,YES,1,16229.0,2017,No,02,2021,03,2017,1655,8802
5110,1,Visa,Debit,YES,1,8366.0,2015,No,11,2024,11,2015,1655,3900
5111,2,Visa,Debit,YES,2,7688.0,2014,No,06,2023,11,2014,1655,3622
5112,3,Amex,Credit,YES,1,8300.0,2015,No,09,2024,07,2008,1655,1256
5113,0,Mastercard,Debit,YES,1,16557.0,2020,No,05,2022,01,2020,1656,9169
5114,0,Mastercard,Debit,YES,2,18627.0,2015,No,08,2024,07,2009,1657,1566
5115,0,Visa,Debit,YES,1,23156.0,2020,No,08,2022,02,2020,1658,9123
5116,1,Visa,Debit,YES,1,30041.0,2011,No,02,2024,07,2010,1658,7403
5117,2,Mastercard,Debit,YES,1,29137.0,2011,No,02,2024,10,2011,1658,7856
5118,3,Amex,Credit,YES,1,10400.0,2017,No,07,2021,09,2004,1658,0416
5119,4,Mastercard,Credit,YES,2,13500.0,2008,No,02,2022,06,2008,1658,8255
5120,5,Mastercard,Debit,YES,1,17663.0,2016,No,02,2023,11,2016,1658,5119
5121,0,Mastercard,Debit,NO,2,30637.0,2020,No,08,2021,01,2020,1659,2885
5122,0,Mastercard,Debit,NO,1,8540.0,2017,No,10,2021,08,2017,1660,5641
5123,1,Mastercard,Debit,YES,1,9397.0,2010,No,02,2012,06,2008,1660,6586
5124,2,Visa,Debit,YES,1,12329.0,2020,No,09,2020,01,2020,1660,4912
5125,3,Visa,Debit,YES,1,8333.0,2007,No,01,2020,10,2003,1660,0543
5126,0,Visa,Credit,YES,2,5200.0,2019,No,09,2020,10,2019,1661,0266
5127,1,Visa,Debit,YES,2,35757.0,2011,No,08,2010,04,2010,1661,2764
5128,2,Mastercard,Credit,NO,1,16600.0,2015,No,03,2015,05,2005,1661,4683
5129,3,Mastercard,Debit,YES,2,23754.0,2018,No,06,2020,09,2003,1661,7515
5130,4,Mastercard,Debit,YES,2,14480.0,2009,No,10,2024,03,2005,1661,2207
5131,5,Mastercard,Debit,YES,2,6237.0,2007,No,10,2023,01,2006,1661,7842
5132,0,Visa,Credit,NO,1,9200.0,2020,No,02,2023,01,2020,1662,8690
5133,1,Visa,Debit,YES,2,14797.0,2020,No,01,2020,01,2020,1662,9245
5134,0,Visa,Credit,YES,1,9400.0,2013,No,02,2023,11,2010,1663,4831
5135,1,Visa,Debit (Prepaid),YES,2,50.0,2011,No,06,2024,07,2011,1663,4273
5136,2,Mastercard,Credit,YES,2,1800.0,2013,No,02,2020,12,2013,1663,6645
5137,3,Amex,Credit,YES,1,12400.0,2014,No,10,2024,05,2004,1663,0745
5138,4,Visa,Credit,YES,2,14300.0,2007,No,12,2010,01,2007,1663,4924
5139,5,Mastercard,Debit,YES,1,27489.0,2011,No,12,2024,02,2011,1663,4970
5140,0,Visa,Debit,YES,2,7846.0,2020,No,01,2022,02,2020,1664,0907
5141,0,Mastercard,Credit,YES,2,12500.0,2020,No,09,2021,02,2020,1665,3564
5142,1,Discover,Credit,NO,2,10500.0,2020,No,04,2020,01,2020,1665,9648
5143,2,Mastercard,Debit (Prepaid),YES,1,72.0,2020,No,02,2020,02,2020,1665,9483
5144,3,Mastercard,Credit,YES,1,8800.0,2020,No,05,2020,02,2020,1665,4279
5145,0,Mastercard,Debit,YES,1,11199.0,2010,No,01,2011,12,2010,1666,7018
5146,1,Visa,Debit,YES,1,8800.0,2010,No,05,2020,01,2010,1666,4727
5147,2,Mastercard,Debit (Prepaid),YES,1,83.0,2013,No,09,2021,10,2013,1666,9699
5148,3,Mastercard,Debit,NO,1,7217.0,2010,No,11,2024,03,2010,1666,0979
5149,0,Mastercard,Credit,YES,2,9000.0,2015,No,09,2022,10,2015,1667,3461
5150,1,Mastercard,Debit,YES,1,15195.0,2011,No,01,2020,01,2011,1667,6975
5151,2,Mastercard,Debit,YES,1,14747.0,2010,No,02,2024,03,2010,1667,7841
5152,0,Mastercard,Debit,YES,2,8998.0,2020,No,02,2020,02,2020,1668,6295
5153,0,Amex,Credit,YES,2,20400.0,2020,No,03,2023,02,2020,1669,3002
5154,1,Visa,Debit,YES,2,13653.0,2016,No,09,2022,08,2009,1669,2742
5155,0,Amex,Credit,YES,2,17800.0,2011,No,02,2020,01,2010,1670,0039
5156,1,Mastercard,Debit (Prepaid),YES,2,52.0,2015,No,07,2024,09,2005,1670,1676
5157,2,Mastercard,Debit (Prepaid),YES,2,56.0,2011,No,09,2023,08,2011,1670,0827
5158,3,Mastercard,Debit,YES,2,3099.0,2012,No,01,2024,03,2002,1670,3059
5159,0,Mastercard,Debit,YES,1,11805.0,2020,No,05,2020,01,2020,1671,0438
5160,1,Visa,Debit,YES,1,17535.0,2020,No,01,2020,01,2020,1671,0071
5161,0,Amex,Credit,YES,2,18000.0,2011,No,08,2022,06,2002,1672,6465
5162,0,Mastercard,Debit (Prepaid),YES,2,95.0,2020,No,11,2024,02,2020,1673,6253
5163,0,Discover,Credit,YES,1,8200.0,2014,No,09,2020,03,2008,1674,6100
5164,1,Mastercard,Debit,YES,2,2143.0,2013,No,11,2023,01,1999,1674,5653
5165,2,Mastercard,Debit,YES,2,6550.0,2016,No,12,2021,08,2005,1674,6758
5166,3,Mastercard,Credit,YES,2,12800.0,2011,No,04,2024,07,2011,1674,5148
5167,4,Visa,Debit,YES,1,15960.0,2010,No,02,2020,07,2007,1674,4464
5168,0,Mastercard,Credit,YES,2,19000.0,2020,No,02,2020,01,2020,1675,4452
5169,1,Mastercard,Debit,YES,1,26575.0,2011,No,06,2016,07,2009,1675,4475
5170,0,Mastercard,Credit,YES,2,5800.0,2008,No,06,2021,09,2008,1676,8278
5171,1,Mastercard,Debit,YES,2,16047.0,2011,No,05,2021,04,2002,1676,6387
5172,0,Visa,Credit,YES,2,5900.0,2014,No,04,2024,09,2014,1677,5829
5173,1,Mastercard,Debit,YES,2,22722.0,2019,No,05,2024,03,2019,1677,2995
5174,2,Mastercard,Debit,YES,2,21258.0,2013,No,07,2013,01,2013,1677,7672
5175,0,Visa,Debit (Prepaid),YES,2,18.0,2009,No,07,2020,09,2009,1678,2830
5176,1,Mastercard,Debit (Prepaid),YES,2,8.0,2017,No,08,2023,02,2010,1678,7854
5177,0,Visa,Debit,YES,2,14446.0,2013,No,03,2023,11,2013,1679,1164
5178,1,Mastercard,Credit,YES,1,10500.0,2009,No,08,2016,05,2001,1679,5001
5179,2,Visa,Debit,YES,2,13122.0,2009,No,12,2023,12,2004,1679,7750
5180,3,Visa,Debit,YES,1,24519.0,2014,No,11,2012,11,2008,1679,4333
5181,4,Visa,Credit,YES,1,9400.0,2012,No,05,2015,02,2012,1679,1577
5182,5,Mastercard,Debit,YES,2,12121.0,2010,No,03,2022,08,2008,1679,7123
5183,0,Mastercard,Credit,NO,2,1300.0,2020,No,11,2021,01,2020,1680,3216
5184,1,Mastercard,Credit,YES,1,17500.0,2020,No,01,2020,01,2020,1680,9058
5185,0,Mastercard,Credit,YES,1,10700.0,2011,No,01,2023,07,2010,1681,2790
5186,1,Amex,Credit,YES,2,7300.0,2010,No,01,2023,09,2005,1681,9094
5187,2,Visa,Debit,YES,1,15194.0,2013,No,06,2016,12,2013,1681,9307
5188,0,Visa,Credit,YES,1,5400.0,2008,No,06,2024,08,2001,1682,6488
5189,1,Amex,Credit,YES,2,14100.0,2008,No,12,2022,03,2005,1682,1954
5190,2,Visa,Debit,YES,2,3899.0,2008,No,04,2018,03,2007,1682,9556
5191,3,Mastercard,Debit (Prepaid),YES,1,22.0,2010,No,05,2020,10,2009,1682,6847
5192,4,Visa,Debit,NO,1,16464.0,2012,No,04,2022,05,2010,1682,3737
5193,0,Mastercard,Debit,YES,1,39591.0,2011,No,05,2022,08,2008,1683,4113
5194,1,Mastercard,Debit,YES,1,39452.0,2010,No,12,2022,12,2008,1683,6183
5195,2,Visa,Debit,YES,2,27266.0,2013,No,03,2014,11,2013,1683,7802
5196,3,Visa,Credit,YES,2,15400.0,2012,No,10,2020,03,2009,1683,8282
5197,4,Mastercard,Credit,YES,1,16700.0,2013,No,02,2014,06,2013,1683,1918
5198,0,Mastercard,Debit,YES,1,38048.0,2007,No,03,2020,11,2001,1684,1615
5199,1,Mastercard,Debit,YES,2,7564.0,2013,No,01,2022,11,2010,1684,2985
5200,2,Mastercard,Debit,YES,2,35203.0,2010,No,11,2023,07,1991,1684,9323
5201,0,Mastercard,Credit,YES,2,10800.0,2010,No,07,2023,12,2005,1685,9895
5202,1,Visa,Credit,NO,2,8000.0,2011,No,05,2023,06,2011,1685,7350
5203,0,Mastercard,Debit,YES,1,4729.0,2014,No,02,2024,08,2007,1686,6359
5204,1,Visa,Credit,YES,2,6400.0,2009,No,01,2021,05,2009,1686,5750
5205,2,Visa,Credit,YES,1,9200.0,2014,No,02,2022,11,2007,1686,5673
5206,3,Visa,Credit,NO,1,8000.0,2018,No,08,2018,07,2018,1686,9775
5207,4,Visa,Debit,YES,2,17235.0,2007,No,02,2022,05,2007,1686,1354
5208,0,Mastercard,Debit,YES,2,1.0,2010,No,11,2020,07,2010,1687,5693
5209,1,Amex,Credit,YES,2,0.0,2011,No,10,2021,05,2011,1687,7973
5210,2,Visa,Debit,YES,1,1.0,2010,No,09,2010,04,2010,1687,0796
5211,3,Visa,Debit,YES,1,1.0,2015,No,08,2018,07,2015,1687,4116
5212,4,Mastercard,Debit,YES,1,0.0,2009,No,12,2024,08,2004,1687,9711
5213,5,Discover,Credit,YES,1,0.0,2007,No,04,2023,10,2003,1687,6011
5214,0,Mastercard,Debit,YES,2,28850.0,2018,No,10,2021,12,2018,1688,5426
5215,1,Mastercard,Credit,YES,1,15700.0,2010,No,06,2015,10,2009,1688,6653
5216,2,Mastercard,Debit (Prepaid),YES,2,79.0,2011,No,01,2021,01,2010,1688,9930
5217,3,Visa,Credit,YES,2,18500.0,2015,No,01,2020,12,2015,1688,0645
5218,0,Visa,Debit,YES,2,14495.0,2020,No,05,2022,02,2020,1689,0539
5219,1,Mastercard,Debit,YES,2,15906.0,2020,No,12,2023,01,2020,1689,9546
5220,0,Visa,Debit,YES,1,10194.0,2015,No,07,2022,11,2015,1690,7095
5221,1,Mastercard,Debit (Prepaid),YES,2,91.0,2011,No,09,2021,11,2011,1690,7198
5222,2,Mastercard,Debit,YES,1,12591.0,2010,No,02,2024,06,2003,1690,0192
5223,3,Mastercard,Debit,NO,1,10574.0,2013,No,07,2022,03,2013,1690,7260
5224,0,Mastercard,Debit (Prepaid),YES,2,92.0,2009,No,01,2020,08,2007,1691,3410
5225,1,Mastercard,Debit,YES,1,7338.0,2016,No,03,2021,08,2006,1691,3195
5226,0,Mastercard,Debit,YES,2,26838.0,2015,No,03,2022,11,2015,1692,4008
5227,1,Visa,Debit,YES,1,38154.0,2011,No,09,2009,08,2003,1692,2746
5228,2,Amex,Credit,YES,2,13200.0,2014,No,08,2020,05,2002,1692,5324
5229,3,Mastercard,Debit (Prepaid),YES,1,89.0,2015,No,03,2014,01,2008,1692,9664
5230,4,Amex,Credit,YES,2,3900.0,2008,No,04,2007,05,2003,1692,3060
5231,0,Visa,Debit,YES,1,7676.0,2010,No,07,2024,12,2006,1693,1736
5232,0,Mastercard,Debit,YES,2,13345.0,2010,No,03,2022,07,2007,1694,5619
5233,1,Visa,Credit,YES,1,8000.0,2011,No,11,2024,08,2011,1694,6157
5234,2,Mastercard,Debit (Prepaid),YES,2,87.0,2012,No,03,2022,10,2008,1694,9529
5235,3,Mastercard,Debit,YES,2,6395.0,2014,No,10,2024,01,2006,1694,3402
5236,0,Mastercard,Credit,YES,1,8900.0,2020,No,01,2023,01,2020,1695,5324
5237,0,Mastercard,Debit (Prepaid),YES,1,69.0,2015,No,02,2024,04,2015,1696,3570
5238,1,Visa,Debit,YES,1,18912.0,2008,No,01,2021,08,2004,1696,0626
5239,2,Mastercard,Debit,YES,1,23021.0,2011,No,09,2021,10,2007,1696,6860
5240,3,Mastercard,Debit,YES,1,21985.0,2018,No,08,2021,01,2018,1696,9651
5241,0,Visa,Credit,YES,2,5300.0,2020,No,12,2023,01,2020,1697,2849
5242,0,Mastercard,Debit,YES,2,2397.0,2013,No,07,2020,01,2010,1698,8281
5243,1,Mastercard,Credit,YES,2,2800.0,2010,No,11,2012,07,2007,1698,7540
5244,2,Visa,Debit,YES,1,10466.0,2017,No,02,2020,06,2017,1698,6133
5245,3,Amex,Credit,NO,1,9400.0,2011,No,12,2012,06,2004,1698,2656
5246,4,Visa,Debit,YES,2,20161.0,2010,No,06,2023,10,2010,1698,3148
5247,0,Mastercard,Credit,YES,1,12600.0,2015,No,09,2024,02,2011,1699,9829
5248,1,Visa,Credit,NO,1,14300.0,2007,No,01,2024,04,2006,1699,1608
5249,2,Visa,Debit,YES,1,23452.0,2011,No,03,2022,06,2008,1699,2596
5250,3,Mastercard,Credit,YES,2,13200.0,2014,No,10,2021,01,2010,1699,2530
5251,4,Visa,Credit,YES,1,13500.0,2008,No,01,2013,06,2008,1699,9580
5252,0,Visa,Credit,YES,1,17600.0,2020,No,01,2024,01,2020,1700,3266
5253,0,Mastercard,Debit,YES,2,16558.0,2020,No,08,2020,01,2020,1701,3517
5254,0,Mastercard,Debit,YES,1,44717.0,2020,No,12,2024,01,2020,1702,0163
5255,1,Mastercard,Credit,NO,1,13700.0,2020,No,11,2021,02,2020,1702,9265
5256,2,Mastercard,Debit,YES,2,14332.0,2020,No,04,2020,01,2020,1702,6761
5257,0,Visa,Debit,YES,1,15695.0,2020,No,06,2022,02,2020,1703,3495
5258,1,Discover,Credit,YES,1,13700.0,2020,No,02,2020,02,2020,1703,5890
5259,0,Mastercard,Debit,YES,1,19600.0,2017,No,10,2020,03,2017,1704,0268
5260,1,Visa,Debit,YES,1,17815.0,2010,No,06,2021,06,2009,1704,5424
5261,2,Mastercard,Debit,YES,1,16373.0,2010,No,11,2015,02,2010,1704,8795
5262,0,Visa,Debit,YES,2,14340.0,2009,No,11,2021,01,2002,1705,1370
5263,0,Mastercard,Debit (Prepaid),YES,1,109.0,2011,No,08,2024,11,2011,1706,7567
5264,1,Mastercard,Debit,YES,1,16218.0,2020,No,03,2023,02,2020,1706,5011
5265,2,Mastercard,Debit,YES,1,22115.0,2012,No,05,2024,05,2012,1706,9583
5266,0,Visa,Debit (Prepaid),YES,1,80.0,2011,No,04,2024,06,2002,1707,5109
5267,0,Mastercard,Debit,NO,2,18261.0,2020,No,02,2020,02,2020,1708,5710
5268,0,Visa,Debit,YES,1,1325.0,2011,No,12,2012,04,2000,1709,8632
5269,1,Visa,Credit,YES,2,16900.0,2007,No,01,2023,03,2002,1709,1062
5270,0,Amex,Credit,YES,2,6500.0,2020,No,02,2023,01,2020,1710,5186
5271,1,Mastercard,Credit,NO,1,7800.0,2011,No,02,2021,01,2011,1710,2035
5272,2,Mastercard,Debit,NO,1,9294.0,2011,No,12,2022,01,2010,1710,8201
5273,3,Mastercard,Debit,YES,2,12163.0,2011,No,12,2011,03,2011,1710,7400
5274,4,Visa,Debit,YES,2,14959.0,2011,No,01,2020,05,2011,1710,2714
5275,5,Mastercard,Debit (Prepaid),YES,2,15.0,2010,No,11,2023,12,2003,1710,5215
5276,0,Mastercard,Debit,YES,1,18118.0,2007,No,07,2022,03,2001,1711,6191
5277,1,Visa,Debit,YES,2,22025.0,2010,No,03,2023,02,2010,1711,3110
5278,2,Mastercard,Credit,YES,1,9100.0,2015,No,09,2011,03,2009,1711,8583
5279,0,Visa,Debit,YES,2,16064.0,2011,No,10,2013,06,2008,1712,5021
5280,1,Mastercard,Credit,YES,1,6000.0,2011,No,09,2024,06,2010,1712,6416
5281,2,Visa,Debit,YES,2,7136.0,2014,No,02,2023,11,2001,1712,9807
5282,3,Discover,Credit,YES,1,3900.0,2010,No,04,2021,10,2002,1712,2227
5283,4,Mastercard,Debit,YES,1,8444.0,2011,No,01,2020,07,2011,1712,9967
5284,0,Mastercard,Debit,YES,2,12692.0,2012,No,11,2020,08,2003,1713,0603
5285,1,Mastercard,Debit,YES,2,9027.0,2015,No,04,2020,03,2002,1713,9359
5286,2,Visa,Debit,YES,1,4507.0,2019,No,10,2020,01,2009,1713,8028
5287,0,Mastercard,Debit,YES,1,17963.0,2020,No,05,2024,01,2020,1714,8430
5288,1,Visa,Credit,YES,1,12200.0,2020,No,02,2020,02,2020,1714,7339
5289,2,Mastercard,Debit,YES,2,1996.0,2020,No,02,2020,02,2020,1714,2532
5290,0,Mastercard,Debit,YES,2,19998.0,2020,No,01,2021,02,2020,1715,2492
5291,1,Amex,Credit,YES,2,15600.0,2020,No,02,2020,02,2020,1715,4282
5292,0,Mastercard,Debit,YES,1,13035.0,2013,No,05,2023,02,2013,1716,4962
5293,1,Visa,Credit,YES,2,8300.0,2010,No,06,2023,05,2010,1716,1098
5294,2,Amex,Credit,YES,2,6200.0,2011,No,07,2024,02,2011,1716,7375
5295,3,Visa,Debit,YES,2,11795.0,2013,No,03,2024,11,2013,1716,3861
5296,4,Discover,Credit,YES,1,7900.0,2013,No,05,2011,06,2008,1716,2874
5297,0,Discover,Credit,YES,1,12900.0,2020,No,02,2020,02,2020,1717,5517
5298,1,Visa,Debit,YES,2,6556.0,2020,No,12,2020,01,2020,1717,0039
5299,2,Mastercard,Credit,NO,1,3800.0,2015,No,05,2022,05,2015,1717,1348
5300,0,Visa,Credit,YES,2,7800.0,2008,No,10,2021,10,2007,1718,5774
5301,1,Mastercard,Credit,YES,2,10900.0,2012,No,02,2016,06,2006,1718,0615
5302,2,Mastercard,Debit,YES,1,1846.0,2005,No,12,2024,01,2005,1718,9912
5303,3,Mastercard,Debit (Prepaid),YES,1,76.0,2015,No,08,2016,09,2008,1718,8596
5304,4,Mastercard,Credit,NO,1,0.0,2010,No,07,2020,08,2010,1718,0809
5305,0,Visa,Credit,NO,1,13400.0,2019,No,01,2022,03,2019,1719,8301
5306,1,Visa,Credit,YES,1,15800.0,2020,No,01,2020,01,2020,1719,0280
5307,2,Visa,Debit,YES,1,14744.0,2010,No,06,2011,11,2010,1719,5996
5308,0,Discover,Credit,YES,1,8700.0,2020,No,02,2020,01,2020,1720,2108
5309,1,Mastercard,Debit,YES,1,12088.0,2020,No,01,2022,01,2020,1720,1396
5310,2,Mastercard,Credit,YES,2,4700.0,2014,No,11,2024,01,2014,1720,8764
5311,3,Visa,Debit,YES,2,11983.0,2020,No,01,2024,02,2020,1720,9805
5312,4,Mastercard,Debit,YES,1,11557.0,2020,No,02,2020,02,2020,1720,7229
5313,0,Mastercard,Debit,YES,1,12152.0,2020,No,02,2020,01,2020,1721,1562
5314,1,Discover,Credit,YES,2,11100.0,2020,No,10,2023,01,2020,1721,5478
5315,0,Visa,Credit,YES,1,14700.0,2011,No,09,2022,03,2011,1722,2314
5316,0,Mastercard,Debit (Prepaid),NO,1,52.0,2013,No,06,2021,09,2002,1723,4019
5317,1,Mastercard,Debit,YES,1,3224.0,2013,No,12,2016,10,2010,1723,0254
5318,2,Visa,Debit,YES,2,23001.0,2013,No,11,2020,12,2007,1723,5998
5319,3,Mastercard,Debit,YES,1,23652.0,2014,No,01,2022,03,2005,1723,3350
5320,4,Mastercard,Debit (Prepaid),YES,1,86.0,2013,No,09,2020,11,2007,1723,3411
5321,0,Mastercard,Debit (Prepaid),YES,2,80.0,2011,No,08,2021,10,2007,1724,1818
5322,1,Mastercard,Debit,YES,1,26097.0,2011,No,10,2022,08,2007,1724,1863
5323,2,Visa,Debit,YES,1,11032.0,2015,No,05,2023,11,2015,1724,8949
5324,3,Visa,Credit,YES,1,8900.0,2011,No,01,2020,04,2004,1724,9378
5325,4,Amex,Credit,YES,2,4700.0,2020,No,02,2020,01,2020,1724,5656
5326,0,Visa,Debit,YES,1,10523.0,2011,No,05,2022,10,2011,1725,6257
5327,1,Amex,Credit,YES,1,8900.0,2020,No,02,2020,02,2020,1725,1354
5328,0,Visa,Debit,YES,1,6489.0,2013,No,05,2021,07,2009,1726,3670
5329,1,Mastercard,Debit,NO,2,9146.0,2012,No,09,2020,12,2001,1726,3953
5330,0,Mastercard,Debit (Prepaid),YES,1,66.0,2019,No,03,2024,10,2019,1727,5420
5331,1,Visa,Debit,NO,1,18138.0,2015,No,01,2023,03,2015,1727,9950
5332,2,Mastercard,Debit,YES,1,23238.0,2014,No,02,2021,02,2014,1727,8935
5333,3,Mastercard,Debit,YES,1,20706.0,2013,No,09,2022,10,2013,1727,9201
5334,4,Visa,Credit,YES,2,12100.0,2010,No,08,2022,07,2002,1727,9478
5335,0,Visa,Debit,YES,2,19781.0,2013,No,03,2020,11,2013,1728,1725
5336,1,Discover,Credit,YES,2,9300.0,2012,No,03,2023,10,2003,1728,3390
5337,2,Mastercard,Debit,NO,2,5451.0,2012,No,12,2022,06,1999,1728,0608
5338,3,Visa,Debit,YES,2,6491.0,2013,No,02,2016,11,2007,1728,2952
5339,0,Visa,Credit,YES,1,6900.0,2020,No,02,2023,01,2020,1729,0795
5340,1,Amex,Credit,NO,2,6100.0,2020,No,05,2024,01,2020,1729,2335
5341,0,Visa,Debit,YES,1,16905.0,2008,No,05,2022,07,2006,1730,6823
5342,0,Mastercard,Debit,YES,1,47153.0,2006,No,04,2020,02,2002,1731,5365
5343,1,Visa,Debit,YES,2,25010.0,2010,No,12,2022,07,2010,1731,1200
5344,0,Mastercard,Debit,YES,1,232.0,2010,No,12,2022,12,2009,1732,5564
5345,1,Mastercard,Credit,YES,2,100.0,2013,No,02,2016,08,2013,1732,4363
5346,2,Mastercard,Debit (Prepaid),YES,1,80.0,2011,No,04,2017,07,2003,1732,1539
5347,0,Amex,Credit,YES,2,3300.0,2020,No,12,2022,02,2020,1733,0580
5348,0,Mastercard,Debit,YES,1,3483.0,2013,No,01,2021,06,2006,1734,7049
5349,1,Amex,Credit,YES,2,13900.0,2015,No,02,2024,01,2015,1734,5029
5350,0,Mastercard,Debit,YES,1,70187.0,2011,No,10,2024,06,2002,1735,7690
5351,1,Visa,Debit,NO,2,7821.0,2014,No,12,2021,01,2011,1735,4629
5352,2,Mastercard,Debit,YES,2,96637.0,2007,No,10,2024,06,2007,1735,7077
5353,3,Discover,Credit,YES,2,44200.0,2016,No,03,2022,09,2016,1735,5042
5354,4,Visa,Debit (Prepaid),NO,1,68.0,2007,No,08,2023,03,2007,1735,4702
5355,5,Mastercard,Debit (Prepaid),YES,1,54.0,2014,No,01,2021,01,2014,1735,9690
5356,6,Mastercard,Debit,YES,1,62519.0,2011,No,05,2022,07,2011,1735,0616
5357,7,Visa,Debit,YES,1,87408.0,2013,No,11,2022,05,2013,1735,3441
5358,0,Mastercard,Debit,YES,2,15100.0,2009,No,03,2024,01,2009,1736,7564
5359,1,Mastercard,Debit,YES,1,2303.0,2011,No,05,2024,07,2008,1736,3116
5360,2,Visa,Credit,YES,2,9000.0,2020,No,03,2023,01,2020,1736,3548
5361,0,Amex,Credit,YES,1,12600.0,2008,No,10,2021,12,2008,1737,2230
5362,1,Mastercard,Debit,YES,1,25027.0,2009,No,05,2021,06,2009,1737,2523
5363,2,Mastercard,Debit,YES,1,30424.0,2011,No,01,2023,09,2008,1737,4860
5364,0,Mastercard,Debit,YES,2,14304.0,2020,No,08,2022,02,2020,1738,1237
5365,0,Visa,Debit,YES,2,19081.0,2015,No,06,2016,10,2015,1739,1288
5366,1,Mastercard,Debit,YES,2,17401.0,2013,No,09,2020,11,2013,1739,3984
5367,2,Mastercard,Credit,YES,1,12800.0,2016,No,07,2021,05,2010,1739,9808
5368,3,Mastercard,Debit (Prepaid),YES,1,42.0,2011,No,07,2015,07,2010,1739,3179
5369,4,Mastercard,Debit,NO,2,10404.0,2010,No,06,2014,06,2009,1739,1413
5370,0,Mastercard,Debit,YES,1,39422.0,2009,No,07,2013,07,2004,1740,4005
5371,1,Mastercard,Credit,YES,1,11900.0,2011,No,09,2023,04,2011,1740,1099
5372,2,Mastercard,Debit,YES,2,4880.0,2010,No,06,2022,02,2008,1740,9496
5373,3,Mastercard,Debit,YES,2,25392.0,2014,No,04,2020,07,1998,1740,0971
5374,0,Mastercard,Credit,YES,1,18500.0,2020,No,02,2020,01,2020,1741,6003
5375,1,Mastercard,Debit (Prepaid),YES,1,57.0,2020,No,01,2022,01,2020,1741,4044
5376,0,Visa,Credit,YES,1,10100.0,2014,No,11,2022,06,2011,1742,7332
5377,1,Mastercard,Debit,YES,1,2037.0,2013,No,03,2024,06,2009,1742,9904
5378,2,Visa,Debit,YES,2,21999.0,2015,No,01,2021,06,2010,1742,5729
5379,3,Mastercard,Debit,YES,2,15793.0,2012,No,01,2021,04,1994,1742,5420
5380,0,Mastercard,Debit,NO,1,28844.0,2011,No,01,2021,08,1998,1743,4426
5381,1,Mastercard,Debit,YES,1,34023.0,2008,No,08,2023,09,2008,1743,4567
5382,2,Amex,Credit,YES,1,19400.0,2013,No,09,2022,12,2010,1743,1477
5383,3,Amex,Credit,YES,1,16100.0,2011,No,06,2023,06,2011,1743,4120
5384,0,Visa,Credit,YES,2,18400.0,2015,No,08,2022,03,2015,1744,0483
5385,0,Visa,Debit,YES,2,17314.0,2014,No,01,2018,06,2008,1745,5453
5386,1,Mastercard,Debit,YES,1,20999.0,2007,No,10,2020,05,2005,1745,9210
5387,2,Visa,Debit,YES,2,7199.0,2013,No,11,2006,10,2006,1745,0004
5388,0,Mastercard,Debit,YES,1,23956.0,2010,No,08,2020,04,2010,1746,3798
5389,1,Mastercard,Debit,YES,2,17695.0,2016,No,02,2019,12,2016,1746,5734
5390,2,Visa,Debit,YES,2,22765.0,2018,No,08,2022,02,2018,1746,9282
5391,3,Visa,Debit,YES,1,15934.0,2017,No,02,2020,01,2017,1746,2545
5392,0,Visa,Debit,YES,1,9295.0,2009,No,10,2017,05,2009,1747,9763
5393,1,Mastercard,Debit,YES,2,7112.0,2014,No,08,2023,05,2010,1747,8969
5394,0,Mastercard,Debit,YES,2,23712.0,2009,No,07,2024,01,2008,1748,8004
5395,1,Mastercard,Debit,YES,1,33471.0,2011,No,02,2021,08,2006,1748,7038
5396,2,Visa,Debit,YES,1,23240.0,2015,No,02,2020,09,2015,1748,8466
5397,3,Visa,Debit,YES,1,18828.0,2014,No,07,2022,08,2014,1748,9939
5398,4,Visa,Credit,YES,1,14000.0,2016,No,10,2010,09,2010,1748,2690
5399,5,Mastercard,Debit (Prepaid),YES,2,20.0,2017,No,07,2022,02,2008,1748,0635
5400,0,Mastercard,Debit,YES,1,16339.0,2012,No,05,2021,10,2012,1749,6202
5401,1,Mastercard,Debit,YES,2,23902.0,2020,No,07,2021,01,2020,1749,1496
5402,0,Visa,Debit,YES,2,38025.0,2020,No,12,2024,01,2020,1750,3448
5403,1,Visa,Credit,YES,2,22900.0,2020,No,07,2020,01,2020,1750,6154
5404,2,Mastercard,Debit,YES,1,24682.0,2020,No,07,2024,01,2020,1750,1935
5405,0,Visa,Credit,YES,2,6200.0,2020,No,02,2024,01,2020,1751,9307
5406,0,Visa,Debit,YES,2,9241.0,2020,No,10,2024,02,2020,1752,3971
5407,0,Visa,Credit,NO,2,11500.0,2010,No,06,2022,02,2010,1753,1092
5408,1,Mastercard,Debit,NO,1,14958.0,2009,No,09,2021,12,2005,1753,7434
5409,2,Visa,Debit (Prepaid),YES,2,20.0,2008,No,03,2021,09,2008,1753,8282
5410,3,Mastercard,Debit,NO,1,4581.0,2009,No,06,2008,10,2006,1753,9492
5411,0,Visa,Debit,YES,1,18116.0,2010,No,02,2023,01,2010,1754,5618
5412,1,Mastercard,Debit,YES,1,23082.0,2009,No,03,2020,06,2009,1754,3351
5413,2,Visa,Credit,YES,2,19100.0,2008,No,09,2015,01,2008,1754,3543
5414,3,Mastercard,Debit,YES,2,23740.0,2014,No,08,2023,10,2006,1754,9581
5415,4,Mastercard,Debit,YES,1,22242.0,2012,No,11,2021,02,1996,1754,7667
5416,5,Visa,Credit,YES,2,12700.0,2011,No,09,2020,06,2011,1754,7714
5417,0,Visa,Credit,YES,2,5000.0,2020,No,02,2024,02,2020,1755,7082
5418,1,Mastercard,Debit,YES,1,7640.0,2020,No,01,2020,01,2020,1755,1335
5419,0,Visa,Debit,NO,1,6789.0,2009,No,06,2020,01,2007,1756,3273
5420,1,Mastercard,Credit,YES,1,6600.0,2019,No,10,2024,12,2019,1756,4908
5421,0,Mastercard,Debit,YES,2,898.0,2007,No,09,2023,10,2004,1757,4540
5422,0,Mastercard,Debit,NO,1,137669.0,2010,No,05,2023,12,2010,1758,1095
5423,1,Visa,Credit,YES,1,58100.0,2011,No,08,2023,04,2006,1758,0982
5424,2,Visa,Credit,YES,2,49300.0,2010,No,06,2020,07,2009,1758,6056
5425,3,Mastercard,Debit,YES,1,92828.0,2016,No,01,2023,12,2016,1758,9840
5426,4,Mastercard,Credit,YES,2,55300.0,2010,No,10,2022,11,2010,1758,4283
5427,0,Mastercard,Debit (Prepaid),NO,2,71.0,2020,No,02,2024,01,2020,1759,9250
5428,1,Mastercard,Debit,YES,1,11591.0,2011,No,02,2022,03,2011,1759,8670
5429,2,Mastercard,Debit,YES,1,8633.0,2011,No,07,2019,08,2011,1759,7764
5430,3,Visa,Debit,YES,1,12496.0,2010,No,02,2024,06,2008,1759,1296
5431,0,Mastercard,Debit (Prepaid),YES,2,4.0,2009,No,01,2009,05,2007,1760,7101
5432,1,Visa,Credit,YES,2,8000.0,2012,No,01,2023,02,2012,1760,7499
5433,2,Discover,Credit,YES,1,8600.0,2011,No,05,2022,11,2011,1760,6008
5434,0,Visa,Debit (Prepaid),YES,1,71.0,2013,No,05,2020,11,2013,1761,7391
5435,1,Visa,Debit,YES,2,11347.0,2009,No,11,2023,10,2006,1761,9524
5436,2,Visa,Credit,YES,1,8800.0,2012,No,01,2024,08,2007,1761,4007
5437,3,Visa,Credit,YES,1,14700.0,2016,No,07,2023,07,2016,1761,1703
5438,0,Visa,Debit,YES,2,9661.0,2015,No,05,2010,05,2008,1762,6108
5439,1,Visa,Debit,YES,2,26872.0,2015,No,03,2015,02,2006,1762,4351
5440,2,Mastercard,Debit (Prepaid),YES,1,102.0,2010,No,03,2020,02,2010,1762,8478
5441,0,Mastercard,Debit,NO,1,10767.0,2008,No,04,2023,09,2008,1763,7679
5442,1,Mastercard,Debit,YES,1,14393.0,2020,No,11,2024,02,2020,1763,5075
5443,0,Visa,Debit (Prepaid),YES,2,62.0,2020,No,01,2024,02,2020,1764,8148
5444,0,Visa,Credit,YES,2,25300.0,2009,No,10,2020,01,2006,1765,9132
5445,1,Visa,Debit,NO,1,28884.0,2015,No,08,2021,02,2010,1765,5805
5446,2,Visa,Debit,YES,1,2696.0,2013,No,08,2024,09,2008,1765,5801
5447,3,Visa,Credit,YES,1,9200.0,2013,No,03,2013,01,2013,1765,1071
5448,0,Mastercard,Debit,NO,2,21005.0,2010,No,08,2019,11,2009,1766,9218
5449,0,Mastercard,Debit,NO,1,18689.0,2009,No,01,2023,03,2008,1767,3460
5450,1,Mastercard,Credit,YES,1,9300.0,2008,No,04,2020,01,2008,1767,5917
5451,2,Mastercard,Debit,YES,2,9789.0,2013,No,07,2022,05,2003,1767,0781
5452,3,Mastercard,Debit,YES,2,11694.0,2012,No,03,2024,01,2010,1767,8940
5453,4,Visa,Debit,YES,1,11592.0,2015,No,06,2023,08,1998,1767,8155
5454,5,Mastercard,Credit,YES,1,8100.0,2010,No,12,2014,12,2010,1767,0212
5455,6,Mastercard,Debit,YES,1,11647.0,2017,No,11,2021,08,2017,1767,8870
5456,0,Visa,Debit,NO,1,10693.0,2020,No,04,2022,02,2020,1768,6636
5457,0,Mastercard,Debit,YES,1,10776.0,2013,No,09,2020,09,2013,1769,3011
5458,1,Discover,Credit,YES,1,6300.0,2011,No,06,2021,05,2002,1769,9862
5459,2,Discover,Credit,YES,2,5600.0,2015,No,02,2019,04,2015,1769,6832
5460,0,Visa,Credit,YES,1,7900.0,2009,No,07,2021,09,2005,1770,6162
5461,1,Visa,Debit,YES,2,19442.0,2010,No,11,2021,08,2010,1770,0882
5462,0,Mastercard,Credit,YES,2,7500.0,2008,No,02,2024,04,2008,1771,3652
5463,0,Visa,Credit,YES,2,2000.0,2020,No,11,2021,01,2020,1772,5908
5464,1,Visa,Debit,YES,1,10800.0,2020,No,10,2024,02,2020,1772,1215
5465,0,Amex,Credit,NO,2,3900.0,2010,No,09,2017,08,1999,1773,4226
5466,0,Visa,Credit,YES,2,5500.0,2013,No,10,2024,09,2013,1774,6764
5467,1,Visa,Credit,YES,2,16400.0,2015,No,04,2020,01,1995,1774,4714
5468,2,Visa,Debit (Prepaid),YES,2,53.0,2012,No,05,2021,08,2006,1774,9483
5469,3,Mastercard,Debit,NO,1,17883.0,2017,No,11,2013,02,2009,1774,8598
5470,4,Mastercard,Debit,YES,2,12212.0,2006,No,08,2024,06,2006,1774,3021
5471,0,Visa,Credit,YES,1,15800.0,2015,No,11,2023,05,2009,1775,7695
5472,1,Mastercard,Credit,YES,1,26400.0,2008,No,12,2024,08,2005,1775,7716
5473,2,Mastercard,Debit,YES,2,25993.0,2013,No,09,2021,09,2013,1775,6953
5474,3,Visa,Debit (Prepaid),YES,2,59.0,2013,No,05,2022,07,2013,1775,5386
5475,0,Mastercard,Debit (Prepaid),YES,2,8.0,2011,No,08,2023,06,2011,1776,5541
5476,1,Mastercard,Debit,NO,2,1955.0,2013,No,07,2020,02,2005,1776,2324
5477,0,Visa,Debit,YES,1,7159.0,2011,No,09,2022,07,2010,1777,8174
5478,1,Mastercard,Debit,YES,1,12172.0,2016,No,10,2021,05,2016,1777,1494
5479,2,Mastercard,Debit,YES,2,10889.0,2010,No,01,2021,04,2008,1777,1805
5480,0,Mastercard,Credit,YES,2,10800.0,2010,No,02,2020,04,2007,1778,5453
5481,1,Mastercard,Debit (Prepaid),YES,1,58.0,2012,No,12,2013,05,2012,1778,5509
5482,2,Mastercard,Credit,YES,1,11000.0,2009,No,02,2023,06,2009,1778,2455
5483,3,Amex,Credit,YES,2,12700.0,2008,No,11,2024,09,2004,1778,7311
5484,4,Mastercard,Credit,YES,1,10100.0,2009,No,09,2012,11,2009,1778,8889
5485,0,Amex,Credit,NO,1,11300.0,2007,No,02,2022,06,2003,1779,7243
5486,1,Visa,Debit,YES,1,26596.0,2015,No,12,2020,04,2006,1779,8318
5487,2,Mastercard,Debit,YES,2,1807.0,2013,No,01,2023,11,2008,1779,1395
5488,3,Discover,Credit,YES,1,9700.0,2005,No,07,2024,11,2002,1779,9617
5489,4,Mastercard,Credit,YES,1,12300.0,2010,No,03,2020,12,2005,1779,0670
5490,0,Visa,Debit,YES,1,40914.0,2011,No,10,2024,11,2011,1780,4936
5491,1,Visa,Debit,YES,1,21749.0,2008,No,09,2021,04,1999,1780,0562
5492,2,Visa,Debit,YES,1,39491.0,2014,No,10,2024,09,2014,1780,5778
5493,0,Visa,Debit,YES,2,97352.0,2019,No,06,2021,03,2007,1781,7153
5494,1,Visa,Debit,NO,2,5921.0,2010,No,04,2021,04,2009,1781,0965
5495,2,Mastercard,Debit,YES,2,54057.0,2012,No,10,2023,11,2003,1781,7772
5496,3,Mastercard,Debit,NO,2,64565.0,2019,No,02,2021,02,2009,1781,7818
5497,4,Visa,Credit,YES,1,36700.0,2013,No,06,2022,10,2013,1781,0968
5498,0,Mastercard,Debit,YES,1,7175.0,2017,No,06,2022,09,2010,1782,0154
5499,1,Amex,Credit,YES,1,2800.0,2011,No,10,2024,10,2002,1782,1168
5500,0,Visa,Credit,YES,2,3600.0,2006,No,08,2023,04,2006,1783,0708
5501,1,Visa,Debit,YES,1,30348.0,2010,No,09,2020,08,2009,1783,5352
5502,0,Visa,Credit,YES,2,6000.0,2012,No,06,2022,09,2012,1784,9979
5503,0,Visa,Credit,YES,1,1700.0,2010,No,01,2023,06,2010,1785,3381
5504,0,Visa,Debit,YES,2,10755.0,2020,No,07,2006,09,2003,1786,2398
5505,1,Mastercard,Debit,YES,2,61262.0,2016,No,11,2023,12,2003,1786,7564
5506,2,Amex,Credit,YES,1,0.0,2009,No,01,2013,07,2001,1786,5330
5507,0,Mastercard,Credit,YES,2,3500.0,2020,No,06,2023,02,2020,1787,4664
5508,0,Mastercard,Credit,YES,2,7100.0,2017,No,01,2018,05,2017,1788,2050
5509,0,Mastercard,Debit (Prepaid),YES,2,51.0,2013,No,09,2022,02,2009,1789,1021
5510,1,Mastercard,Debit,YES,2,11457.0,2016,No,02,2022,01,2010,1789,1246
5511,2,Mastercard,Debit,NO,2,1563.0,2011,No,06,2023,02,2002,1789,6101
5512,0,Visa,Debit,YES,2,37325.0,2014,No,07,2021,11,2014,1790,7505
5513,1,Mastercard,Credit,NO,1,14200.0,2016,No,10,2022,05,2008,1790,9261
5514,2,Mastercard,Debit,YES,1,28815.0,2015,No,09,2021,06,2008,1790,3115
5515,3,Mastercard,Debit (Prepaid),YES,2,85.0,2010,No,02,2021,02,2010,1790,3795
5516,4,Visa,Debit,YES,2,15285.0,2009,No,11,2018,07,2009,1790,1900
5517,0,Mastercard,Debit,YES,2,10636.0,2011,No,07,2023,01,2011,1791,9960
5518,1,Visa,Debit,YES,1,12891.0,2013,No,10,2015,01,2013,1791,1310
5519,2,Mastercard,Debit,YES,1,11885.0,2013,No,10,2021,08,2013,1791,5189
5520,0,Mastercard,Debit,YES,2,2849.0,2012,No,02,2017,11,2003,1792,8660
5521,1,Visa,Debit,YES,1,3867.0,2009,No,08,2023,09,2009,1792,8860
5522,2,Visa,Debit,YES,2,6688.0,2016,No,10,2021,01,2010,1792,4934
5523,3,Mastercard,Debit,YES,2,8021.0,2018,No,12,2020,05,2001,1792,8718
5524,0,Mastercard,Debit,YES,1,27201.0,2011,No,05,2022,03,2011,1793,6520
5525,1,Visa,Credit,YES,2,12800.0,2009,No,12,2020,12,2007,1793,7271
5526,2,Mastercard,Debit (Prepaid),YES,2,96.0,2011,No,03,2020,01,2004,1793,9576
5527,3,Mastercard,Debit,NO,2,16426.0,2011,No,05,2023,11,2011,1793,9424
5528,0,Visa,Credit,YES,1,9100.0,2020,No,11,2021,02,2020,1794,0108
5529,0,Visa,Debit,YES,1,14546.0,2008,No,01,2023,09,2001,1795,0187
5530,1,Discover,Credit,YES,1,8400.0,2013,No,12,2020,03,1997,1795,1266
5531,2,Mastercard,Debit,YES,2,10815.0,2020,No,10,2020,11,2009,1795,5557
5532,3,Mastercard,Credit,NO,1,4000.0,2012,No,03,2021,12,2008,1795,2965
5533,0,Visa,Debit,YES,1,11254.0,2018,No,05,2020,04,1999,1796,1413
5534,1,Visa,Debit,YES,2,2271.0,2008,No,09,2020,04,2008,1796,6314
5535,2,Visa,Debit,YES,2,6311.0,2013,No,12,2007,05,2000,1796,8020
5536,3,Amex,Credit,YES,1,13700.0,2012,No,02,2020,01,2012,1796,4763
5537,0,Mastercard,Credit,YES,1,14300.0,2015,No,09,2024,09,2015,1797,3241
5538,0,Mastercard,Credit,YES,2,14600.0,2020,No,02,2020,02,2020,1798,1105
5539,0,Mastercard,Credit,YES,2,7100.0,2017,No,06,2021,03,2017,1799,9788
5540,0,Mastercard,Debit,YES,1,4534.0,2010,No,01,2024,01,2009,1800,8338
5541,1,Visa,Credit,YES,2,4200.0,2019,No,07,2021,08,2019,1800,7879
5542,2,Mastercard,Debit,NO,1,27117.0,2005,No,05,2024,12,2005,1800,5131
5543,0,Mastercard,Debit,NO,2,14404.0,2015,No,04,2023,04,2007,1801,9677
5544,1,Mastercard,Debit,YES,2,6360.0,2016,No,08,2012,03,2007,1801,2108
5545,2,Mastercard,Debit,YES,1,4701.0,2017,No,11,2020,03,2002,1801,9983
5546,0,Mastercard,Debit,YES,1,13793.0,2019,No,05,2024,07,2019,1802,9782
5547,1,Mastercard,Debit,YES,1,27569.0,2012,No,12,2012,06,2012,1802,6119
5548,2,Amex,Credit,YES,1,10400.0,2011,No,05,2021,01,2011,1802,9506
5549,0,Visa,Debit,NO,1,14959.0,2011,No,02,2021,07,2011,1803,2358
5550,1,Visa,Debit,YES,2,19713.0,2017,No,10,2022,07,2017,1803,0504
5551,2,Mastercard,Debit (Prepaid),YES,1,90.0,2015,No,03,2022,01,2015,1803,4543
5552,0,Amex,Credit,YES,2,15500.0,2020,No,02,2020,02,2020,1804,7853
5553,1,Visa,Credit,NO,1,19200.0,2020,No,05,2023,01,2020,1804,3949
5554,0,Visa,Debit,YES,1,16610.0,2020,No,06,2020,01,2020,1805,7532
5555,1,Visa,Debit,YES,1,21793.0,2013,No,06,2023,05,2013,1805,1867
5556,2,Visa,Debit,NO,1,15261.0,2020,No,07,2022,01,2020,1805,5816
5557,3,Visa,Debit,YES,1,25919.0,2011,No,04,2024,01,2011,1805,4573
5558,0,Mastercard,Debit,YES,2,4546.0,2010,No,01,2016,01,2004,1806,1773
5559,1,Discover,Credit,YES,2,9600.0,2020,No,07,2022,02,2020,1806,0910
5560,0,Visa,Debit,YES,1,9238.0,2020,No,04,2024,02,2020,1807,9526
5561,1,Mastercard,Debit,YES,2,15474.0,2020,No,10,2022,02,2020,1807,3618
5562,0,Amex,Credit,YES,2,9500.0,2015,No,07,2022,07,2008,1808,2116
5563,1,Visa,Debit,YES,1,7030.0,2011,No,04,2003,01,2001,1808,5456
5564,2,Mastercard,Debit (Prepaid),YES,2,25.0,2010,No,05,2020,10,2009,1808,8417
5565,0,Mastercard,Debit,YES,2,15125.0,2014,No,08,2024,05,2014,1809,6314
5566,1,Visa,Credit,YES,2,13200.0,2010,No,06,2020,02,2010,1809,8514
5567,2,Mastercard,Debit (Prepaid),YES,2,130.0,2014,No,09,2006,08,2006,1809,5379
5568,0,Visa,Debit,YES,1,13193.0,2017,No,11,2023,01,2017,1810,5962
5569,1,Mastercard,Debit,YES,1,16187.0,2011,No,05,2020,09,2011,1810,0556
5570,0,Mastercard,Debit,YES,2,1627.0,2013,No,10,2020,10,2000,1811,9592
5571,1,Mastercard,Credit,YES,2,5600.0,2008,No,10,2007,01,2006,1811,4529
5572,2,Mastercard,Credit,YES,1,9600.0,2016,No,09,2024,12,2003,1811,5686
5573,0,Amex,Credit,YES,1,89900.0,2020,No,07,2020,02,2020,1812,5638
5574,1,Amex,Credit,YES,2,44100.0,2020,No,07,2024,02,2020,1812,4239
5575,0,Visa,Debit,YES,2,19446.0,2020,No,02,2020,02,2020,1813,6610
5576,0,Visa,Credit,NO,2,29900.0,2017,No,08,2023,03,2010,1814,5954
5577,1,Mastercard,Debit,YES,1,33506.0,2011,No,03,2017,12,2008,1814,7218
5578,0,Visa,Debit,YES,1,20971.0,2020,No,07,2023,01,2020,1815,6885
5579,1,Mastercard,Debit (Prepaid),YES,2,65.0,2009,No,06,2020,05,2006,1815,6788
5580,0,Visa,Debit,YES,2,18808.0,2013,No,06,2019,09,2011,1816,2213
5581,1,Mastercard,Debit,NO,2,8723.0,2020,No,07,2021,02,2020,1816,4803
5582,0,Mastercard,Debit,YES,2,28003.0,2009,No,12,2016,04,2009,1817,7811
5583,1,Mastercard,Debit,YES,2,15972.0,2013,No,07,2022,04,2013,1817,9097
5584,2,Visa,Debit,YES,1,22342.0,2014,No,10,2018,08,2014,1817,4610
5585,3,Mastercard,Debit,NO,1,21058.0,2015,No,04,2020,06,2015,1817,3575
5586,0,Mastercard,Debit (Prepaid),YES,2,26.0,2020,No,04,2021,01,2020,1818,3879
5587,0,Visa,Debit,NO,1,24605.0,2020,No,08,2023,02,2020,1819,7583
5588,1,Mastercard,Debit,YES,2,23529.0,2020,No,11,2021,01,2020,1819,4195
5589,2,Visa,Debit,YES,2,20780.0,2020,No,01,2023,02,2020,1819,3891
5590,0,Visa,Credit,YES,2,3900.0,2012,No,11,2022,04,2012,1820,0137
5591,0,Mastercard,Debit,YES,2,4392.0,2017,No,07,2024,10,2010,1821,6306
5592,0,Mastercard,Credit,YES,1,12300.0,2013,No,10,2020,05,2010,1822,9928
5593,1,Amex,Credit,YES,2,11100.0,2016,No,04,2024,02,2016,1822,1360
5594,2,Visa,Debit (Prepaid),YES,2,93.0,2019,No,11,2020,07,2019,1822,4583
5595,3,Mastercard,Credit,YES,1,9500.0,2015,No,07,2024,09,2010,1822,7867
5596,0,Visa,Credit,YES,1,12000.0,2011,No,11,2022,12,2004,1823,8273
5597,1,Mastercard,Debit,YES,2,11999.0,2015,No,07,2020,01,2007,1823,8376
5598,2,Mastercard,Credit,YES,2,0.0,2019,No,01,2021,06,2019,1823,6142
5599,3,Mastercard,Debit,YES,2,18991.0,2011,No,09,2021,12,2005,1823,9099
5600,4,Mastercard,Debit,YES,1,27146.0,2011,No,10,2024,02,2006,1823,9648
5601,0,Visa,Debit (Prepaid),YES,2,32.0,2009,No,10,2024,01,2002,1824,3724
5602,1,Visa,Debit,YES,2,19103.0,2011,No,04,2023,03,2002,1824,3663
5603,2,Visa,Credit,YES,2,11400.0,2016,No,10,2021,03,2016,1824,3384
5604,0,Visa,Debit (Prepaid),YES,1,75.0,2007,No,10,2023,10,2005,1825,8370
5605,0,Visa,Credit,YES,1,12700.0,2020,No,12,2020,03,2010,1826,6227
5606,1,Mastercard,Debit (Prepaid),YES,1,61.0,2012,No,05,2023,10,2004,1826,4198
5607,2,Discover,Credit,YES,2,24400.0,2011,No,08,2018,02,2010,1826,3018
5608,3,Mastercard,Debit,YES,2,32895.0,2005,No,02,2023,09,2004,1826,6715
5609,4,Mastercard,Credit,YES,1,14300.0,2010,No,09,2006,02,2005,1826,4521
5610,0,Mastercard,Credit,NO,1,9400.0,2020,No,11,2023,01,2020,1827,0062
5611,1,Mastercard,Debit,YES,1,11364.0,2020,No,01,2024,01,2020,1827,1641
5612,0,Visa,Debit,YES,1,24308.0,2011,No,07,2023,05,2006,1828,8319
5613,1,Mastercard,Debit,YES,1,26328.0,2005,No,07,2011,12,2004,1828,8573
5614,2,Visa,Debit,YES,1,21655.0,2009,No,06,2018,05,2006,1828,0528
5615,3,Visa,Debit,YES,1,23300.0,2012,No,01,2022,01,2012,1828,8530
5616,4,Visa,Credit,YES,1,15900.0,2013,No,05,2023,07,2010,1828,2614
5617,5,Mastercard,Credit,YES,2,8500.0,2011,No,03,2023,08,2008,1828,9894
5618,0,Visa,Debit (Prepaid),YES,1,60.0,2020,No,09,2020,01,2020,1829,5879
5619,1,Visa,Debit,NO,2,15234.0,2020,No,02,2021,02,2020,1829,8303
5620,2,Visa,Debit,YES,2,30870.0,2020,No,10,2022,01,2020,1829,3046
5621,3,Visa,Debit,YES,1,30155.0,2020,No,03,2021,01,2020,1829,9993
5622,0,Mastercard,Debit,YES,1,23088.0,2018,No,03,2020,04,2018,1830,9320
5623,0,Mastercard,Debit,YES,2,23397.0,2020,No,12,2024,02,2020,1831,6806
5624,1,Mastercard,Credit,YES,2,9100.0,2020,No,03,2022,01,2020,1831,8367
5625,0,Visa,Credit,YES,2,6600.0,2020,No,02,2020,01,2020,1832,8484
5626,1,Mastercard,Credit,YES,2,7000.0,2011,No,02,2020,03,2011,1832,7195
5627,0,Amex,Credit,YES,1,11600.0,2009,No,12,2001,07,1998,1833,4504
5628,1,Amex,Credit,YES,2,0.0,2020,No,12,2022,02,2020,1833,9012
5629,2,Mastercard,Debit,YES,2,14699.0,2016,No,11,2022,08,2016,1833,4662
5630,3,Mastercard,Debit,YES,2,20289.0,2011,No,07,2022,10,2011,1833,0029
5631,0,Mastercard,Debit,YES,2,16474.0,2010,No,12,2024,02,2010,1834,6556
5632,1,Visa,Debit,YES,2,3356.0,2020,No,02,2020,02,2020,1834,9689
5633,2,Visa,Debit,YES,2,14679.0,2020,No,02,2020,01,2020,1834,0765
5634,3,Discover,Credit,YES,2,4300.0,2012,No,08,2020,08,2012,1834,7419
5635,0,Mastercard,Debit,YES,1,946.0,2015,No,09,2021,11,2003,1835,8947
5636,1,Mastercard,Debit,YES,2,7720.0,2007,No,04,2024,10,2007,1835,7814
5637,2,Mastercard,Credit,YES,2,3500.0,2014,No,08,2015,05,2014,1835,4485
5638,0,Visa,Credit,YES,1,13700.0,2017,No,04,2023,04,2017,1836,0027
5639,1,Visa,Credit,YES,1,16700.0,2007,No,02,2024,08,2007,1836,8403
5640,0,Visa,Credit,YES,1,18800.0,2020,No,08,2021,01,2020,1837,2488
5641,0,Mastercard,Debit,YES,2,15518.0,2011,No,04,2020,04,2007,1838,3319
5642,1,Visa,Debit,YES,2,27313.0,2017,No,10,2024,08,2017,1838,7195
5643,2,Mastercard,Debit,YES,1,21989.0,2009,No,06,2022,04,2009,1838,1046
5644,3,Discover,Credit,YES,1,12900.0,2013,No,02,2020,09,2010,1838,0812
5645,4,Mastercard,Debit,YES,2,20026.0,2010,No,10,2021,10,2008,1838,7223
5646,0,Visa,Debit,YES,2,10676.0,2013,No,03,2023,10,2013,1839,7452
5647,1,Mastercard,Debit,YES,2,27447.0,2010,No,07,2023,06,2008,1839,1743
5648,2,Mastercard,Debit,YES,2,16617.0,2011,No,01,2019,05,2010,1839,5219
5649,3,Visa,Debit,YES,2,12173.0,2020,No,09,2020,01,2020,1839,8834
5650,0,Mastercard,Debit,NO,1,2105.0,2020,No,12,2021,02,2020,1840,8803
5651,0,Mastercard,Debit,YES,1,16678.0,2015,No,04,2023,12,2015,1841,3264
5652,1,Mastercard,Debit,YES,1,14123.0,2006,No,03,2020,07,2003,1841,1805
5653,2,Visa,Debit,YES,1,11281.0,2020,No,07,2023,02,2020,1841,3920
5654,3,Mastercard,Credit,NO,2,10300.0,2006,No,09,2021,01,1998,1841,5576
5655,4,Visa,Debit (Prepaid),YES,2,102.0,2011,No,04,2020,05,2004,1841,2403
5656,0,Visa,Debit,YES,1,11254.0,2012,No,12,2019,12,2012,1842,4196
5657,1,Visa,Debit,NO,2,10703.0,2018,No,05,2023,10,2018,1842,4351
5658,2,Mastercard,Credit,YES,1,5000.0,2016,No,04,2021,01,2006,1842,1526
5659,3,Mastercard,Debit,YES,2,8002.0,2020,No,09,2021,02,2020,1842,4433
5660,0,Visa,Debit,YES,2,18969.0,2010,No,01,2012,03,2010,1843,2281
5661,1,Mastercard,Debit,YES,1,12931.0,2013,No,04,2019,02,2013,1843,7312
5662,0,Visa,Debit,YES,2,18112.0,2011,No,07,2008,05,2008,1844,4536
5663,0,Visa,Debit,YES,1,13034.0,2006,No,06,2021,11,2006,1845,1924
5664,1,Visa,Debit (Prepaid),YES,1,71.0,2017,No,04,2021,10,2017,1845,5440
5665,2,Visa,Debit,YES,1,10374.0,2007,No,05,2021,02,2007,1845,7726
5666,3,Visa,Debit,YES,1,13382.0,2014,No,09,2016,08,2014,1845,0501
5667,4,Visa,Debit,YES,1,11063.0,2011,No,02,2020,07,2006,1845,1151
5668,0,Mastercard,Credit,YES,2,700.0,2020,No,03,2020,01,2020,1846,7351
5669,0,Mastercard,Debit (Prepaid),YES,2,55.0,2011,No,02,2023,12,2009,1847,3849
5670,0,Visa,Debit,YES,1,18358.0,2010,No,01,2024,02,2007,1848,9577
5671,1,Visa,Credit,YES,1,8700.0,2010,No,10,2022,06,2001,1848,2654
5672,2,Mastercard,Debit,YES,2,1966.0,2011,No,12,2009,12,2009,1848,0318
5673,0,Mastercard,Debit,YES,1,13257.0,2012,No,11,2017,05,2012,1849,1232
5674,1,Visa,Debit,YES,1,20297.0,2019,No,12,2019,11,2019,1849,6777
5675,0,Visa,Credit,YES,2,7500.0,2020,No,04,2023,02,2020,1850,5871
5676,0,Mastercard,Debit,YES,1,31696.0,2015,No,10,2018,06,2006,1851,0351
5677,0,Amex,Credit,YES,2,7400.0,2012,No,09,2010,02,2010,1852,0844
5678,1,Visa,Debit,NO,2,7644.0,2010,No,11,2022,01,2010,1852,0231
5679,0,Visa,Credit,NO,1,13600.0,2011,No,06,2021,04,2007,1853,1425
5680,1,Mastercard,Debit (Prepaid),YES,1,40.0,2011,No,11,2022,04,2008,1853,1141
5681,2,Mastercard,Debit (Prepaid),YES,2,61.0,2013,No,08,2007,07,2000,1853,7430
5682,3,Mastercard,Debit,YES,1,7597.0,2005,No,07,2022,02,2002,1853,5497
5683,4,Visa,Credit,NO,2,9900.0,2006,No,07,2024,04,2005,1853,3775
5684,0,Mastercard,Debit,YES,2,7898.0,2014,No,12,2021,02,2007,1854,9739
5685,1,Amex,Credit,YES,1,12700.0,2019,No,02,2020,12,2019,1854,2838
5686,2,Visa,Debit,NO,1,34329.0,2010,No,04,2018,12,2003,1854,7532
5687,0,Mastercard,Debit,NO,1,25206.0,2018,No,08,2021,03,2006,1855,7886
5688,1,Mastercard,Debit (Prepaid),YES,1,89.0,2012,No,10,2021,09,2002,1855,1348
5689,2,Visa,Debit,YES,3,15143.0,2014,No,04,2024,03,2010,1855,6977
5690,0,Mastercard,Credit,YES,2,12700.0,2010,No,10,2010,05,2010,1856,5982
5691,1,Visa,Debit (Prepaid),YES,2,53.0,2009,No,04,2024,09,2009,1856,3529
5692,2,Mastercard,Debit (Prepaid),YES,2,67.0,2016,No,07,2023,07,2009,1856,8180
5693,3,Mastercard,Debit,NO,2,22839.0,2015,No,04,2020,07,2010,1856,9990
5694,0,Mastercard,Debit,YES,1,17252.0,2020,No,05,2024,01,2020,1857,7695
5695,1,Visa,Debit,YES,1,19103.0,2011,No,03,2024,03,2011,1857,4738
5696,2,Visa,Debit,NO,1,15619.0,2014,No,05,2020,07,2014,1857,8889
5697,3,Mastercard,Debit,YES,1,17512.0,2018,No,02,2020,03,2018,1857,4628
5698,4,Visa,Credit,YES,1,9300.0,2008,No,11,2020,01,2008,1857,5464
5699,5,Discover,Credit,YES,2,9300.0,2011,No,03,2021,06,2011,1857,3477
5700,6,Mastercard,Debit,YES,1,13584.0,2019,No,01,2021,09,2019,1857,4866
5701,0,Amex,Credit,YES,2,8300.0,2020,No,02,2020,02,2020,1858,1264
5702,1,Visa,Credit,YES,1,7000.0,2020,No,10,2024,01,2020,1858,6106
5703,2,Mastercard,Debit (Prepaid),YES,1,80.0,2020,No,01,2020,01,2020,1858,5606
5704,3,Visa,Debit,YES,1,3678.0,2020,No,02,2020,01,2020,1858,7798
5705,4,Mastercard,Debit,YES,1,5826.0,2020,No,02,2020,01,2020,1858,4587
5706,0,Amex,Credit,YES,2,8200.0,2020,No,03,2024,02,2020,1859,5899
5707,1,Discover,Credit,YES,1,13000.0,2013,No,10,2023,04,2013,1859,5390
5708,2,Mastercard,Debit,YES,2,20430.0,2016,No,05,2022,06,2016,1859,3906
5709,3,Mastercard,Credit,YES,1,8300.0,2020,No,02,2020,01,2020,1859,7474
5710,0,Mastercard,Debit,YES,1,10882.0,2017,No,07,2019,04,2017,1860,6637
5711,1,Visa,Debit,YES,1,19454.0,2013,No,03,2022,06,2013,1860,4993
5712,2,Mastercard,Debit,YES,1,19624.0,2014,No,02,2020,05,2014,1860,0680
5713,3,Amex,Credit,YES,1,8700.0,2010,No,08,2012,02,2010,1860,0622
5714,4,Mastercard,Credit,YES,1,8000.0,2020,No,12,2020,01,2020,1860,8071
5715,5,Visa,Debit,YES,1,14540.0,2002,No,03,2020,09,2002,1860,3649
5716,6,Mastercard,Credit,YES,1,7300.0,2013,No,06,2023,08,2010,1860,7818
5717,0,Visa,Credit,YES,2,12200.0,2010,No,03,2015,06,2010,1861,2968
5718,1,Visa,Credit,YES,1,5000.0,2013,No,01,2021,06,2013,1861,6252
5719,2,Mastercard,Credit,YES,1,11200.0,2010,No,03,2020,10,2010,1861,8437
5720,3,Visa,Credit,NO,2,11200.0,2011,No,07,2016,12,2010,1861,5583
5721,4,Visa,Debit,YES,1,26730.0,2010,No,12,2012,08,2008,1861,4192
5722,0,Mastercard,Credit,YES,2,11500.0,2014,No,07,2017,01,2014,1862,8518
5723,1,Mastercard,Debit,YES,2,16747.0,2020,No,10,2022,02,2020,1862,1771
5724,2,Visa,Debit,YES,1,11574.0,2009,No,09,2011,04,2006,1862,6363
5725,3,Mastercard,Debit,NO,1,13772.0,2009,No,06,2008,01,2007,1862,4085
5726,0,Visa,Debit,YES,1,271.0,2012,No,02,2021,04,2009,1863,9861
5727,1,Amex,Credit,YES,2,16100.0,2014,No,05,2022,10,2014,1863,2832
5728,2,Mastercard,Debit,YES,2,11039.0,2020,No,02,2020,02,2020,1863,5973
5729,0,Mastercard,Credit,YES,2,19800.0,2012,No,08,2017,09,2012,1864,3249
5730,0,Discover,Credit,YES,2,5700.0,2013,No,11,2024,04,2013,1865,1875
5731,1,Mastercard,Credit,NO,1,7200.0,2012,No,03,2011,12,2003,1865,1776
5732,2,Mastercard,Debit (Prepaid),YES,2,11.0,2013,No,09,2020,02,2009,1865,6950
5733,0,Mastercard,Debit,YES,2,45373.0,2020,No,10,2021,01,2020,1866,9659
5734,1,Visa,Credit,NO,1,21000.0,2015,No,06,2011,06,2007,1866,2821
5735,2,Visa,Debit,YES,1,43287.0,2013,No,08,2021,07,2006,1866,8607
5736,3,Visa,Debit,YES,1,42176.0,2008,No,07,2021,04,2008,1866,6469
5737,4,Mastercard,Debit,YES,2,19789.0,2010,No,03,2022,03,2006,1866,8894
5738,0,Mastercard,Debit,YES,1,24508.0,2009,No,07,2022,03,2008,1867,2158
5739,1,Mastercard,Debit,YES,1,25197.0,2011,No,03,2024,09,2008,1867,3311
5740,0,Mastercard,Credit,YES,2,9300.0,2015,No,10,2022,12,2015,1868,6797
5741,1,Visa,Debit,YES,1,16047.0,2019,No,08,2020,12,2019,1868,5499
5742,0,Mastercard,Debit,YES,1,27795.0,2014,No,12,2023,10,2009,1869,8331
5743,1,Discover,Credit,YES,2,16100.0,2011,No,04,2020,08,2011,1869,1373
5744,0,Mastercard,Debit,YES,2,14027.0,2014,No,05,2023,12,2007,1870,8479
5745,1,Discover,Credit,YES,1,10600.0,2007,No,08,2024,02,2003,1870,0610
5746,0,Visa,Debit,YES,2,26995.0,2009,No,12,2023,07,2000,1871,9410
5747,0,Mastercard,Credit,YES,1,10400.0,2020,No,01,2020,01,2020,1872,1787
5748,1,Mastercard,Credit,YES,2,11400.0,2020,No,09,2023,02,2020,1872,3935
5749,2,Visa,Credit,YES,2,11900.0,2020,No,01,2022,01,2020,1872,2776
5750,0,Visa,Debit,YES,1,29065.0,2020,No,09,2021,02,2020,1873,1092
5751,1,Mastercard,Debit (Prepaid),YES,2,55.0,2020,No,07,2023,01,2020,1873,7876
5752,2,Visa,Debit (Prepaid),YES,1,89.0,2020,No,01,2020,01,2020,1873,7258
5753,0,Mastercard,Credit,YES,2,22800.0,2020,No,03,2020,02,2020,1874,8768
5754,0,Visa,Credit,NO,2,4300.0,2013,No,04,2021,12,2013,1875,4833
5755,1,Visa,Debit,NO,1,38900.0,2013,No,02,2021,06,2013,1875,0462
5756,0,Discover,Credit,NO,1,9500.0,2009,No,11,2012,08,2008,1876,3692
5757,1,Mastercard,Debit,YES,2,17633.0,2020,No,02,2020,02,2020,1876,9377
5758,0,Mastercard,Credit,YES,1,7400.0,2011,No,11,2020,06,2005,1877,5322
5759,1,Mastercard,Debit,YES,1,9001.0,2015,No,07,2024,06,2015,1877,4072
5760,2,Mastercard,Debit,NO,2,9669.0,2011,No,08,2023,04,2008,1877,9872
5761,3,Mastercard,Debit,YES,2,16491.0,2012,No,08,2024,12,2012,1877,0345
5762,4,Visa,Credit,YES,1,7800.0,2012,No,12,2013,05,2006,1877,7147
5763,0,Mastercard,Debit,YES,2,12183.0,2014,No,02,2023,05,2014,1878,5701
5764,1,Visa,Credit,YES,1,8900.0,2016,No,12,2022,09,2010,1878,9473
5765,0,Mastercard,Debit,NO,1,13558.0,2020,No,10,2023,01,2020,1879,7050
5766,1,Visa,Credit,YES,1,12600.0,2020,No,06,2023,02,2020,1879,4516
5767,0,Mastercard,Debit,YES,1,10742.0,2020,No,10,2023,02,2020,1880,0306
5768,1,Visa,Credit,YES,2,8100.0,2020,No,02,2020,01,2020,1880,4146
5769,2,Visa,Debit,YES,1,12240.0,2020,No,10,2024,01,2020,1880,5736
5770,0,Mastercard,Credit,YES,1,28000.0,2007,No,02,2024,05,2007,1881,2913
5771,1,Mastercard,Debit,NO,1,19843.0,2015,No,06,2020,09,2006,1881,2558
5772,2,Visa,Debit,YES,2,4707.0,2010,No,02,2021,08,2010,1881,5049
5773,3,Amex,Credit,YES,1,16200.0,2010,No,01,2024,05,2010,1881,4488
5774,4,Mastercard,Debit (Prepaid),YES,1,58.0,2019,No,10,2020,06,2019,1881,3282
5775,5,Visa,Credit,YES,2,21600.0,2015,No,02,2020,08,2003,1881,0305
5776,6,Mastercard,Debit,YES,2,4707.0,2015,No,01,2022,04,2006,1881,4108
5777,7,Mastercard,Debit,YES,3,27178.0,2011,No,05,2024,07,2011,1881,0389
5778,0,Mastercard,Credit,YES,2,8100.0,2014,No,03,2023,05,2008,1882,8765
5779,1,Mastercard,Debit,YES,2,16815.0,2014,No,02,2024,01,2008,1882,0404
5780,2,Visa,Debit (Prepaid),YES,1,0.0,2012,No,02,2022,06,2009,1882,6128
5781,0,Mastercard,Credit,YES,1,51900.0,2009,No,03,2023,05,2006,1883,6910
5782,1,Mastercard,Credit,YES,1,17700.0,2009,No,02,2020,06,2008,1883,6992
5783,2,Mastercard,Debit,YES,1,47211.0,2010,No,07,2023,04,2010,1883,4197
5784,0,Amex,Credit,NO,2,17800.0,2009,No,03,2024,01,2009,1884,5378
5785,1,Visa,Debit,YES,1,29685.0,2018,No,10,2019,02,2018,1884,0787
5786,2,Visa,Credit,NO,1,12700.0,2013,No,08,2024,06,2010,1884,0920
5787,3,Visa,Debit,YES,1,21744.0,2011,No,08,2022,06,2006,1884,5890
5788,0,Visa,Credit,YES,2,15500.0,2013,No,05,2002,03,1999,1885,7309
5789,1,Mastercard,Debit,YES,2,23154.0,2012,No,05,2022,07,2004,1885,9479
5790,2,Mastercard,Debit,YES,2,8747.0,2009,No,03,2012,03,2009,1885,1063
5791,3,Mastercard,Debit,YES,1,25059.0,2011,No,09,2024,05,2011,1885,1370
5792,0,Mastercard,Credit,YES,2,14200.0,2010,No,04,2018,03,2004,1886,9565
5793,1,Visa,Debit,YES,2,18888.0,2014,No,01,2024,01,2006,1886,5321
5794,2,Mastercard,Debit,NO,2,3099.0,2013,No,10,2023,02,2005,1886,9748
5795,3,Mastercard,Debit,YES,2,10656.0,2011,No,11,2021,09,2004,1886,6941
5796,4,Mastercard,Debit,YES,2,12698.0,2010,No,06,2012,06,2005,1886,4759
5797,0,Visa,Credit,YES,1,10200.0,2012,No,09,2022,08,2008,1887,5254
5798,1,Visa,Credit,YES,2,10100.0,2014,No,04,2015,08,2014,1887,8340
5799,2,Visa,Credit,YES,1,10700.0,2013,No,01,2021,06,2009,1887,4975
5800,3,Amex,Credit,YES,2,6100.0,2008,No,06,2012,02,2007,1887,7815
5801,4,Visa,Credit,YES,2,8800.0,2014,No,10,2023,04,2005,1887,9365
5802,0,Mastercard,Debit,YES,1,21280.0,2018,No,01,2020,06,2018,1888,0269
5803,1,Mastercard,Debit (Prepaid),YES,1,111.0,2010,No,03,2023,11,2000,1888,6757
5804,2,Visa,Debit,YES,1,26608.0,2009,No,01,2024,05,2009,1888,1165
5805,3,Visa,Debit,YES,2,37619.0,2016,No,03,2022,11,2016,1888,6581
5806,0,Mastercard,Debit,YES,1,25422.0,2008,No,09,2020,06,2002,1889,9038
5807,0,Visa,Debit,YES,2,16053.0,2014,No,12,2020,10,2014,1890,6288
5808,1,Amex,Credit,YES,1,8400.0,2014,No,07,2022,03,2001,1890,8890
5809,2,Mastercard,Debit,YES,1,14385.0,2012,No,09,2021,07,2010,1890,7206
5810,3,Mastercard,Debit,YES,2,1607.0,2011,No,12,2020,10,2009,1890,8234
5811,4,Mastercard,Debit (Prepaid),YES,2,51.0,2007,No,12,2015,03,2005,1890,0837
5812,5,Visa,Debit,YES,2,5646.0,2019,No,09,2023,06,2007,1890,4320
5813,0,Visa,Debit,YES,1,20887.0,2008,No,10,2021,08,2008,1891,4238
5814,1,Amex,Credit,YES,1,9500.0,2005,No,08,2022,06,2005,1891,7034
5815,2,Visa,Debit,YES,2,8960.0,2014,No,08,2024,07,2008,1891,9282
5816,0,Mastercard,Debit,YES,2,15822.0,2013,No,05,2022,07,2013,1892,6429
5817,1,Mastercard,Debit,YES,1,17057.0,2013,No,08,2023,12,2013,1892,2493
5818,2,Mastercard,Credit,YES,2,14500.0,2019,No,04,2021,03,2005,1892,2795
5819,0,Mastercard,Debit,YES,2,14146.0,2020,No,01,2023,01,2020,1893,3604
5820,1,Mastercard,Debit,YES,1,22392.0,2020,No,03,2020,01,2020,1893,6050
5821,0,Mastercard,Debit,YES,2,21084.0,2015,No,09,2013,12,2009,1894,7121
5822,1,Mastercard,Debit,YES,2,11889.0,2014,No,03,2024,05,2002,1894,1971
5823,0,Mastercard,Credit,YES,1,8600.0,2006,No,10,2009,11,2005,1895,7697
5824,1,Visa,Debit,YES,1,1740.0,2010,No,09,2023,08,2010,1895,4208
5825,2,Mastercard,Debit,YES,1,16908.0,2013,No,06,2022,09,2001,1895,5012
5826,3,Mastercard,Debit,YES,1,15591.0,2012,No,07,2022,05,2001,1895,0839
5827,4,Mastercard,Debit,YES,2,20974.0,2007,No,05,2008,07,2006,1895,9584
5828,5,Mastercard,Credit,YES,1,7200.0,2020,No,05,2022,01,2020,1895,4741
5829,6,Amex,Credit,NO,1,8500.0,2010,No,02,2024,04,2009,1895,9805
5830,0,Mastercard,Debit,YES,1,28666.0,2010,No,08,2022,08,2004,1896,0390
5831,1,Mastercard,Debit,NO,2,24334.0,2020,No,02,2022,01,2020,1896,2414
5832,2,Amex,Credit,YES,2,13100.0,2013,No,02,2020,05,2007,1896,2228
5833,3,Mastercard,Debit (Prepaid),YES,2,53.0,2012,No,01,2011,09,2008,1896,3509
5834,4,Mastercard,Debit,YES,1,16898.0,2013,No,11,2021,05,2006,1896,2938
5835,5,Amex,Credit,YES,2,9600.0,2008,No,02,2021,10,2007,1896,8136
5836,0,Amex,Credit,YES,2,6800.0,2010,No,04,2005,04,2004,1897,1613
5837,1,Amex,Credit,YES,2,9900.0,2006,No,10,2024,06,2001,1897,0364
5838,2,Mastercard,Debit (Prepaid),YES,2,52.0,2011,No,08,2018,01,2008,1897,8128
5839,0,Mastercard,Credit,YES,2,19600.0,2013,No,08,2020,12,2001,1898,3287
5840,1,Visa,Credit,YES,2,19300.0,2010,No,10,2022,03,2010,1898,0594
5841,2,Visa,Debit,YES,1,42253.0,2020,No,10,2020,02,2020,1898,4669
5842,3,Mastercard,Debit,YES,1,21997.0,2011,No,06,2023,01,2009,1898,9152
5843,0,Visa,Debit,YES,2,20902.0,2015,No,02,2020,10,2008,1899,4802
5844,1,Visa,Debit,YES,2,2284.0,2017,No,01,2021,02,2004,1899,6819
5845,0,Visa,Credit,YES,1,19800.0,2020,No,03,2022,02,2020,1900,3674
5846,1,Mastercard,Debit,YES,1,18364.0,2020,No,06,2020,01,2020,1900,9521
5847,0,Amex,Credit,YES,1,6500.0,2016,No,05,2018,12,2005,1901,7525
5848,1,Mastercard,Debit,YES,2,1200.0,2010,No,05,2024,11,2010,1901,3528
5849,2,Visa,Credit,YES,1,6300.0,2015,No,07,2022,05,2015,1901,6812
5850,3,Visa,Debit,YES,1,13496.0,2020,No,08,2024,02,2020,1901,6695
5851,4,Visa,Debit,NO,2,10636.0,2017,No,03,2022,06,2017,1901,9860
5852,5,Visa,Credit,YES,1,7000.0,2018,No,02,2020,01,2006,1901,9173
5853,0,Discover,Credit,YES,2,10000.0,2020,No,10,2022,02,2020,1902,4995
5854,1,Visa,Credit,YES,2,5700.0,2015,No,02,2020,08,2015,1902,9417
5855,0,Visa,Debit,YES,1,9845.0,2020,No,02,2020,01,2020,1903,7927
5856,1,Mastercard,Debit,YES,2,13597.0,2020,No,01,2024,01,2020,1903,7710
5857,0,Mastercard,Credit,YES,1,10300.0,2017,No,10,2015,07,2001,1904,1831
5858,1,Mastercard,Debit,YES,2,17775.0,2008,No,09,2007,09,2000,1904,0781
5859,2,Mastercard,Debit,YES,2,6056.0,2011,No,07,2021,07,2011,1904,3249
5860,3,Visa,Debit,YES,1,1736.0,2012,No,08,2020,06,2003,1904,8194
5861,4,Mastercard,Debit,YES,1,20573.0,2014,No,05,2022,12,2006,1904,0623
5862,0,Discover,Credit,YES,1,18400.0,2011,No,12,2024,12,2011,1905,9968
5863,1,Mastercard,Debit,YES,2,12610.0,2007,No,07,2024,10,2001,1905,5557
5864,2,Mastercard,Debit,YES,2,10471.0,2010,No,08,2020,01,2008,1905,6293
5865,3,Amex,Credit,YES,2,25100.0,2010,No,02,2023,06,2010,1905,5986
5866,0,Mastercard,Credit,YES,2,10200.0,2020,No,03,2022,01,2020,1906,1656
5867,1,Mastercard,Debit,NO,1,13460.0,2016,No,09,2022,08,2016,1906,2193
5868,0,Visa,Debit,NO,1,9765.0,2020,No,04,2022,02,2020,1907,4453
5869,1,Mastercard,Credit,YES,1,5900.0,2020,No,09,2023,01,2020,1907,0087
5870,2,Mastercard,Debit (Prepaid),YES,1,62.0,2020,No,09,2021,02,2020,1907,7986
5871,0,Mastercard,Debit,YES,1,10673.0,2020,No,03,2020,01,2020,1908,6149
5872,1,Mastercard,Debit,NO,2,14959.0,2013,No,11,2023,12,2010,1908,9285
5873,2,Visa,Debit,YES,2,4924.0,2013,No,10,2015,05,2009,1908,4468
5874,0,Visa,Credit,YES,1,12900.0,2010,No,06,2020,11,2008,1909,8180
5875,1,Amex,Credit,YES,2,4300.0,2013,No,03,2021,05,2013,1909,3195
5876,2,Mastercard,Debit,YES,2,16134.0,2010,No,07,2024,08,2007,1909,6263
5877,3,Visa,Credit,YES,2,7900.0,2006,No,07,2023,07,2005,1909,6481
5878,0,Visa,Debit,YES,1,15204.0,2014,No,11,2020,04,2014,1910,5368
5879,1,Mastercard,Debit,YES,2,12282.0,2020,No,10,2022,02,2020,1910,9382
5880,2,Mastercard,Debit (Prepaid),YES,1,79.0,2017,No,03,2020,09,2017,1910,3449
5881,0,Mastercard,Debit,YES,2,22679.0,2010,No,02,2015,05,2010,1911,0452
5882,1,Visa,Credit,YES,1,5500.0,2020,No,02,2020,01,2020,1911,8044
5883,2,Mastercard,Credit,YES,1,8400.0,2013,No,12,2012,02,2010,1911,2753
5884,0,Discover,Credit,YES,2,6900.0,2015,No,06,2022,02,2010,1912,9645
5885,1,Visa,Debit,YES,1,14217.0,2013,No,08,2022,05,1997,1912,8652
5886,2,Mastercard,Debit,YES,1,9226.0,2015,No,02,2024,08,1997,1912,2182
5887,3,Discover,Credit,YES,2,4000.0,2008,No,02,2020,07,2008,1912,6582
5888,4,Visa,Credit,YES,2,10600.0,2015,No,05,2024,01,2006,1912,5850
5889,0,Mastercard,Debit (Prepaid),YES,1,69.0,2020,No,04,2020,01,2020,1913,3806
5890,1,Mastercard,Debit,NO,2,10964.0,2020,No,11,2024,01,2020,1913,4292
5891,2,Mastercard,Debit,NO,1,8651.0,2020,No,07,2023,02,2020,1913,0864
5892,3,Mastercard,Debit,YES,1,9800.0,2014,No,07,2017,05,2014,1913,2893
5893,0,Visa,Credit,YES,2,9200.0,2009,No,06,2019,06,2009,1914,0248
5894,1,Visa,Debit,YES,1,17231.0,2008,No,08,2021,01,2008,1914,3753
5895,0,Visa,Debit,YES,2,21782.0,2020,No,05,2022,01,2020,1915,3564
5896,0,Visa,Debit,YES,1,16736.0,2020,No,01,2020,01,2020,1916,3986
5897,1,Mastercard,Debit,YES,1,16986.0,2020,No,04,2023,02,2020,1916,2827
5898,0,Mastercard,Debit,YES,2,5521.0,2015,No,04,2024,04,2008,1917,3321
5899,0,Visa,Debit,YES,2,27776.0,2009,No,01,2023,03,2005,1918,0689
5900,1,Amex,Credit,YES,1,10800.0,2012,No,05,2021,12,2002,1918,2121
5901,2,Mastercard,Credit,YES,1,4300.0,2015,No,05,2016,06,2015,1918,2936
5902,3,Mastercard,Credit,YES,1,11300.0,2010,No,10,2020,12,2000,1918,4597
5903,0,Mastercard,Debit,YES,1,31164.0,2020,No,05,2023,02,2020,1919,0951
5904,1,Amex,Credit,YES,1,13900.0,2003,No,08,2020,10,2003,1919,4393
5905,2,Visa,Debit,YES,2,23834.0,2014,No,11,2023,04,2001,1919,3576
5906,0,Visa,Debit,YES,1,9599.0,2010,No,11,2021,11,2010,1920,5625
5907,1,Visa,Debit,YES,1,8177.0,2013,No,09,2021,07,2013,1920,1808
5908,2,Amex,Credit,YES,1,6100.0,2019,No,01,2015,02,2008,1920,8882
5909,3,Mastercard,Debit,YES,2,3658.0,2016,No,07,2020,10,2010,1920,7516
5910,0,Visa,Credit,YES,2,8100.0,2015,No,08,2022,09,2009,1921,0514
5911,1,Mastercard,Credit,YES,2,7900.0,2009,No,04,2005,05,2004,1921,0046
5912,2,Mastercard,Debit (Prepaid),YES,2,57.0,2020,No,05,2024,02,2020,1921,0711
5913,3,Mastercard,Debit,YES,1,12170.0,2017,No,08,2020,07,2017,1921,5482
5914,4,Amex,Credit,YES,2,10400.0,2009,No,09,2024,11,2007,1921,4644
5915,0,Mastercard,Credit,YES,1,12000.0,2009,No,12,2024,12,2007,1922,0953
5916,1,Visa,Credit,YES,2,16600.0,2010,No,10,2022,02,2010,1922,4368
5917,2,Mastercard,Debit,NO,1,13900.0,2012,No,05,2023,03,2012,1922,8999
5918,0,Mastercard,Debit,NO,2,11817.0,2009,No,01,2019,05,2006,1923,2267
5919,1,Visa,Debit,YES,1,1433.0,2010,No,05,2015,03,2010,1923,5135
5920,2,Mastercard,Debit,YES,1,11982.0,2013,No,07,2022,01,2009,1923,2550
5921,3,Mastercard,Debit,YES,1,5440.0,2010,No,09,2022,04,2010,1923,5028
5922,0,Visa,Debit,YES,1,32269.0,2014,No,10,2020,05,2014,1924,9978
5923,1,Mastercard,Debit (Prepaid),YES,1,68.0,2011,No,07,2010,06,2010,1924,6267
5924,2,Mastercard,Debit,YES,2,25390.0,2011,No,08,2022,04,2011,1924,4506
5925,0,Mastercard,Debit (Prepaid),YES,2,73.0,2020,No,09,2021,01,2020,1925,7306
5926,0,Mastercard,Debit,YES,1,14895.0,2020,No,01,2021,02,2020,1926,5840
5927,1,Visa,Credit,YES,2,7100.0,2020,No,11,2022,02,2020,1926,4250
5928,0,Mastercard,Debit,YES,1,12829.0,2020,No,02,2020,02,2020,1927,9461
5929,1,Mastercard,Debit,YES,1,19508.0,2012,No,07,2024,07,2012,1927,7560
5930,2,Visa,Credit,YES,1,12700.0,2015,No,05,2021,09,2009,1927,7471
5931,3,Amex,Credit,YES,1,13700.0,2020,No,02,2020,01,2020,1927,6959
5932,4,Mastercard,Debit,YES,1,26467.0,2007,No,09,2022,03,2005,1927,5889
5933,5,Visa,Debit,YES,2,25059.0,2011,No,12,2011,12,2011,1927,4772
5934,6,Visa,Debit,YES,2,17403.0,2010,No,09,2021,05,2007,1927,0434
5935,0,Visa,Credit,YES,2,7400.0,2014,No,07,2024,01,2014,1928,8188
5936,1,Amex,Credit,YES,2,14300.0,2012,No,07,2020,05,2008,1928,5965
5937,2,Mastercard,Debit,YES,2,8262.0,2018,No,10,2024,09,2003,1928,6048
5938,3,Visa,Credit,YES,1,7700.0,2014,No,04,2018,08,2014,1928,4307
5939,0,Visa,Debit (Prepaid),YES,2,37.0,2020,No,06,2020,01,2020,1929,4576
5940,0,Visa,Debit,NO,1,13767.0,2012,No,11,2015,10,2012,1930,3365
5941,1,Visa,Debit (Prepaid),YES,1,90.0,2014,No,05,2020,01,2014,1930,2737
5942,2,Mastercard,Debit,YES,2,11408.0,2010,No,05,2006,04,2003,1930,7150
5943,0,Visa,Credit,YES,2,2400.0,2014,No,04,2020,03,2014,1931,1503
5944,1,Visa,Credit,YES,2,18600.0,2011,No,11,2024,02,2008,1931,1481
5945,2,Mastercard,Debit,YES,2,15422.0,2009,No,02,2024,12,1999,1931,8396
5946,0,Visa,Debit,YES,2,19575.0,2009,No,11,2024,09,2009,1932,1346
5947,1,Visa,Debit (Prepaid),YES,2,62.0,2011,No,10,2020,04,2011,1932,2409
5948,2,Mastercard,Credit,NO,1,10800.0,2009,No,02,2018,05,2007,1932,4871
5949,3,Amex,Credit,YES,2,12400.0,2010,No,07,2013,12,2008,1932,7599
5950,4,Visa,Debit,YES,1,30314.0,2007,No,11,2022,10,2005,1932,4202
5951,5,Mastercard,Debit,YES,1,16317.0,2010,No,11,2020,04,2008,1932,9013
5952,6,Visa,Debit,YES,1,26033.0,2012,No,01,2023,09,2012,1932,2036
5953,7,Visa,Credit,NO,1,11600.0,2008,No,04,2023,11,2004,1932,7551
5954,0,Discover,Credit,YES,2,14800.0,2011,No,03,2022,12,2010,1933,5569
5955,1,Mastercard,Debit,YES,2,4183.0,2010,No,09,2024,09,2010,1933,9231
5956,2,Mastercard,Debit,YES,1,6732.0,2010,No,03,2024,02,2010,1933,4789
5957,0,Amex,Credit,YES,1,8200.0,2013,No,08,2021,06,2009,1934,3806
5958,1,Mastercard,Debit,NO,2,1726.0,2014,No,02,2024,11,2009,1934,0626
5959,2,Visa,Debit,NO,2,20318.0,2015,No,06,2020,05,1996,1934,4914
5960,3,Mastercard,Debit (Prepaid),YES,2,42.0,2017,No,09,2023,07,2008,1934,4244
5961,0,Mastercard,Debit,YES,1,18654.0,2013,No,09,2020,08,2013,1935,8270
5962,1,Mastercard,Debit,YES,1,11219.0,2010,No,08,2023,09,2000,1935,2978
5963,2,Mastercard,Debit,YES,1,11143.0,2015,No,11,2018,04,2015,1935,4310
5964,3,Visa,Credit,NO,1,6900.0,2012,No,05,2022,07,2009,1935,3967
5965,4,Mastercard,Debit,YES,2,12861.0,2008,No,04,2019,01,2004,1935,0778
5966,0,Mastercard,Debit,YES,1,12801.0,2011,No,01,2021,07,2007,1936,7681
5967,1,Visa,Credit,YES,2,6300.0,2020,No,03,2024,02,2020,1936,3895
5968,0,Amex,Credit,YES,1,12900.0,2020,No,07,2022,01,2020,1937,8264
5969,1,Amex,Credit,YES,2,12800.0,2020,No,04,2022,01,2020,1937,9905
5970,0,Mastercard,Debit,YES,2,3861.0,2020,No,02,2020,01,2020,1938,8362
5971,1,Visa,Debit,YES,2,8024.0,2011,No,08,2007,11,2005,1938,4371
5972,2,Visa,Debit,YES,2,16452.0,2020,No,02,2020,02,2020,1938,6656
5973,0,Mastercard,Debit,YES,1,24326.0,2011,No,12,2020,05,2011,1939,2429
5974,1,Discover,Credit,YES,2,9600.0,2012,No,04,2017,02,2007,1939,9457
5975,2,Mastercard,Credit,YES,2,5400.0,2010,No,11,2020,07,2009,1939,4456
5976,3,Visa,Debit,YES,1,26158.0,2011,No,12,2014,09,2011,1939,4430
5977,4,Mastercard,Debit (Prepaid),YES,1,65.0,2009,No,12,2023,01,2009,1939,0457
5978,5,Visa,Debit,YES,1,24674.0,2010,No,07,2024,12,2008,1939,0284
5979,6,Visa,Debit,NO,1,14484.0,2012,No,11,2022,06,2012,1939,8408
5980,0,Mastercard,Debit,YES,1,20765.0,2014,No,01,2021,07,2010,1940,4167
5981,1,Mastercard,Credit,YES,2,17100.0,2016,No,04,2021,12,2016,1940,1911
5982,0,Mastercard,Credit,YES,1,3600.0,2009,No,02,2022,09,2009,1941,0807
5983,0,Mastercard,Debit,YES,1,14139.0,2020,No,03,2023,01,2020,1942,8192
5984,0,Visa,Credit,YES,1,10600.0,2020,No,04,2024,01,2020,1943,8312
5985,1,Mastercard,Debit,YES,1,22844.0,2020,No,01,2020,01,2020,1943,1834
5986,2,Mastercard,Debit,YES,1,15212.0,2020,No,03,2020,01,2020,1943,6969
5987,3,Discover,Credit,YES,2,17300.0,2020,No,05,2022,02,2020,1943,0596
5988,0,Mastercard,Debit,YES,2,13088.0,2020,No,10,2022,01,2020,1944,2805
5989,1,Amex,Credit,YES,1,5700.0,2020,No,01,2020,01,2020,1944,7923
5990,2,Mastercard,Debit,YES,1,19294.0,2020,No,02,2020,02,2020,1944,8127
5991,0,Mastercard,Debit,YES,2,8876.0,2020,No,01,2020,01,2020,1945,6520
5992,0,Visa,Debit,YES,1,9922.0,2011,No,12,2013,10,2006,1946,2529
5993,1,Visa,Debit,YES,1,14514.0,2015,No,11,2024,11,2015,1946,7542
5994,2,Visa,Debit,NO,1,14464.0,2008,No,01,2023,04,2007,1946,0069
5995,3,Mastercard,Credit,YES,1,10600.0,2009,No,01,2021,11,2005,1946,4217
5996,0,Mastercard,Credit,NO,1,5900.0,2011,No,09,2018,09,2010,1947,2775
5997,1,Mastercard,Debit,YES,2,5082.0,2009,No,10,2024,08,2008,1947,6379
5998,2,Visa,Debit,NO,1,7003.0,2012,No,05,2016,03,2006,1947,4773
5999,3,Mastercard,Debit,YES,2,7364.0,2009,No,07,2024,04,2004,1947,2419
6000,4,Mastercard,Debit,YES,1,9513.0,2009,No,12,2020,12,2009,1947,9909
6001,0,Mastercard,Debit,YES,2,17063.0,2020,No,04,2024,01,2020,1948,1755
6002,0,Mastercard,Credit,YES,2,5700.0,2016,No,02,2020,12,2016,1949,6890
6003,1,Visa,Credit,YES,1,8600.0,2009,No,03,2023,11,2004,1949,2199
6004,2,Mastercard,Debit,YES,1,12586.0,2010,No,05,2024,04,2009,1949,9086
6005,0,Mastercard,Debit,YES,1,36967.0,2020,No,02,2020,02,2020,1950,3563
6006,1,Mastercard,Debit,YES,2,28458.0,2020,No,02,2020,02,2020,1950,0180
6007,0,Mastercard,Credit,YES,2,5500.0,2009,No,10,2020,05,2009,1951,3073
6008,1,Visa,Debit,YES,1,26222.0,2010,No,10,2022,10,2010,1951,1598
6009,0,Mastercard,Debit,YES,2,21802.0,2011,No,12,2023,09,2011,1952,1714
6010,1,Amex,Credit,YES,2,13100.0,2011,No,02,2021,06,2011,1952,4707
6011,2,Mastercard,Debit,YES,2,17079.0,2012,No,11,2021,11,2012,1952,2609
6012,0,Visa,Credit,YES,2,31500.0,2008,No,12,2020,10,2008,1953,7905
6013,1,Mastercard,Debit,YES,1,51412.0,2008,No,02,2024,08,1997,1953,7648
6014,0,Visa,Credit,YES,1,0.0,2009,No,05,2019,05,2009,1954,2818
6015,0,Mastercard,Debit,YES,2,13746.0,2007,No,06,2021,03,2005,1955,9921
6016,0,Visa,Debit,YES,1,30023.0,2015,No,03,2022,12,2015,1956,0141
6017,1,Visa,Credit,YES,2,14300.0,2009,No,04,2024,03,2000,1956,3207
6018,0,Visa,Debit,YES,1,18137.0,2011,No,02,2023,12,2008,1957,3032
6019,1,Amex,Credit,YES,3,10700.0,2020,No,08,2020,01,2020,1957,6636
6020,2,Mastercard,Credit,YES,1,10000.0,2015,No,12,2021,01,2015,1957,3910
6021,0,Visa,Debit (Prepaid),YES,2,82.0,2020,No,03,2024,02,2020,1958,0275
6022,0,Mastercard,Debit,YES,1,15976.0,2012,No,06,2021,04,2012,1959,1003
6023,1,Mastercard,Debit,YES,1,34560.0,2011,No,03,2023,10,2003,1959,5949
6024,2,Visa,Credit,YES,1,18600.0,2013,No,07,2020,03,2009,1959,1975
6025,3,Mastercard,Debit (Prepaid),YES,1,65.0,2014,No,05,2020,04,2001,1959,4446
6026,4,Visa,Debit,YES,1,15374.0,2016,No,03,2022,10,2004,1959,6148
6027,0,Visa,Credit,YES,1,16700.0,2020,No,09,2022,02,2020,1960,5404
6028,1,Mastercard,Debit,NO,1,20534.0,2020,No,07,2023,01,2020,1960,9120
6029,0,Mastercard,Debit,YES,2,24939.0,2020,No,12,2024,01,2020,1961,4269
6030,1,Mastercard,Credit,YES,1,15200.0,2020,No,04,2020,01,2020,1961,6453
6031,0,Visa,Credit,YES,2,13700.0,2012,No,07,2014,04,2002,1962,4202
6032,1,Mastercard,Debit,YES,2,7949.0,2010,No,02,2023,12,2007,1962,3168
6033,2,Discover,Credit,YES,1,9300.0,2020,No,04,2020,01,2020,1962,4912
6034,3,Mastercard,Debit,YES,1,21862.0,2011,No,06,2023,08,2011,1962,2977
6035,4,Mastercard,Debit,NO,2,15988.0,2017,No,04,2020,06,2017,1962,2541
6036,5,Mastercard,Debit,NO,1,17112.0,2012,No,12,2014,09,2012,1962,8846
6037,6,Mastercard,Debit,YES,1,27063.0,2013,No,10,2024,11,2013,1962,6517
6038,7,Mastercard,Debit,YES,2,24656.0,2008,No,04,2021,11,2007,1962,9037
6039,0,Visa,Debit,YES,2,1436.0,2005,No,04,2022,02,2005,1963,7550
6040,0,Visa,Credit,YES,1,18700.0,2010,No,07,2014,11,2000,1964,4627
6041,1,Visa,Debit,YES,1,8420.0,2012,No,02,2011,11,2008,1964,6189
6042,2,Mastercard,Debit (Prepaid),YES,1,35.0,2010,No,10,2022,10,2010,1964,9395
6043,0,Mastercard,Debit,YES,1,22995.0,2014,No,12,2022,08,2014,1965,4585
6044,1,Visa,Debit,YES,1,37620.0,2011,No,07,2023,06,2011,1965,0998
6045,2,Visa,Debit,YES,1,18220.0,2011,No,12,2018,03,2010,1965,4284
6046,3,Amex,Credit,YES,1,11100.0,2016,No,01,2022,06,2008,1965,6905
6047,0,Mastercard,Debit (Prepaid),YES,1,76.0,2008,No,04,2017,04,2008,1966,2231
6048,1,Mastercard,Debit,YES,1,47183.0,2014,No,10,2021,01,2014,1966,4489
6049,2,Mastercard,Debit,YES,2,44912.0,2020,No,02,2024,02,2020,1966,8319
6050,0,Visa,Debit,YES,1,7721.0,2010,No,02,2023,07,2010,1967,6573
6051,0,Visa,Credit,NO,2,23400.0,2020,No,11,2023,01,2020,1968,0460
6052,1,Visa,Debit,YES,1,12039.0,2020,No,06,2023,01,2020,1968,4882
6053,2,Visa,Debit,YES,2,10971.0,2020,No,03,2020,02,2020,1968,6885
6054,3,Mastercard,Debit,YES,2,14570.0,2020,No,02,2022,01,2020,1968,0481
6055,4,Visa,Debit,YES,2,12195.0,2020,No,10,2022,01,2020,1968,9704
6056,0,Mastercard,Debit,YES,1,9061.0,2020,No,02,2020,02,2020,1969,1142
6057,1,Mastercard,Debit,YES,2,10964.0,2013,No,08,2023,08,2013,1969,3856
6058,2,Amex,Credit,YES,2,6900.0,2020,No,07,2021,02,2020,1969,5690
6059,0,Mastercard,Debit,YES,1,26107.0,2020,No,06,2023,01,2020,1970,1383
6060,1,Visa,Debit (Prepaid),YES,1,76.0,2020,No,01,2020,01,2020,1970,4633
6061,2,Mastercard,Debit,YES,2,19613.0,2020,No,05,2020,02,2020,1970,7185
6062,3,Visa,Debit,YES,1,17569.0,2020,No,10,2021,01,2020,1970,3939
6063,0,Visa,Debit,YES,2,10099.0,2020,No,10,2021,02,2020,1971,7236
6064,0,Amex,Credit,YES,1,15200.0,2017,No,05,2020,08,2005,1972,3944
6065,1,Mastercard,Debit,YES,1,13844.0,2011,No,03,2023,07,2003,1972,0942
6066,0,Mastercard,Debit,YES,1,18748.0,2020,No,04,2023,02,2020,1973,4183
6067,1,Mastercard,Debit,YES,2,13733.0,2020,No,10,2020,02,2020,1973,7191
6068,2,Mastercard,Debit,YES,2,20623.0,2020,No,12,2021,02,2020,1973,2442
6069,0,Mastercard,Debit (Prepaid),YES,2,39.0,2020,No,07,2023,01,2020,1974,3429
6070,0,Mastercard,Debit,YES,1,12759.0,2011,No,01,2019,09,2011,1975,0709
6071,1,Mastercard,Debit,NO,1,19554.0,2007,No,12,2022,11,2004,1975,7779
6072,0,Mastercard,Debit,NO,2,21274.0,2009,No,04,2023,01,2008,1976,7682
6073,1,Visa,Debit (Prepaid),YES,1,25.0,2013,No,08,2022,06,2006,1976,6354
6074,2,Mastercard,Debit,YES,2,12868.0,2012,No,01,2023,04,2005,1976,0254
6075,0,Visa,Debit (Prepaid),YES,1,80.0,2018,No,01,2020,02,2018,1977,5993
6076,1,Mastercard,Debit,YES,2,18244.0,2013,No,01,2023,09,2013,1977,7798
6077,2,Mastercard,Debit,YES,2,11402.0,2015,No,06,2024,04,2015,1977,7940
6078,0,Mastercard,Credit,YES,1,7200.0,2013,No,06,2020,06,2013,1978,3632
6079,1,Mastercard,Debit,YES,1,22975.0,2014,No,07,2021,06,2014,1978,9970
6080,0,Visa,Debit,YES,2,5579.0,2010,No,10,2022,04,2005,1979,7248
6081,0,Visa,Debit,NO,1,56039.0,2018,No,10,2022,04,2018,1980,0409
6082,1,Mastercard,Debit,YES,1,28861.0,2014,No,12,2023,04,2014,1980,0015
6083,2,Mastercard,Debit (Prepaid),YES,1,66.0,2009,No,09,2021,10,2009,1980,8120
6084,3,Mastercard,Credit,NO,2,22900.0,2010,No,09,2022,09,2009,1980,0707
6085,0,Mastercard,Credit,YES,1,8500.0,2020,No,11,2023,02,2020,1981,7185
6086,1,Mastercard,Credit,NO,1,3800.0,2007,No,02,2022,04,2007,1981,2180
6087,0,Mastercard,Debit,YES,2,9789.0,2009,No,06,2023,01,2008,1982,6684
6088,1,Amex,Credit,YES,2,10800.0,2012,No,03,2018,12,2012,1982,8537
6089,0,Visa,Credit,YES,1,15100.0,2020,No,07,2021,02,2020,1983,5527
6090,1,Discover,Credit,YES,1,15700.0,2011,No,04,2020,02,2009,1983,5422
6091,2,Visa,Debit,YES,2,7320.0,2015,No,05,2015,06,2006,1983,5931
6092,3,Amex,Credit,NO,2,5600.0,2017,No,06,2018,07,2017,1983,4142
6093,4,Mastercard,Debit,YES,2,12762.0,2010,No,06,2021,07,2003,1983,8636
6094,5,Mastercard,Credit,YES,2,11900.0,2015,No,04,2024,10,2006,1983,0157
6095,0,Discover,Credit,YES,2,16400.0,2008,No,02,2014,12,2005,1984,9955
6096,1,Mastercard,Debit,YES,2,5656.0,2020,No,08,2017,04,2005,1984,7025
6097,2,Visa,Debit (Prepaid),YES,1,107.0,2015,No,02,2024,09,2010,1984,4705
6098,3,Visa,Credit,YES,2,7800.0,2012,No,04,2024,09,2012,1984,1693
6099,4,Visa,Credit,YES,2,7700.0,2015,No,02,2022,07,2005,1984,0935
6100,5,Visa,Debit,NO,3,8033.0,2014,No,12,2022,08,2009,1984,9572
6101,0,Mastercard,Debit (Prepaid),YES,1,56.0,2020,No,12,2022,01,2020,1985,8890
6102,1,Mastercard,Debit,YES,1,21099.0,2020,No,02,2020,02,2020,1985,1578
6103,2,Mastercard,Debit,YES,2,9316.0,2020,No,07,2021,01,2020,1985,1247
6104,0,Mastercard,Debit,NO,2,21971.0,2012,No,01,2022,05,2004,1986,6909
6105,1,Mastercard,Debit,NO,1,10442.0,2016,No,03,2023,03,2008,1986,8076
6106,2,Visa,Credit,NO,2,8100.0,2019,No,08,2019,03,2019,1986,2008
6107,0,Mastercard,Debit,YES,2,9956.0,2011,No,12,2023,03,2011,1987,1175
6108,0,Mastercard,Debit,YES,2,25702.0,2016,No,04,2020,05,2016,1988,7304
6109,1,Mastercard,Debit,YES,1,15435.0,2017,No,09,2019,06,2017,1988,8500
6110,2,Amex,Credit,YES,2,11500.0,2010,No,12,2023,11,2010,1988,5045
6111,0,Mastercard,Debit,YES,1,21244.0,2020,No,09,2023,01,2020,1989,4870
6112,1,Visa,Debit (Prepaid),YES,1,85.0,2009,No,06,2011,01,2009,1989,5510
6113,0,Visa,Credit,YES,1,4000.0,2011,No,03,2023,02,2011,1990,2282
6114,1,Visa,Debit,YES,1,23169.0,2011,No,08,2022,07,2008,1990,3688
6115,2,Visa,Debit,YES,2,16638.0,2015,No,11,2022,02,2015,1990,4938
6116,0,Mastercard,Debit,YES,1,4700.0,2015,No,05,2023,02,2007,1991,6134
6117,1,Visa,Debit,YES,2,3648.0,2009,No,07,2024,04,2009,1991,0437
6118,2,Mastercard,Credit,YES,2,11400.0,2010,No,03,2024,04,2009,1991,4977
6119,3,Visa,Credit,YES,2,7100.0,2009,No,02,2022,01,2008,1991,0039
6120,4,Visa,Debit,YES,2,6204.0,2015,No,06,2019,01,2009,1991,4662
6121,5,Amex,Credit,YES,2,6100.0,2013,No,09,2021,06,2013,1991,5690
6122,0,Visa,Debit (Prepaid),NO,3,61.0,2020,No,12,2020,02,2020,1992,0795
6123,0,Mastercard,Debit,YES,2,15512.0,2014,No,07,2018,10,2014,1993,8266
6124,1,Visa,Debit,YES,2,8332.0,2016,No,06,2022,08,2016,1993,7138
6125,0,Amex,Credit,YES,1,6200.0,2019,No,06,2023,09,2019,1994,1783
6126,1,Mastercard,Debit,YES,1,23152.0,2013,No,08,2021,01,2013,1994,8943
6127,2,Mastercard,Debit (Prepaid),YES,2,81.0,2010,No,09,2020,10,1998,1994,9504
6128,3,Mastercard,Debit,YES,1,11812.0,2010,No,08,2024,06,2010,1994,8623
6129,4,Visa,Debit,YES,2,12483.0,2016,No,01,2020,06,2016,1994,9819
6130,5,Visa,Credit,YES,1,9100.0,2010,No,08,2022,10,2009,1994,8261
6131,0,Visa,Debit,YES,2,21787.0,2020,No,02,2021,01,2020,1995,7342
6132,1,Discover,Credit,YES,2,12000.0,2020,No,01,2020,01,2020,1995,7197
6133,2,Mastercard,Debit,YES,1,26265.0,2020,No,02,2020,02,2020,1995,2204
6134,0,Visa,Debit,YES,2,27317.0,2010,No,08,2012,01,2010,1996,3580
6135,1,Visa,Debit,YES,2,15094.0,2011,No,01,2023,09,2009,1996,3090
6136,2,Discover,Credit,NO,1,18300.0,2013,No,02,2023,03,2007,1996,3185
6137,0,Mastercard,Debit,NO,2,19756.0,2014,No,06,2018,10,2014,1997,0049
6138,1,Mastercard,Debit,NO,1,17116.0,2012,No,01,2022,02,2012,1997,4849
6139,2,Visa,Credit,YES,1,11100.0,2009,No,09,2021,01,2002,1997,6012
6140,3,Mastercard,Debit,YES,1,2468.0,2005,No,11,2021,02,2005,1997,5389
6141,0,Mastercard,Debit,YES,1,16415.0,2016,No,07,2024,07,2016,1998,9509
6142,1,Amex,Credit,YES,1,6900.0,2013,No,01,2024,11,2000,1998,2003
6143,2,Visa,Credit,YES,2,5700.0,2012,No,01,2021,04,2012,1998,6018
6144,0,Mastercard,Credit,NO,2,9200.0,2012,No,08,2020,02,2012,1999,5914
6145,0,Mastercard,Debit,YES,1,28074.0,2020,No,01,2020,01,2020,2000,7462
6146,1,Visa,Credit,YES,1,14400.0,2017,No,12,2020,05,2017,2000,3994
