user_id,person,current_age,retirement_age,birth_year,birth_month,gender,city,state,zipcode,per_capita_income_zipcode,yearly_income_person,total_debt,fico_score
1,Hazel Robinson,53,66,1966,11,Female,La Verne,CA,91750,29278.0,59696.0,127613.0,787
2,Sasha Sadr,53,68,1966,12,Female,Little Neck,NY,11363,37891.0,77254.0,191349.0,701
3,Saanvi Lee,81,67,1938,11,Female,West Covina,CA,91792,22681.0,33483.0,196.0,698
4,Everlee Clark,63,63,1957,1,Female,New York,NY,10069,163145.0,249925.0,202328.0,722
5,Kyle Peterson,43,70,1976,9,Male,San Francisco,CA,94117,53797.0,109687.0,183855.0,675
6,Aldo Walker,42,70,1977,10,Male,Davenport,IA,52803,20599.0,41997.0,0.0,704
7,Katalina Lewis,36,67,1983,12,Female,Louisville,KY,40299,25258.0,51500.0,102286.0,672
8,Ryland Howard,26,67,1993,12,Male,Portland,OR,97214,26790.0,54623.0,114711.0,728
9,Kenya Cooper,81,66,1938,7,Female,Telford,PA,18969,26273.0,42509.0,2895.0,755
10,Sawyer Butler,34,60,1986,1,Female,Abbeville,LA,70510,18730.0,38190.0,81262.0,810
11,Antonio Ryan,27,66,1992,6,Male,Fair Oaks,CA,95628,27548.0,56164.0,15224.0,761
12,Elliot Edwards,29,63,1990,9,Female,Greeley,CO,80634,22427.0,45727.0,94016.0,629
13,Romina Garcia,18,67,2002,1,Female,Cranston,RI,2921,33914.0,69149.0,89214.0,776
14,Keanu Chen,34,62,1985,10,Male,Traverse City,MI,49686,20325.0,41442.0,78833.0,712
15,Poppy Flores,48,62,1971,5,Female,San Antonio,TX,78207,10059.0,20513.0,32509.0,599
16,Riya Cruz,41,68,1978,4,Female,Boise City,OK,73933,11342.0,23123.0,5079.0,723
17,Saul Walker,54,71,1966,1,Male,Henderson,TX,75652,17898.0,36497.0,38333.0,719
18,Anahi Rogers,76,71,1943,8,Female,Flagstaff,AZ,86004,21950.0,27484.0,16803.0,660
19,Cayden Rivera,22,68,1997,11,Male,Charlotte,NC,28269,26481.0,53995.0,89056.0,683
20,Cristiano Jenkins,66,68,1953,10,Male,Tucson,AZ,85711,17460.0,35602.0,55369.0,661
21,Blaine Murphy,28,57,1991,8,Male,Helena,GA,31037,12321.0,25122.0,43205.0,819
22,Grayson Diaz,18,65,2002,1,Male,Portola Valley,CA,94028,106305.0,216740.0,0.0,700
23,Yadiel Miller,76,66,1943,6,Male,Cleveland,OH,44134,19524.0,41109.0,21486.0,698
24,Roland King,70,64,1949,4,Male,Tyronza,AR,72386,14172.0,26858.0,11245.0,712
25,Cole Xi,45,65,1975,1,Male,Central Point,OR,97502,17131.0,34929.0,63849.0,714
26,Jade Green,36,63,1983,8,Female,Mesa,AZ,85201,16829.0,34317.0,61826.0,610
27,Amaya Stewart,40,66,1979,4,Female,Houston,TX,77061,15389.0,31377.0,59615.0,722
28,Grant Gray,37,58,1982,9,Male,Van Nuys,CA,91411,21402.0,43638.0,104052.0,627
29,Oliver Reed,41,67,1978,11,Male,Cookeville,TN,38501,15955.0,32531.0,38260.0,766
30,Aminah Collins,37,72,1983,2,Female,Whites Creek,TN,37189,20657.0,42120.0,72801.0,739
31,Ulises Neufelder,18,64,2001,5,Male,Columbus,OH,43230,28092.0,57281.0,89114.0,850
32,Tristan Hughes,49,66,1970,9,Male,Miami,FL,33175,18828.0,38390.0,87923.0,783
33,Madalynn Gutierrez,33,69,1986,9,Female,Southport,NC,28461,17498.0,35670.0,58182.0,751
34,Rosa Faraday,21,66,1998,9,Female,Old Saybrook,CT,6475,30281.0,61746.0,154817.0,637
35,Brynn Allen,47,65,1972,11,Female,Mobile,AL,36693,21331.0,43496.0,114563.0,765
36,Aden Adams,41,55,1978,8,Male,Sacramento,CA,95829,25431.0,51854.0,72162.0,737
37,Haylee Baker,51,68,1968,4,Female,Chula Vista,CA,91911,16942.0,34540.0,22641.0,793
38,Nehemiah Turner,46,62,1973,11,Male,Hanover Park,IL,60133,20248.0,41287.0,88151.0,662
39,Simon Adams,46,70,1973,10,Male,Seaside,CA,93955,18663.0,38054.0,63293.0,666
40,Sunny King,59,62,1961,2,Female,Northborough,MA,1532,39418.0,80371.0,108499.0,822
41,Harper Jackson,91,68,1929,2,Female,Overland Park,KS,66221,51642.0,84694.0,2149.0,741
42,Thomas Burns,79,72,1941,2,Male,Corpus Christi,TX,78410,23608.0,37503.0,14272.0,706
43,Titan Flores,57,75,1962,12,Male,Chandler,AZ,85226,32056.0,65357.0,21844.0,685
44,Leslie Myers,26,52,1994,1,Female,Immokalee,FL,34142,10819.0,22066.0,38967.0,842
45,Joaquin Parker,42,66,1977,11,Male,Port Orange,FL,32128,21916.0,44681.0,42011.0,770
46,Butch Brooks,26,69,1994,2,Male,Maryland Heights,MO,63043,25163.0,51306.0,68198.0,675
47,Kiera Allen,18,59,2002,2,Female,San Antonio,TX,78210,12677.0,25847.0,46379.0,568
48,Lylah Peres,60,64,1959,11,Female,Longwood,FL,32750,22896.0,46683.0,93126.0,788
49,Ty Jackson,61,66,1958,11,Male,Milwaukee,WI,53210,15487.0,31579.0,52419.0,771
50,Bodhi Nguyen,47,65,1972,10,Male,Camilla,GA,31730,13759.0,28055.0,12475.0,829
51,Chaya Howard,42,68,1977,12,Female,Canton,MI,48188,32078.0,65403.0,80057.0,784
52,Kyleigh Rogers,55,73,1964,11,Female,La Follette,TN,37766,13522.0,27572.0,59404.0,797
53,Mikaela Martin,48,70,1971,12,Female,Inman,SC,29349,18899.0,38539.0,0.0,850
54,Luella Perry,41,57,1978,7,Female,Poca,WV,25159,18666.0,38059.0,68220.0,634
55,Lainey Gutierrez,59,68,1960,11,Female,Leander,TX,78641,25872.0,52754.0,38191.0,693
56,Marvin Anwar,45,59,1975,2,Male,Rego Park,NY,11374,25109.0,51196.0,67164.0,631
57,Holden Taylor,26,70,1993,7,Male,Atlanta,GA,30318,24382.0,49713.0,91776.0,763
58,Aiyana Abe,21,68,1998,4,Female,Toledo,OH,43623,21660.0,44160.0,134173.0,696
59,Milani Merkel,46,59,1973,5,Female,Houston,TX,77056,95039.0,193773.0,241571.0,660
60,Princess Cooper,41,66,1979,2,Female,Mount Union,PA,17066,14650.0,29864.0,44902.0,717
61,Wyatt Davis,22,67,1997,7,Male,San Antonio,TX,78232,28135.0,57367.0,115418.0,795
62,Nathalie Faraday,63,58,1957,2,Female,Black Diamond,WA,98010,32697.0,56635.0,13015.0,786
63,Erik Chen,44,67,1975,3,Male,Ogden,UT,84414,23165.0,47227.0,151030.0,760
64,Gatlin Morris,22,68,1997,10,Male,Fort Worth,TX,76115,12051.0,24574.0,80667.0,674
65,Eloise Bennett,29,65,1991,1,Female,Saint Albans,NY,11412,21283.0,43397.0,42168.0,697
66,Leighton Wood,28,72,1991,6,Female,Oxford,MD,21654,28497.0,58105.0,70254.0,688
67,Layne Butler,82,67,1937,6,Male,Gonzales,TX,78629,15092.0,10869.0,1820.0,820
68,Janiyah Foster,90,66,1929,6,Female,Allentown,PA,18102,12427.0,19893.0,1712.0,566
69,Jagger Braun,63,65,1956,8,Male,Mount Vernon,OH,43050,18019.0,36743.0,71719.0,612
70,Brianna Powell,49,70,1970,7,Female,Trenton,NJ,8610,22747.0,46377.0,79980.0,719
71,Elle Clark,36,69,1983,10,Female,Gardena,CA,90248,24611.0,50179.0,110515.0,743
72,Nathan Merkel,30,65,1989,11,Male,Petaluma,CA,94955,26748.0,54537.0,121987.0,765
73,Kristopher Nelson,23,66,1996,12,Male,Apopka,FL,32712,24155.0,49255.0,6557.0,823
74,Asher Ortiz,42,65,1977,10,Male,Summit Argo,IL,60501,15221.0,31031.0,21853.0,744
75,Tristian Walker,65,66,1955,1,Male,Rockwall,TX,75032,34659.0,70673.0,87605.0,714
76,Emily Parker,87,57,1932,10,Female,Birmingham,AL,35211,13263.0,16342.0,1758.0,747
77,Dangelo Ortiz,22,65,1997,9,Male,Seminole,TX,79360,15183.0,30961.0,42597.0,677
78,Ariana Cook,58,67,1961,3,Female,Islandton,SC,29929,14864.0,30305.0,23392.0,776
79,Santana Myers,30,68,1989,3,Male,Edmond,OK,73034,33736.0,68784.0,198417.0,696
80,Faye Walker,25,71,1994,8,Female,Kalispell,MT,59901,17040.0,34745.0,26503.0,691
81,Rebecca Gonzalez,18,67,2001,11,Female,Baton Rouge,LA,70808,31741.0,64715.0,174664.0,740
82,Nadia Perry,59,69,1961,2,Female,Mars,PA,16046,39464.0,80464.0,76261.0,727
83,Lizbeth Baker,18,67,2002,2,Female,Pittsburgh,PA,15220,24400.0,49748.0,23161.0,748
84,Bryan Fox,61,58,1958,11,Male,Ontario,CA,91764,16113.0,41904.0,12545.0,655
85,Juliette Howard,54,70,1965,9,Female,Newport Coast,CA,92657,96516.0,196784.0,437533.0,729
86,Bella Kelley,27,66,1992,3,Female,Northville,MI,48168,49458.0,100837.0,61377.0,687
87,Jordy Bailey,32,65,1987,6,Male,Fenton,MI,48430,25334.0,51654.0,95454.0,600
88,Amelia Fernandez,64,69,1955,6,Female,Lancaster,OH,43130,18680.0,38088.0,51679.0,691
89,Bjorn Schmidt,18,69,2001,8,Male,Welsh,LA,70591,18082.0,36866.0,0.0,680
90,Skylar James,52,70,1967,9,Male,Oakland,CA,94606,18443.0,37607.0,63689.0,749
91,Mae Farhad,49,66,1970,10,Female,Fort Morgan,CO,80701,16910.0,34480.0,58795.0,696
92,Nikolai Cruz,43,66,1977,1,Male,Madison,WI,53716,23680.0,48279.0,114254.0,719
93,Jared Hill,36,65,1983,7,Male,Panama City,FL,32401,16133.0,32896.0,69800.0,735
94,Jeremias Russell,18,71,2001,6,Male,Perris,CA,92570,14667.0,29909.0,42832.0,664
95,Aubrielle Roman,37,64,1982,12,Female,Minneapolis,MN,55433,23278.0,47464.0,83591.0,716
96,Carla James,23,64,1996,5,Female,San Jose,CA,95129,41750.0,85128.0,108678.0,641
97,Kase Nguyen,54,69,1965,9,Male,Mount Holly,NC,28120,22487.0,45852.0,114746.0,615
98,Annalee Sanders,33,67,1986,7,Female,Glendale,AZ,85301,13024.0,26556.0,43042.0,840
99,Journee Collins,63,67,1956,11,Female,Hollywood,FL,33024,19712.0,40194.0,107765.0,738
100,Trent Davis,22,67,1998,2,Male,Irving,TX,75038,30475.0,62135.0,75209.0,676
101,Zavier Phillips,48,65,1972,1,Male,Cape Coral,FL,33914,19274.0,39303.0,23650.0,702
102,Ivory Peres,63,64,1956,3,Female,Waldorf,MD,20603,35114.0,71593.0,132181.0,821
103,Ace Bailey,75,67,1944,12,Male,Maywood,IL,60153,15451.0,22158.0,19101.0,681
104,Agustin Reyes,62,66,1957,6,Male,Howard Beach,NY,11414,26481.0,53996.0,98211.0,632
105,Hannah Chen,28,73,1991,10,Female,Pensacola,FL,32505,12766.0,26025.0,23971.0,723
106,Zahra Williams,25,69,1994,11,Female,Yonkers,NY,10710,31299.0,63816.0,100128.0,775
107,Estelle Richardson,56,73,1964,1,Female,Apex,NC,27502,32485.0,66230.0,90248.0,742
108,Lochlan Morris,56,56,1963,10,Male,Chicago,IL,60616,25365.0,36335.0,28929.0,676
109,Simone Carter,59,61,1961,2,Female,Westminster,CA,92683,19438.0,39633.0,58586.0,777
110,Zariah Mitchell,43,69,1976,8,Female,Dyer,IN,46311,28048.0,57185.0,0.0,773
111,Samuel Fu,37,69,1982,11,Male,Marietta,GA,30068,40530.0,82637.0,84762.0,739
112,Virginia Gutierrez,60,57,1960,1,Female,Novi,MI,48375,34259.0,31121.0,32768.0,619
113,Isaias Robinson,47,67,1972,11,Male,Gonzales,TX,78629,15092.0,30774.0,51428.0,700
114,Eduardo Wood,48,67,1971,12,Male,Shelbyville,IL,62565,16300.0,33236.0,57549.0,747
115,Parker Howard,35,65,1984,10,Male,Amarillo,TX,79110,18613.0,37947.0,49951.0,683
116,Kendrick Brooks,24,65,1995,11,Male,Wichita,KS,67207,21518.0,43875.0,128146.0,639
117,Maci Diaz,26,66,1993,5,Female,Novato,CA,94947,30335.0,61850.0,81158.0,728
118,Matias Farhad,28,71,1991,5,Male,Savannah,GA,31420,19770.0,40314.0,131348.0,707
119,Silas Ward,26,67,1993,8,Male,Milford,DE,19963,18622.0,37968.0,55982.0,788
120,Roland Gonzalez,41,67,1978,11,Male,Fremont,MI,49412,17145.0,34954.0,45456.0,772
121,Yehuda Jones,40,74,1979,9,Male,Woodland Hills,CA,91364,47055.0,95945.0,222735.0,772
122,Kaelyn Anwar,18,58,2002,2,Female,Fort Gratiot,MI,48059,16598.0,33844.0,42109.0,684
123,Justice Ortiz,66,67,1953,4,Male,Andover,KS,67002,32162.0,65573.0,143069.0,739
124,Messiah Bell,40,66,1979,7,Male,Madison,WI,53704,23840.0,48609.0,43520.0,737
125,Keira Wright,45,70,1974,5,Female,Fernwood,ID,83830,12618.0,25723.0,34007.0,746
126,Caylee Gutierrez,19,72,2000,3,Female,Daphne,AL,36526,25495.0,51984.0,79152.0,691
127,Angel Hill,34,65,1986,2,Male,Oakland,CA,94611,52813.0,107683.0,225017.0,694
128,Bridget Faraday,24,69,1996,2,Female,Perris,CA,92571,16109.0,32847.0,33514.0,721
129,Sebastian Lee,57,66,1963,1,Male,Jackson,MS,39213,11061.0,22556.0,43260.0,645
130,Lizbeth Garcia,35,54,1984,9,Female,Aberdeen,MD,21001,22590.0,46063.0,106528.0,618
131,Ximena Davis,19,65,2000,9,Female,Farmington,CT,6032,46762.0,95348.0,71972.0,706
132,Haley Braun,28,65,1992,1,Female,Wellsville,KS,66092,22158.0,45180.0,13168.0,698
133,Kalel Hughes,37,69,1982,4,Male,Orlando,FL,32822,15137.0,30865.0,55079.0,594
134,Korbin Roman,20,69,1999,11,Male,Avoca,MI,48006,20377.0,41543.0,49021.0,732
135,Kenny Gray,53,73,1966,9,Male,Tyler,TX,75706,14811.0,30198.0,40950.0,693
136,Adilynn Wood,45,64,1974,12,Female,Fort Myers,FL,33901,19621.0,40006.0,72794.0,621
137,Kace Chen,53,68,1966,5,Male,Olathe,KS,66062,30232.0,61646.0,0.0,693
138,Abril Cook,39,67,1980,10,Female,Reisterstown,MD,21136,33175.0,67643.0,0.0,714
139,Ivy Gutierrez,86,71,1933,5,Female,Detroit,MI,48235,13820.0,22650.0,0.0,690
140,Garrett Macron,63,67,1956,10,Male,Brooklyn,NY,11212,14856.0,30288.0,42745.0,689
141,Nolan Sadr,67,65,1952,10,Male,San Francisco,CA,94112,22549.0,47213.0,1082.0,789
142,Marianna Gutierrez,76,66,1943,10,Female,Konawa,OK,74849,15005.0,28215.0,18116.0,697
143,Stetson Thomas,32,55,1987,4,Male,Woodinville,WA,98077,51751.0,105515.0,192458.0,646
144,Vicente Martinez,36,68,1983,12,Male,Bradenton,FL,34207,13972.0,28489.0,6087.0,808
145,Amayah Thomas,63,69,1956,9,Female,Charlotte,NC,28226,39752.0,81048.0,156195.0,781
146,Zelda Ward,19,62,2000,12,Female,Easton,MD,21601,23180.0,47263.0,74853.0,726
147,Drake Howard,19,71,2000,7,Male,Redding,CA,96002,16585.0,33816.0,77770.0,635
148,Danielle Carter,25,69,1994,9,Female,Waukegan,IL,60085,15770.0,32160.0,62803.0,634
149,Kora Bailey,83,65,1936,8,Female,Rio Rico,AZ,85648,15462.0,29494.0,1196.0,689
150,Emery Mitchell,68,63,1951,3,Female,Franklin,TN,37067,36563.0,70554.0,39078.0,655
151,Zayn Nguyen,63,62,1956,9,Male,Wheeling,IL,60090,23098.0,33686.0,24997.0,488
152,Myah Gray,92,72,1927,8,Female,Tucson,AZ,85749,30818.0,57732.0,2261.0,726
153,Cash Watson,21,65,1998,3,Male,Memphis,TN,38106,10730.0,21879.0,69638.0,762
154,Benson Xi,28,65,1991,5,Male,State College,PA,16801,25031.0,51041.0,106989.0,686
155,Bjorn Perez,18,69,2002,1,Male,West Roxbury,MA,2132,34519.0,70380.0,106797.0,725
156,Edward Abe,25,64,1994,8,Male,Elmwood Park,IL,60707,20902.0,42617.0,67590.0,771
157,Shepard Lopez,75,65,1944,7,Male,Manahawkin,NJ,8050,21861.0,46031.0,8332.0,661
158,Estrella Sullivan,55,66,1964,10,Female,Delmar,NY,12054,31927.0,65094.0,23909.0,699
159,Jane Brooks,27,65,1993,2,Female,Lexington,KY,40517,18278.0,37268.0,50388.0,626
160,Zaria Brooks,53,67,1967,2,Female,Waterbury,CT,6705,19114.0,38972.0,44098.0,738
161,Elsa Gonzalez,63,64,1957,2,Female,Compton,CA,90222,13075.0,26661.0,42667.0,750
162,Atticus Abe,48,66,1971,9,Male,Minneapolis,MN,55419,40364.0,82295.0,1555.0,736
163,Alfonso Gao,47,68,1972,9,Male,Lansing,NC,28643,12630.0,25748.0,41455.0,738
164,Ronin White,56,65,1963,11,Male,Bean Station,TN,37708,13668.0,27861.0,108313.0,782
165,Gannon Baker,18,72,2001,12,Male,Redlands,CA,92374,23820.0,48561.0,0.0,752
166,Nicole Gomez,66,69,1953,4,Female,Bloomington,IN,47403,19125.0,38999.0,64875.0,747
167,Korbin Long,62,66,1957,4,Male,Bailey,NC,27807,16239.0,33112.0,56040.0,716
168,Melina Wright,34,66,1985,10,Female,Charlotte,NC,28211,49477.0,100880.0,210445.0,770
169,Briar Smith,22,65,1997,11,Male,Oxnard,CA,93031,18175.0,37058.0,50548.0,680
170,Yahya Anderson,24,58,1995,3,Male,Hyattsville,MD,20785,23166.0,47234.0,89154.0,685
171,Florence Masvidal,45,72,1974,5,Female,Cushing,OK,74023,17237.0,35142.0,107898.0,731
172,Danna Torres,43,65,1976,3,Female,Coos Bay,OR,97420,15069.0,30721.0,49961.0,749
173,Paityn King,56,67,1963,12,Female,Acworth,GA,30101,28862.0,58846.0,126806.0,746
174,Layne Green,29,68,1990,6,Male,Waterville,NY,13480,19161.0,39069.0,63884.0,720
175,Sasha Gao,20,65,2000,2,Female,Lawrenceville,GA,30043,24252.0,49449.0,30723.0,728
176,Yamileth Mitchell,39,73,1980,3,Female,Stearns,KY,42647,10942.0,22312.0,39445.0,720
177,Mateo Robinson,32,72,1987,4,Male,Miami,OK,74355,17845.0,36388.0,92949.0,710
178,Izabella Phillips,52,68,1967,8,Female,Saint Cloud,FL,34771,22086.0,45037.0,31792.0,710
179,Samantha Gonzalez,47,63,1972,10,Female,Waupaca,WI,54981,18937.0,38615.0,74337.0,601
180,Bentlee Garcia,40,61,1979,7,Male,Bronx,NY,10458,13845.0,28229.0,55675.0,622
181,Sarah Clark,58,67,1961,11,Female,Noblesville,IN,46060,24638.0,50232.0,1218.0,751
182,Judah Jones,59,66,1960,5,Male,Greenville,KY,42345,16847.0,34350.0,61639.0,705
183,Bentley Lopez,47,69,1972,11,Male,Canton,GA,30114,25654.0,52308.0,135319.0,679
184,Juliet Hughes,27,66,1992,8,Female,Saint Petersburg,FL,33709,15724.0,32061.0,58904.0,676
185,Javon Long,75,69,1945,2,Male,Tooele,UT,84074,21749.0,21154.0,5764.0,705
186,Allie Sullivan,52,72,1967,10,Female,Austin,TX,78728,25594.0,52186.0,42852.0,737
187,Kassidy Morgan,43,70,1976,5,Female,Pierceton,IN,46562,17294.0,35264.0,70328.0,770
188,Evelynn Diaz,84,71,1935,9,Female,Walnut Creek,CA,94598,42234.0,79870.0,4031.0,609
189,Hayden Myers,70,59,1949,12,Female,Barnstable,MA,2630,26762.0,41902.0,29713.0,633
190,Laura Cook,24,61,1995,8,Female,Las Vegas,NV,89131,31374.0,63969.0,128412.0,626
191,Khalil Morgan,47,68,1972,7,Male,Lyndonville,VT,5851,16976.0,34606.0,23909.0,680
192,Moshe Gutierrez,32,60,1987,11,Male,Atlanta,GA,30310,13059.0,26631.0,33950.0,805
193,Pratik Thomas,39,64,1980,11,Male,Palm Bay,FL,32907,17645.0,35978.0,49366.0,643
194,Myles Robinson,64,69,1955,10,Male,Van Alstyne,TX,75495,24402.0,49756.0,89743.0,618
195,Martin Reed,37,71,1982,6,Male,Nashville,TN,37221,29868.0,60897.0,85771.0,850
196,Elora Schmidt,58,65,1961,3,Female,Dawsonville,GA,30534,20581.0,41963.0,53857.0,741
197,Violet Robinson,37,60,1982,7,Female,Minneapolis,MN,55432,22059.0,44976.0,134335.0,684
198,Phoenix Long,27,69,1992,9,Male,Grand Prairie,TX,75052,22922.0,46733.0,34333.0,692
199,Sue Powell,26,60,1993,4,Female,Centerville,MA,2632,23129.0,47160.0,64193.0,578
200,Tatum Reyes,23,65,1996,7,Male,West Lafayette,IN,47906,24737.0,50433.0,97029.0,838
201,Brennan Diaz,20,63,1999,8,Male,Federal Way,WA,98023,25363.0,51713.0,86165.0,809
202,Emanuel Rivera,45,65,1974,8,Male,Fort Worth,TX,76106,11876.0,24215.0,28552.0,707
203,Gianni Kelly,49,59,1970,9,Male,Caledonia,OH,43314,18293.0,37298.0,52134.0,683
204,Kane Harris,25,67,1994,12,Male,Mesa,AZ,85203,19844.0,40457.0,68826.0,739
205,Willie Nguyen,58,72,1961,6,Male,Arlington,MA,2476,40694.0,82974.0,181429.0,503
206,Evalyn Rogers,46,68,1973,7,Female,Huntington Station,NY,11746,34873.0,71103.0,136853.0,721
207,Jaycee James,43,75,1976,5,Female,Muse,PA,15350,14320.0,29194.0,10895.0,703
208,Killian Thompson,52,67,1967,10,Male,Hendersonville,NC,28739,16410.0,33465.0,98713.0,669
209,Alayna Carter,20,71,1999,6,Female,Warren,OH,44483,15361.0,31314.0,40331.0,721
210,Maximilian Kelly,36,68,1983,7,Male,Tulsa,OK,74110,11633.0,23718.0,1386.0,712
211,Cecilia Thompson,46,66,1973,6,Female,Arnold,MD,21012,35645.0,72670.0,28915.0,718
212,Harley Wright,24,67,1995,4,Female,Dublin,OH,43016,38243.0,77972.0,6128.0,686
213,Jamie Merkel,38,66,1981,10,Female,Van Buren,AR,72956,17093.0,34854.0,40722.0,746
214,Lauren Parker,25,69,1994,12,Female,Mcminnville,OR,97128,18098.0,36902.0,60538.0,711
215,Eva Roman,28,59,1991,12,Female,Saint Petersburg,FL,33706,26476.0,53984.0,76118.0,701
216,Koa Barnes,80,69,1939,3,Male,Whitehouse Station,NJ,8889,46827.0,104692.0,6955.0,704
217,Raven Hall,24,66,1995,5,Female,Kirkland,WA,98033,49629.0,101191.0,290730.0,659
218,Roberto Peres,38,66,1981,10,Male,Ann Arbor,MI,48103,34119.0,69566.0,50003.0,791
219,London Reyes,21,71,1998,4,Male,Villa Park,IL,60181,24223.0,49382.0,43126.0,762
220,Julianna Clark,41,65,1979,1,Female,Bakersville,NC,28705,14093.0,28733.0,0.0,702
221,Makai Ward,87,72,1932,8,Male,Columbia City,IN,46725,19914.0,30349.0,2985.0,686
222,Jayden Diaz,31,68,1988,3,Male,Glen Carbon,IL,62034,28710.0,58538.0,93153.0,610
223,Hazel Collins,32,66,1987,8,Female,Saint Petersburg,FL,33705,18100.0,36901.0,23293.0,695
224,Deacon Bell,70,65,1950,1,Male,Cochranville,PA,19330,24725.0,49531.0,6707.0,737
225,Rafael Cruz,68,66,1951,8,Male,Chicago,IL,60653,20649.0,35370.0,14777.0,562
226,Ruby Farhad,45,62,1975,1,Female,Wooster,OH,44691,18962.0,38666.0,116783.0,822
227,Jewel Baker,24,70,1995,12,Female,Lowell,MA,1851,20458.0,41714.0,54541.0,687
228,Jason Moore,32,66,1987,8,Male,Lottsburg,VA,22511,12018.0,24505.0,52405.0,759
229,Pierce Cooper,43,65,1977,1,Male,Valley Stream,NY,11580,27778.0,56640.0,104134.0,672
230,Lucinda Nelson,53,67,1966,10,Female,Orchard Park,NY,14127,30202.0,61578.0,85383.0,602
231,Fiona Gomez,53,66,1966,11,Female,Rockford,IL,61107,24589.0,50139.0,109623.0,767
232,Mohamed Parker,21,68,1998,12,Male,Minneapolis,KS,67467,16990.0,34646.0,54205.0,759
233,Jaylen Merkel,22,65,1998,1,Male,Fort Worth,TX,76164,12274.0,25024.0,29227.0,691
234,Sydney Fox,41,68,1979,1,Female,Chicago,IL,60619,16114.0,32856.0,26535.0,703
235,Sally Mitchell,41,66,1978,10,Female,Hillsboro,IL,62049,17696.0,36080.0,80443.0,839
236,Marissa Miller,32,68,1987,11,Female,Garland,TX,75042,14535.0,29637.0,56446.0,569
237,Clark Braun,56,65,1964,2,Male,Wewoka,OK,74884,14004.0,28553.0,94214.0,747
238,Sullivan Brown,18,65,2001,9,Male,East Falmouth,MA,2536,21335.0,43499.0,108468.0,701
239,Aubree Howard,35,57,1984,6,Female,Solon,IA,52333,29059.0,59248.0,173887.0,725
240,Nixon Abe,44,65,1975,6,Male,Indianapolis,IN,46236,32865.0,67008.0,81402.0,778
241,Ophelia Martin,31,68,1988,10,Female,Sherman Oaks,CA,91403,51976.0,105963.0,106266.0,684
242,Amos Cox,30,66,1989,4,Male,Montgomery,AL,36117,27653.0,56383.0,130152.0,800
243,Xander Abe,38,78,1981,8,Male,Campbell,TX,75422,18934.0,38609.0,27463.0,740
244,Jase Wilson,48,66,1971,9,Male,Pensacola,FL,32507,17987.0,36671.0,39882.0,850
245,Antonio Evans,28,65,1991,10,Male,Atlanta,GA,30331,19550.0,39860.0,112825.0,728
246,Abril Labelle,18,63,2002,2,Female,Waynesboro,VA,22980,18531.0,37785.0,58187.0,748
247,Terrence Long,50,68,1969,6,Male,Chicago,IL,60657,0.0,2466.0,5521.0,711
248,Addisyn Sanders,68,60,1951,8,Female,Lynn,MA,1902,18682.0,27358.0,13557.0,665
249,Annalee Wood,26,65,1994,1,Female,Powder Springs,GA,30127,25025.0,51024.0,181184.0,602
250,Joslyn Torres,40,64,1979,5,Female,Oklahoma City,OK,73151,49868.0,101679.0,307856.0,592
251,Leighton Sullivan,20,71,1999,6,Male,Lynwood,CA,90262,13632.0,27801.0,0.0,754
252,Ansley Miller,61,69,1958,11,Female,Las Vegas,NV,89122,18897.0,38536.0,72299.0,705
253,Angie Cox,43,70,1976,5,Female,Greenville,SC,29607,24314.0,49577.0,142314.0,694
254,Matteo Moore,24,71,1995,11,Male,Fresno,CA,93710,17985.0,36672.0,49660.0,739
255,Maddux Miller,43,70,1976,11,Male,New Braunfels,TX,78130,19325.0,39404.0,71859.0,723
256,Paola Braun,61,60,1958,5,Female,Badger,IA,50516,18849.0,18452.0,16827.0,741
257,Elaina Kelly,39,69,1980,9,Female,Lombard,IL,60148,27741.0,56562.0,111495.0,712
258,Briana Nelson,90,74,1929,11,Female,Santa Barbara,CA,93103,25249.0,48580.0,1785.0,687
259,Harper Kelley,41,67,1978,4,Female,Hinsdale,NH,3451,20338.0,41469.0,119423.0,659
260,Abril Labelle,52,61,1967,6,Female,Fort Knox,KY,40121,15879.0,32378.0,65919.0,588
261,Edison Nguyen,57,67,1963,1,Male,Reidsville,NC,27320,16888.0,34437.0,0.0,681
262,Emerald Campbell,83,68,1936,11,Female,Marshall,MN,56258,20697.0,33897.0,533.0,705
263,Jaxon Cook,38,64,1981,5,Male,Olympia,WA,98516,24044.0,49023.0,66148.0,583
264,Anne Roman,24,65,1995,12,Female,Chicago,IL,60641,18937.0,38609.0,39867.0,798
265,Spencer Morgan,18,68,2001,11,Female,Corinth,VT,5039,15062.0,30712.0,38054.0,723
266,Prince Masvidal,22,68,1997,7,Male,El Paso,TX,79938,16011.0,32645.0,59851.0,790
267,Lizbeth Jenkins,81,65,1938,10,Female,Edmonds,WA,98026,28248.0,31912.0,2182.0,630
268,Carson Masvidal,30,67,1990,1,Male,Watertown,NY,13601,18401.0,37521.0,65701.0,775
269,Briar Merkel,62,70,1957,8,Female,Jessup,MD,20794,28673.0,58463.0,141151.0,737
270,Magdalena Farhad,36,68,1983,3,Female,Lordsburg,NM,88045,15407.0,31414.0,42233.0,719
271,Jazlyn Anwar,32,63,1987,12,Female,Brooktondale,NY,14817,20159.0,41106.0,106963.0,762
272,Cassandra Macron,53,67,1967,1,Female,Cedar Rapids,IA,52405,22502.0,45876.0,58252.0,790
273,Astrid Ortiz,37,67,1982,10,Female,Roseville,CA,95747,28760.0,58637.0,87340.0,803
274,Matthew Martin,35,63,1984,10,Male,Little Rock,AR,72207,47364.0,96574.0,265319.0,590
275,Rex Long,18,67,2002,2,Male,Jersey City,NJ,7306,21642.0,44128.0,142368.0,687
276,Bridget Schmidt,77,72,1942,8,Female,Colorado Springs,CO,80918,22185.0,31942.0,11845.0,713
277,Blaise Gomez,27,66,1992,6,Male,Sterling,VA,20164,28410.0,57927.0,87736.0,557
278,Miller Wright,20,66,1999,6,Male,Des Moines,IA,50310,22425.0,45725.0,102164.0,688
279,Raiden Reed,39,65,1980,12,Male,Belgrade,ME,4917,21647.0,44134.0,0.0,792
280,Jefferson Perez,19,66,2001,2,Male,San Diego,CA,92169,27748.0,56579.0,79726.0,705
281,Dominique Evans,37,63,1983,2,Male,Asheville,NC,28804,22983.0,46864.0,58954.0,751
282,Alyson Lewis,44,67,1975,9,Female,Las Vegas,NV,89145,27761.0,56605.0,87970.0,624
283,Maddison Abe,31,66,1988,4,Female,San Jose,CA,95121,25115.0,51209.0,76900.0,765
284,Oakley Gray,51,69,1968,4,Male,Pompano Beach,FL,33076,37424.0,76305.0,112785.0,692
285,Bowen Perry,18,61,2001,3,Male,Canonsburg,PA,15317,30076.0,61325.0,83899.0,652
286,Preston Davis,42,69,1977,3,Male,San Fernando,CA,91340,15583.0,31772.0,17286.0,734
287,Felicity Nelson,61,67,1958,10,Female,West Linn,OR,97068,35992.0,73383.0,155191.0,760
288,Jakob Roberts,55,66,1964,4,Male,Leicester,MA,1524,26137.0,53287.0,51026.0,816
289,Melina Hall,88,67,1931,4,Female,Millington,TN,38053,19115.0,19225.0,1644.0,809
290,Renata Burns,62,65,1957,11,Female,Rocky River,OH,44116,29692.0,60541.0,160456.0,716
291,Tori Turner,44,61,1975,12,Female,Battle Creek,MI,49015,21639.0,44124.0,107162.0,850
292,Pearl Rivera,88,65,1932,1,Female,Waterford,MI,48329,24578.0,36764.0,839.0,712
293,Lochlan Morris,47,63,1972,9,Male,Boaz,AL,35957,14516.0,29597.0,44388.0,513
294,Patricia Farhad,37,66,1983,1,Female,Cincinnati,OH,45224,18959.0,38656.0,47523.0,584
295,Thiago Hughes,45,64,1974,10,Male,Albuquerque,NM,87121,15385.0,31373.0,58481.0,637
296,Emery Scott,22,68,1997,4,Female,Sunbury,PA,17801,16519.0,33681.0,78326.0,697
297,Colson Ajami,39,64,1980,10,Male,Cayucos,CA,93430,18740.0,38211.0,84427.0,665
298,Autumn Gonzalez,40,62,1979,7,Female,Quincy,FL,32353,13144.0,26802.0,43444.0,638
299,Amiya Mitchell,58,65,1962,1,Female,Roan Mountain,TN,37687,12427.0,25334.0,182.0,696
300,Israel Stewart,34,67,1985,3,Male,Pittsburgh,PA,15203,30361.0,61904.0,125358.0,639
301,Melina Cook,101,68,1918,5,Female,Seligman,AZ,86337,13086.0,15348.0,1396.0,761
302,Catherine Roman,44,66,1975,11,Female,Cookeville,TN,38501,15955.0,32527.0,74331.0,705
303,Enoch Young,51,63,1969,2,Male,Fort Lauderdale,FL,33318,21661.0,44170.0,90049.0,661
304,Remi Fisher,28,64,1991,6,Female,Gresham,OR,97080,22599.0,46077.0,101450.0,686
305,Lyric Roman,58,66,1961,3,Male,Fort Polk,LA,71459,11324.0,23092.0,20545.0,752
306,Beau Jones,19,69,2000,11,Male,Iliff,CO,80736,15064.0,30710.0,30956.0,680
307,Briella Kelly,22,62,1997,11,Female,Mounds,OK,74047,19856.0,40491.0,81879.0,691
308,Rodrigo Braun,44,62,1975,5,Male,West Sacramento,CA,95691,25234.0,51454.0,151162.0,698
309,Jazlynn Watson,47,63,1973,1,Female,Ardsley,NY,10502,46169.0,94133.0,189899.0,603
310,Ibrahim Turner,58,72,1961,8,Male,Fort Walton Beach,FL,32547,18005.0,36710.0,116794.0,786
311,Noel Davis,62,70,1957,8,Male,Somerville,AL,35670,18533.0,37785.0,81500.0,745
312,Poppy Johnson,58,66,1961,6,Female,Oak Harbor,WA,98278,16537.0,33717.0,58236.0,698
313,Kyree Evans,50,64,1970,2,Male,Stockton,CA,95210,14709.0,29994.0,100834.0,769
314,Raylee Fernandez,42,63,1977,6,Female,Fort Lauderdale,FL,33313,14430.0,29422.0,58679.0,598
315,Emmett Baker,40,67,1980,1,Male,Saint Thomas,PA,17252,17405.0,35489.0,91995.0,724
316,Destiny Reyes,28,65,1992,1,Female,Tucson,AZ,85756,16238.0,33106.0,108695.0,763
317,Isabelle Howard,26,65,1994,2,Female,Yorkville,IL,60560,29281.0,59699.0,71110.0,688
318,Lionel Labelle,58,70,1961,7,Male,Portland,OR,97212,33737.0,68787.0,171854.0,527
319,Leona Jackson,65,67,1954,11,Female,Plymouth,MI,48170,33031.0,67344.0,7049.0,804
320,Holland Howard,68,64,1952,1,Female,San Francisco,CA,94131,51692.0,88432.0,63075.0,694
321,Frankie Powell,36,68,1983,7,Male,Woodway,TX,76712,26061.0,53138.0,153374.0,606
322,Charli Nelson,88,65,1931,4,Female,Fargo,ND,58103,22214.0,38523.0,49.0,751
323,Jesus Mitchell,76,63,1944,2,Male,Odessa,FL,33556,34909.0,26660.0,28332.0,721
324,Gloria Smith,53,67,1966,10,Female,Huntingdon Valley,PA,19006,34043.0,69412.0,177225.0,620
325,Harvey Smith,26,67,1993,5,Male,New Orleans,LA,70130,32314.0,65888.0,162364.0,803
326,Alexander Taylor,37,63,1983,1,Male,Los Angeles,CA,90044,12362.0,25205.0,65179.0,688
327,Maia Anderson,38,65,1981,4,Female,Tonawanda,NY,14150,19433.0,39627.0,47793.0,718
328,Raelynn Nelson,42,66,1978,1,Female,Jackson,MS,39282,13717.0,27967.0,50159.0,690
329,Allie Gray,50,68,1969,11,Female,Florien,LA,71429,18709.0,38142.0,0.0,768
330,Madalyn Rivera,36,67,1984,2,Female,Kent,WA,98042,28919.0,58964.0,71890.0,619
331,Greysen Foster,74,66,1945,11,Male,West Newton,MA,2465,56720.0,58378.0,73124.0,652
332,Makai Lopez,53,68,1966,8,Male,Houston,TX,77064,26420.0,53872.0,64269.0,691
333,Vada Fernandez,75,59,1944,6,Female,Farmington,MN,55024,28429.0,41513.0,15899.0,748
334,Ava Jones,49,69,1970,7,Female,Lake Charles,LA,70605,26772.0,54587.0,69070.0,761
335,Augustine Schmidt,22,62,1997,6,Male,Vermilion,OH,44089,20400.0,41595.0,54451.0,675
336,Jaxxon Allen,44,64,1975,4,Male,Memphis,NY,13112,22047.0,44953.0,97076.0,728
337,Wilder Chen,28,65,1991,5,Male,Fort Wayne,IN,46807,17264.0,35199.0,68569.0,739
338,Rivka Bailey,28,59,1991,3,Female,Cicero,IL,60804,13891.0,28324.0,62363.0,695
339,Lee Turner,38,72,1981,9,Male,Lewistown,PA,17044,16375.0,33387.0,69066.0,526
340,Lincoln Carter,24,67,1995,9,Male,Dunlap,TN,37327,15209.0,31006.0,71031.0,681
341,Alfonso Lee,29,60,1990,4,Male,Cherry Point,NC,28533,16006.0,32636.0,42290.0,782
342,Markus Nguyen,58,65,1961,7,Male,Dallas,TX,75253,12693.0,25883.0,44404.0,706
343,Willow Cook,26,60,1993,12,Female,Tecate,CA,91980,9352.0,19069.0,23153.0,658
344,Leighton Jenkins,59,66,1960,12,Female,Phoenix,AZ,85032,22070.0,44992.0,53368.0,785
345,Cristiano Walker,58,72,1961,8,Male,Melbourne,FL,32901,15840.0,32295.0,72357.0,698
346,Aubrielle Macron,57,66,1962,5,Female,Hopewell Junction,NY,12533,33919.0,69159.0,135111.0,786
347,Chana Myers,42,59,1977,12,Female,Idlewild,MI,49642,6201.0,12643.0,19299.0,645
348,Leanna Bailey,34,65,1985,9,Female,Walnut Creek,CA,94596,42685.0,87030.0,161964.0,727
349,Lorelai Ward,82,66,1937,6,Female,Chicago,IL,60616,25365.0,41793.0,1141.0,730
350,Jace Moore,39,71,1981,2,Male,Tuscaloosa,AL,35405,20553.0,41907.0,87163.0,728
351,Orion Sullivan,48,61,1971,11,Male,Pittsfield,NH,3263,19781.0,40336.0,144284.0,668
352,Cassidy Anwar,19,62,2000,11,Female,Columbus,OH,43219,15539.0,31683.0,46987.0,817
353,Daisy Flores,57,67,1962,6,Female,Las Vegas,NV,89142,19377.0,39508.0,18870.0,770
354,Maximiliano King,42,67,1978,2,Male,Denmark,SC,29042,12189.0,24859.0,43986.0,683
355,Leandro Cooper,42,67,1977,6,Male,Marshfield,MA,2050,34059.0,69440.0,129944.0,743
356,Barrett Barnes,25,70,1995,1,Male,Laredo,TX,78046,10626.0,21666.0,38058.0,610
357,Kiana Hill,30,66,1989,10,Female,North Chili,NY,14514,22855.0,46599.0,12700.0,684
358,Kai Martinez,22,71,1997,6,Male,Carmichael,CA,95608,24781.0,50525.0,118160.0,701
359,Evie Fernandez,60,68,1959,9,Female,Byron,IL,61010,25698.0,52397.0,72810.0,729
360,Dilan Anwar,53,63,1966,8,Male,Avilla,IN,46710,19236.0,39222.0,66559.0,583
361,Hayes Rivera,73,60,1946,7,Male,Houston,TX,77012,12434.0,18015.0,10463.0,645
362,Maleah Williams,65,64,1954,3,Female,Traverse City,MI,49684,20035.0,42102.0,9645.0,672
363,Hendrix Myers,36,66,1983,10,Male,Ainsworth,IA,52201,18302.0,37316.0,37515.0,726
364,Jazlynn Perez,18,67,2001,6,Female,Bakersfield,CA,93313,20460.0,41717.0,27174.0,718
365,Devin Hughes,75,71,1944,8,Male,Lexington,KY,40508,14920.0,20797.0,10127.0,777
366,Zyaire Baker,76,69,1943,8,Male,Hopkins,MN,55305,39155.0,38800.0,25867.0,758
367,Axton Fox,51,68,1968,3,Male,Roanoke,VA,24017,14528.0,29622.0,17385.0,694
368,Isabela Bennett,88,65,1931,10,Female,Shelbyville,KY,40065,19620.0,31399.0,2528.0,757
369,Yamileth Rivera,48,66,1971,5,Female,Severn,MD,21144,31075.0,63355.0,0.0,708
370,Zariah Peterson,19,71,2000,12,Female,Jefferson,TX,75657,15299.0,31197.0,84749.0,844
371,Valerio Price,38,67,1981,3,Male,Huntington,NY,11743,51032.0,104049.0,247623.0,741
372,Joel Fu,35,69,1984,5,Male,El Paso,TX,79912,24608.0,50177.0,101323.0,681
373,Juliet Gao,40,64,1979,12,Female,Ninety Six,SC,29666,16843.0,34344.0,48931.0,548
374,Lilianna Farhad,31,72,1989,1,Female,Harrisburg,PA,17113,17110.0,34884.0,26799.0,705
375,Zaria Lee,33,69,1986,3,Female,Hampstead,MD,21074,27906.0,56897.0,0.0,699
376,Alia Stewart,38,72,1981,10,Female,Wilmington,DE,19803,35630.0,72647.0,90579.0,739
377,Quinn Brown,49,66,1970,8,Male,Mobile,AL,36695,25381.0,51755.0,88605.0,806
378,Layton White,60,66,1959,11,Male,Wayland,MA,1778,56632.0,115465.0,195657.0,715
379,Uriel Parker,18,70,2002,1,Male,Fort Myers,FL,33907,17522.0,35731.0,71825.0,503
380,Aranza Brooks,18,70,2002,2,Female,Lake Mary,FL,32746,31847.0,64936.0,107755.0,688
381,Izaiah Fu,24,68,1995,3,Male,Reno,NV,89521,30757.0,62711.0,68777.0,798
382,Madelyn Labelle,41,68,1978,7,Female,Pleasantville,NJ,8232,15157.0,30910.0,42507.0,749
383,Madden Hill,27,71,1992,11,Male,Port Orchard,WA,98366,21219.0,43264.0,89798.0,729
384,Gustavo Fisher,18,67,2001,11,Male,Suisun City,CA,94585,23990.0,48909.0,71310.0,740
385,Emery Garcia,32,71,1987,11,Female,Glen Ellyn,IL,60137,42028.0,85694.0,120733.0,822
386,Ingrid Thomas,81,68,1938,4,Female,Fort Gibson,OK,74434,18585.0,27864.0,1371.0,591
387,Ephraim Wright,21,68,1998,4,Male,Appleton,WI,54914,21828.0,44513.0,105303.0,778
388,Elena Anwar,27,69,1992,6,Female,Charlottesville,VA,22903,28459.0,58026.0,133169.0,691
389,Addilynn Bell,18,70,2001,5,Female,Boerne,TX,78006,31193.0,63600.0,102773.0,645
390,Brenna Ramirez,19,75,2000,7,Female,Canton,MS,39046,15597.0,31797.0,5400.0,843
391,Baylee Roman,40,66,1979,10,Female,Richmond,CA,94804,21869.0,44585.0,81825.0,684
392,Monroe Sanders,51,67,1968,11,Female,Nixa,MO,65714,20316.0,41427.0,53773.0,850
393,Alayah Neufelder,51,72,1968,10,Female,West Columbia,SC,29172,16928.0,34517.0,74143.0,645
394,Malia Jones,50,65,1970,2,Female,Pleasant Grove,UT,84062,21232.0,43294.0,104521.0,816
395,Frida White,27,66,1992,9,Female,Lafayette,CO,80026,30072.0,61317.0,0.0,741
396,Rodrigo Rodriguez,68,65,1951,12,Male,Long Beach,CA,90808,32079.0,50184.0,27778.0,732
397,Simeon Cruz,47,75,1972,10,Male,Nashport,OH,43830,21156.0,43133.0,44263.0,693
398,Monserrat Collins,23,65,1996,12,Female,Sioux City,IA,51104,21757.0,44361.0,71031.0,705
399,Jennifer Thomas,57,66,1962,9,Female,Compton,CA,90222,13075.0,26664.0,12241.0,709
400,Talia Chen,85,65,1934,6,Female,Virginia Beach,VA,23451,29485.0,41843.0,1741.0,500
401,Milan Perez,22,70,1998,2,Male,Melbourne,FL,32940,24500.0,49952.0,95184.0,780
402,Nova Butler,26,60,1993,3,Male,Lake Zurich,IL,60047,48986.0,99883.0,171034.0,732
403,Sophia Perez,40,65,1979,3,Female,Ferdinand,IN,47532,18898.0,38527.0,36933.0,684
404,Gloria Kelley,32,63,1988,1,Female,Springfield,VT,5156,18013.0,36729.0,48624.0,686
405,Emmie Anwar,63,67,1957,2,Female,Buffalo,NY,14215,14456.0,29477.0,56355.0,850
406,Clay Evans,52,65,1967,9,Male,Rancho Cordova,CA,95742,35137.0,71645.0,155006.0,629
407,Georgia Brown,62,65,1957,9,Female,Brooklyn,NY,11235,22674.0,46232.0,68957.0,691
408,Sally Roberts,20,66,1999,5,Female,Michigan City,IN,46360,18036.0,36775.0,102641.0,850
409,Princeton Ramirez,41,65,1978,12,Male,Challis,ID,83226,19036.0,38812.0,16331.0,762
410,Astrid Price,20,67,1999,11,Female,Ozone Park,NY,11417,19682.0,40130.0,55801.0,798
411,Harlow Turner,38,66,1981,11,Female,Brentwood,NY,11717,17679.0,36045.0,0.0,683
412,Magdalena Jenkins,52,73,1968,2,Female,Somerset,NJ,8873,32610.0,66489.0,83828.0,731
413,Andi Bailey,31,72,1989,2,Female,Estacada,OR,97023,20343.0,41475.0,0.0,747
414,Wilder Hughes,56,68,1963,7,Male,Ridgefield,WA,98642,27308.0,55682.0,82696.0,750
415,Pearl Carter,51,68,1968,5,Female,Osprey,FL,34229,28272.0,57646.0,127892.0,724
416,Rachel Gomez,19,68,2000,9,Female,Odessa,TX,79764,19399.0,39556.0,132573.0,572
417,Miller Howard,36,67,1983,12,Male,San Diego,CA,92102,16838.0,34330.0,15223.0,713
418,Walker Peres,82,71,1937,4,Male,Quincy,FL,32352,15069.0,10142.0,1809.0,767
419,Randall Long,30,60,1989,10,Male,Columbia,MD,21044,37697.0,76867.0,118029.0,659
420,Amirah Ryan,22,68,1997,6,Female,Homewood,IL,60430,25689.0,52379.0,107734.0,771
421,Kyrie Murphy,39,64,1980,10,Male,Newburgh,IN,47630,28126.0,57348.0,119230.0,527
422,Lawson Gray,49,70,1970,3,Male,Chattanooga,TN,37416,18658.0,38041.0,27813.0,782
423,Cassidy Anwar,28,70,1991,3,Female,Phoenix,AZ,85022,26023.0,53053.0,42396.0,696
424,Dexter Murphy,35,65,1984,5,Male,Celina,OH,45822,18077.0,36857.0,3112.0,768
425,Abby Wood,54,72,1965,3,Female,Seattle,WA,98122,37485.0,76431.0,115362.0,716
426,Dalton Fisher,78,68,1941,7,Male,Bloomington,CA,92316,14709.0,18100.0,0.0,682
427,Teresa Adams,45,61,1974,5,Female,Lady Lake,FL,32159,8155.0,16628.0,33926.0,654
428,Duke Barnes,79,66,1941,2,Male,Bullock,NC,27507,18100.0,29041.0,4427.0,699
429,June Torres,47,64,1972,12,Female,Monroe,NC,28112,17595.0,35876.0,50190.0,635
430,Kemal Bell,19,67,2000,3,Male,Verona,NJ,7044,40216.0,81995.0,133788.0,685
431,Ava Evans,50,70,1969,9,Female,Minneapolis,MN,55419,40364.0,82298.0,0.0,791
432,Azariah Turner,30,62,1989,8,Male,Ft Mitchell,KY,41017,30367.0,61916.0,165886.0,655
433,Xiomara Murphy,56,70,1964,2,Female,Little Rock,AR,72204,14736.0,30042.0,9208.0,727
434,Opal Hall,55,61,1964,9,Female,Fairfield,OH,45014,21992.0,44839.0,63194.0,625
435,Koa Smith,25,74,1994,12,Male,Fort Lauderdale,FL,33324,29740.0,60638.0,132252.0,661
436,Meredith Carter,26,64,1994,1,Female,Cleveland,OH,44102,14737.0,30049.0,80474.0,700
437,Carolyn Cooper,54,65,1965,8,Female,Waterloo,IA,50703,14568.0,29699.0,6569.0,711
438,Esteban Taylor,29,66,1990,5,Male,Anchorage,AK,99508,20519.0,41836.0,60302.0,615
439,Butch El-Mafouk,55,68,1964,11,Male,Los Angeles,CA,90037,11329.0,23103.0,63635.0,681
440,Elisha Bailey,72,70,1947,5,Male,Ellicott City,MD,21043,39053.0,57513.0,11755.0,793
441,Leia Butler,66,68,1953,3,Female,Memphis,TN,38134,18759.0,38249.0,0.0,746
442,Hayley Taylor,41,65,1978,3,Female,Suffolk,VA,23434,20353.0,41496.0,9222.0,807
443,Mackenzie Green,24,70,1995,8,Female,Butler,NJ,7405,44540.0,90812.0,175569.0,850
444,Alfredo Brown,35,67,1984,6,Male,Mesilla Park,NM,88047,14822.0,30217.0,23394.0,705
445,Savannah Nguyen,29,66,1990,11,Female,O Fallon,MO,63368,30202.0,61581.0,241312.0,736
446,Jalen Neufelder,53,67,1966,6,Male,Jacksonville,AR,72076,16462.0,33566.0,96597.0,698
447,Alexia Reyes,66,68,1953,3,Female,Seguin,TX,78155,17440.0,35560.0,60397.0,723
448,June Reyes,21,67,1998,11,Female,Glendora,CA,91741,31699.0,64630.0,92847.0,751
449,Hazel Robinson,67,60,1952,11,Female,Dacula,GA,30019,26767.0,57705.0,22475.0,684
450,Alfred King,58,71,1961,5,Male,San Benito,TX,78586,11844.0,24155.0,2870.0,802
451,Thaddeus Sanchez,27,71,1993,1,Male,Huron,TN,38345,17179.0,35026.0,11468.0,743
452,Heidi Baker,29,70,1990,3,Female,Sanford,NC,27332,17854.0,36404.0,11745.0,726
453,Tucker White,50,60,1969,5,Male,Salisbury,NC,28147,18724.0,38179.0,50559.0,609
454,Audrina Thompson,36,65,1983,3,Female,Bellaire,TX,77401,79100.0,161276.0,317964.0,540
455,Randy Merkel,31,66,1988,6,Male,Sherman,TX,75090,15737.0,32086.0,53595.0,747
456,Kira Wood,22,69,1997,3,Female,Chicago,IL,60637,18395.0,37505.0,57014.0,714
457,Hannah Perry,69,73,1951,2,Female,Turlock,CA,95382,22799.0,46487.0,57336.0,635
458,Anya Hughes,23,65,1996,7,Female,Spearfish,SD,57783,18583.0,37891.0,66163.0,749
459,Rory Nelson,54,67,1965,3,Female,Lafayette,CO,80026,30072.0,61312.0,25355.0,708
460,Yousef Barnes,46,59,1973,4,Male,Chardon,OH,44024,25565.0,52130.0,80367.0,701
461,Makayla Garcia,27,61,1993,1,Female,Depew,NY,14043,19983.0,40744.0,50803.0,717
462,Marianna Cruz,86,65,1933,6,Female,Kaneohe,HI,96744,24516.0,49529.0,1385.0,689
463,Karson Green,76,63,1943,12,Male,Derby,KS,67037,24531.0,41790.0,24676.0,719
464,June Morales,81,57,1939,1,Female,Baldwin Park,CA,91706,15775.0,29928.0,2028.0,713
465,Paula Gray,47,67,1972,5,Female,Copiague,NY,11726,21077.0,42976.0,58765.0,748
466,Shaun Jenkins,40,68,1979,3,Male,Thomson,GA,30824,15755.0,32126.0,56283.0,770
467,Tristan Powell,56,69,1963,4,Male,Canal Fulton,OH,44614,22170.0,45202.0,71022.0,683
468,Kenia Perry,20,65,1999,3,Female,Cape Coral,FL,33904,17120.0,34907.0,64107.0,742
469,Korbin Torres,27,65,1992,4,Male,Cambridge Springs,PA,16403,16965.0,34591.0,65770.0,688
470,Payton Neufelder,22,69,1997,3,Female,Richlands,NC,28574,15661.0,31933.0,65405.0,746
471,Antonio Abe,42,70,1978,2,Male,Pflugerville,TX,78660,25584.0,52165.0,97248.0,730
472,Christina Lee,58,64,1961,8,Female,Uhrichsville,OH,44683,14477.0,29519.0,45597.0,643
473,Emerson Richardson,57,67,1962,5,Male,Mitchell,IN,47446,15981.0,32583.0,12501.0,812
474,Jedidiah Rodriguez,37,65,1982,7,Male,Prairieville,LA,70769,29006.0,59139.0,128870.0,742
475,Lewis Martinez,44,64,1975,10,Male,Houston,TX,77058,30499.0,62185.0,114235.0,749
476,Howard Abe,22,67,1997,6,Male,Albany,OR,97322,17561.0,35800.0,65841.0,753
477,Marshall Clark,26,71,1993,10,Male,Laurel,MD,20723,35553.0,72485.0,31605.0,691
478,Kaliyah Lee,24,65,1995,3,Female,Ventura,CA,93003,25524.0,52036.0,26232.0,703
479,Brian Cruz,33,67,1986,7,Male,Kalamazoo,MI,49048,17409.0,35499.0,80517.0,724
480,Blaine Diaz,44,65,1976,1,Male,Dunlap,TN,37327,15209.0,31015.0,103094.0,737
481,Wayne Robinson,79,65,1940,11,Male,San Diego,CA,92122,34848.0,53222.0,23051.0,640
482,Kora Barnes,56,69,1963,6,Female,Short Hills,NJ,7078,137428.0,280199.0,91367.0,752
483,Davis Jenkins,48,67,1971,6,Male,Burlington,IA,52601,18076.0,36853.0,112139.0,834
484,Craig Labelle,22,70,1998,2,Male,Fairview,NJ,7022,18392.0,37497.0,0.0,695
485,Noor Johnson,88,66,1931,10,Female,Wayne,NJ,7470,37030.0,31828.0,3777.0,593
486,Estella Fu,49,68,1970,7,Female,League City,TX,77573,35246.0,71866.0,132580.0,662
487,Beckett Gonzalez,62,69,1957,8,Male,Watsonville,CA,95076,16920.0,34496.0,33122.0,731
488,Alondra White,74,71,1946,1,Female,North Richland Hills,TX,76180,26016.0,39003.0,10793.0,788
489,Kaiden Morgan,68,64,1951,3,Male,Los Angeles,CA,90033,12349.0,11566.0,9102.0,536
490,Anna Nelson,45,71,1974,12,Female,Atlanta,GA,30317,25586.0,52172.0,66085.0,667
491,Keith Bell,91,66,1928,3,Male,Pompano Beach,FL,33060,18266.0,40141.0,805.0,850
492,Jeffery Farhad,48,66,1971,5,Male,Latrobe,PA,15650,19486.0,39733.0,79302.0,781
493,Miriam Phillips,29,65,1991,2,Female,Waynesville,OH,45068,25333.0,51651.0,22705.0,801
494,Addilynn Garcia,22,64,1997,3,Female,Tempe,AZ,85283,24122.0,49190.0,122458.0,630
495,Demetrius Murphy,42,68,1977,11,Male,Martinsburg,WV,25401,18003.0,36711.0,84949.0,739
496,Mateo Howard,22,61,1997,5,Male,Halethorpe,MD,21227,22728.0,46344.0,66994.0,732
497,Easton Cruz,26,71,1993,3,Male,Doylestown,PA,18902,49534.0,100991.0,0.0,722
498,Kassidy Reyes,62,65,1957,6,Female,Belle Fourche,SD,57717,16097.0,32819.0,25393.0,826
499,Aron Roman,30,62,1989,8,Male,Chicago,IL,60626,23446.0,47803.0,81929.0,652
500,Gordon Neufelder,44,69,1975,9,Male,Medford,OR,97504,18961.0,38661.0,88636.0,765
501,Dakota Allen,45,66,1974,4,Male,Douglassville,PA,19518,28278.0,57658.0,74288.0,766
502,Belen Reyes,45,69,1974,5,Female,Belzoni,MS,39038,10909.0,22249.0,20420.0,789
503,Zariyah Myers,38,68,1982,2,Female,Boca Raton,FL,33486,31706.0,64647.0,58250.0,738
504,Lilyana Fernandez,32,64,1987,10,Female,Beacon Falls,CT,6403,28814.0,58749.0,113308.0,768
505,Blaire Bailey,46,68,1973,12,Female,Saint George,UT,84770,14470.0,29510.0,47153.0,752
506,Malaya Sanchez,53,65,1966,3,Female,Fresno,CA,93710,17985.0,36672.0,99454.0,655
507,Raquel Jackson,41,61,1979,1,Female,Canton,MA,2021,38878.0,79271.0,211919.0,759
508,Isabella Hall,35,68,1985,1,Female,High Springs,FL,32643,19693.0,40156.0,70128.0,738
509,Maryam Rivera,30,58,1989,4,Female,Saint Louis,MO,63129,28373.0,57853.0,131828.0,558
510,Jessica Reed,73,64,1946,9,Female,Germantown,MD,20874,33637.0,37789.0,24575.0,605
511,Cullen Ryan,61,63,1958,10,Male,Longview,TX,75604,20531.0,41865.0,60911.0,676
512,Mack Merkel,66,69,1953,3,Male,Strongsville,OH,44149,30381.0,61937.0,138153.0,684
513,Lucinda Xi,32,67,1987,7,Female,Washington,NC,27889,15827.0,32274.0,72974.0,545
514,Bennett Cruz,48,71,1971,3,Male,Rutherford,NJ,7070,37170.0,75785.0,117920.0,814
515,Kameron Rodriguez,50,64,1969,4,Male,Fletcher,NC,28732,22345.0,45560.0,79660.0,644
516,Marissa Torres,46,67,1973,3,Female,Kimberly,WI,54136,20013.0,40810.0,65643.0,614
517,Lyric Gomez,58,67,1961,11,Male,Bigelow,AR,72016,18817.0,38371.0,50530.0,703
518,Salma Rogers,46,67,1973,10,Female,Columbia,SC,29229,23917.0,48762.0,143208.0,771
519,Blaine Scott,26,61,1994,2,Male,Rescue,CA,95672,28660.0,58435.0,134789.0,666
520,Emmanuel Wood,48,68,1971,7,Male,Vinton,VA,24179,19188.0,39124.0,66231.0,722
521,Luciano Wilson,50,65,1970,1,Male,Camas,WA,98607,31226.0,63673.0,147913.0,591
522,Lila Neufelder,34,65,1985,11,Female,Garden Grove,CA,92840,18679.0,38081.0,28613.0,811
523,Rose Fu,23,61,1996,11,Female,Blacksburg,SC,29702,14443.0,29450.0,36002.0,692
524,Katherine Burns,56,65,1963,12,Female,Hudson,IL,61748,28237.0,57576.0,161107.0,589
525,Amari Martin,31,70,1988,8,Female,Lawton,OK,73505,16829.0,34311.0,6971.0,680
526,Alison Parker,63,65,1956,11,Female,Pompano Beach,FL,33062,26530.0,54095.0,76109.0,753
527,Sally Fisher,24,65,1995,9,Female,Stockton,CA,95205,12089.0,24648.0,32962.0,600
528,Dayana Fox,37,61,1982,8,Female,Brighton,CO,80602,32793.0,66863.0,89031.0,673
529,Gemma Cooper,61,68,1959,1,Female,Charlotte,NC,28212,14793.0,30165.0,36972.0,694
530,Lennon Lewis,53,67,1966,6,Male,Hinsdale,IL,60521,92938.0,189490.0,448929.0,717
531,Madelynn Abe,19,68,2000,3,Female,Georgetown,KY,40324,23827.0,48582.0,189348.0,546
532,Derrick Sadr,84,65,1935,12,Male,Levittown,PA,19054,23207.0,26476.0,406.0,813
533,Cayden Murphy,39,69,1980,11,Male,Manchester,NH,3104,27706.0,56486.0,116394.0,689
534,Heaven Wright,59,71,1960,3,Female,San Antonio,TX,78217,17609.0,35906.0,69819.0,659
535,Perla Myers,19,61,2000,4,Female,Chesterton,IN,46304,27261.0,55587.0,151141.0,621
536,Paula Leroux,21,67,1998,4,Female,Florence,WI,54121,18016.0,36733.0,0.0,761
537,Iliana Brown,48,66,1971,11,Female,Omaha,NE,68136,33232.0,67761.0,0.0,745
538,Emiliano White,57,56,1963,2,Male,Murfreesboro,TN,37129,22760.0,36282.0,14141.0,725
539,Brenda Masvidal,46,68,1973,7,Female,Palm Beach Gardens,FL,33410,27696.0,56467.0,66565.0,688
540,Elliot Ajami,55,73,1965,2,Female,Republic,OH,44867,18462.0,37645.0,46298.0,654
541,Byron Morales,48,64,1971,11,Male,Worcester,MA,1602,24506.0,49967.0,62509.0,655
542,Jakob Johnson,20,67,1999,11,Male,Langhorne,PA,19047,31656.0,64548.0,14864.0,726
543,Bennett Flores,20,66,1999,9,Male,Heathsville,VA,22473,13938.0,28421.0,77772.0,738
544,Tori Bailey,33,65,1986,6,Female,Moulton,AL,35650,17271.0,35213.0,87653.0,719
545,Dexter Thomas,48,67,1971,3,Male,Kenner,LA,70062,14696.0,29962.0,55000.0,684
546,Vihaan Ward,49,59,1970,5,Male,Bradenton,FL,34203,17590.0,35868.0,48465.0,562
547,Francisco Masvidal,31,73,1988,7,Male,Lovelock,NV,89419,18734.0,38193.0,39874.0,703
548,Adam Myers,48,66,1972,2,Male,Terre Haute,IN,47803,21131.0,43084.0,0.0,850
549,Bailee Walker,42,72,1977,4,Female,Hubbard,OH,44425,18351.0,37415.0,66403.0,665
550,Alaric Flores,40,64,1979,12,Male,Newark,NJ,7103,17370.0,35418.0,51741.0,660
551,Gustavo Lee,18,62,2002,2,Male,Parkton,NC,28371,15331.0,31259.0,40701.0,798
552,Uriah Martin,26,66,1993,12,Male,Seattle,WA,98188,20233.0,41255.0,85439.0,683
553,Alivia Watson,41,71,1978,3,Female,Raleigh,NC,27610,17056.0,34774.0,78060.0,850
554,Lauryn James,90,75,1929,11,Female,Poughkeepsie,NY,12603,27934.0,51717.0,418.0,717
555,Dominik Miller,52,62,1967,9,Male,Bastrop,TX,78602,20346.0,41483.0,64715.0,584
556,Octavia Butler,28,65,1991,3,Female,Barton,MD,21521,17079.0,34825.0,65082.0,759
557,Yosef Cruz,51,72,1969,2,Male,Fayetteville,NC,28306,18316.0,37346.0,64030.0,680
558,Galilea Gonzalez,58,67,1961,10,Female,Miami,FL,33196,21923.0,44699.0,21685.0,842
559,Thatcher Xi,35,73,1984,10,Male,The Villages,FL,32162,8491.0,17316.0,26872.0,748
560,Cody Wood,57,67,1962,3,Male,Holden,ME,4429,24259.0,49467.0,77465.0,697
561,Rylee Schmidt,18,68,2001,11,Female,Kansas City,KS,66103,16795.0,34242.0,0.0,837
562,Nicolas Peres,25,63,1994,10,Male,Birmingham,AL,35244,34578.0,70502.0,90003.0,614
563,Brielle Brooks,59,67,1960,9,Female,Boston,MA,2127,39312.0,80156.0,61817.0,735
564,Danica Watson,51,63,1968,12,Female,Meriden,CT,6450,24393.0,49737.0,136056.0,643
565,Gregory Ajami,60,60,1959,12,Male,Dover,OH,44622,18794.0,31003.0,23000.0,699
566,Jennifer Peres,23,66,1996,9,Female,Orlando,FL,32811,14405.0,29376.0,51428.0,629
567,Kathleen Allen,56,63,1963,11,Female,Eastman,GA,31023,14425.0,29413.0,46043.0,703
568,Layla Myers,28,64,1992,1,Female,Ridgefield,WA,98642,27308.0,55684.0,114269.0,722
569,Fabian Collins,39,60,1980,10,Male,Staunton,IL,62088,20056.0,40894.0,51844.0,657
570,Samara Price,64,66,1956,1,Female,Fontana,CA,92336,23172.0,47242.0,62224.0,704
571,Charles Edwards,65,67,1954,12,Male,Omaha,NE,68107,14199.0,28951.0,56777.0,711
572,Luka Flores,53,68,1966,6,Male,Allen,TX,75002,32580.0,66428.0,197102.0,669
573,Sylvie Brown,52,64,1968,2,Female,Pearland,TX,77584,36253.0,73920.0,166395.0,683
574,Alaia Jackson,22,73,1998,2,Female,Salt Lake City,UT,84112,10539.0,21490.0,32587.0,682
575,Marlee Phillips,68,64,1951,4,Female,Somerville,MA,2143,31849.0,59938.0,36978.0,670
576,Vladimir Xi,54,65,1965,6,Male,Monroe,NY,10950,25534.0,52062.0,97881.0,775
577,Tyson Young,58,65,1961,10,Male,Union City,CA,94587,29097.0,59322.0,145137.0,694
578,Miya Russell,26,69,1993,9,Female,Troy,MI,48083,26120.0,53254.0,131334.0,736
579,Soren Martinez,61,67,1958,11,Male,Indianapolis,IN,46235,16045.0,32716.0,46919.0,593
580,Chandler Morales,79,68,1940,3,Male,Muskegon,MI,49441,19131.0,30977.0,21507.0,796
581,Reign Russell,67,71,1952,10,Female,Adrian,MI,49221,17144.0,34954.0,5942.0,729
582,Ellen Watson,47,69,1973,2,Female,Chicago,IL,60623,11951.0,24372.0,63295.0,793
583,Guadalupe Chen,51,66,1968,7,Female,Defiance,OH,43512,18229.0,37169.0,93844.0,722
584,Blake Sanchez,36,69,1983,8,Male,Houston,TX,77047,19554.0,39871.0,73726.0,719
585,Lauryn Fox,44,68,1976,2,Female,Morristown,MN,55052,19630.0,40026.0,70877.0,768
586,Gwen Evans,19,67,2000,3,Female,Sugar Land,TX,77478,35183.0,71740.0,38238.0,767
587,Avery Williams,21,66,1998,8,Male,Hempstead,NY,11550,20152.0,41087.0,22720.0,695
588,Maleah Morris,18,55,2001,12,Female,Anchorage,AK,99507,28730.0,58579.0,94998.0,808
589,Colt Martinez,86,68,1933,9,Male,San Antonio,TX,78230,29557.0,33426.0,1852.0,699
590,Winnie Nelson,23,65,1997,2,Female,Lafayette,LA,70506,22001.0,44862.0,78350.0,750
591,Cade Campbell,34,65,1985,10,Male,Amherst,OH,44001,22261.0,45388.0,64749.0,723
592,Ivan Morales,73,68,1946,9,Male,Tucker,GA,30084,22682.0,34220.0,0.0,745
593,Trent Brown,19,66,2000,9,Male,Devon,PA,19333,58297.0,118862.0,276156.0,782
594,Azariah Diaz,20,62,1999,9,Female,Getzville,NY,14068,29558.0,60265.0,80939.0,582
595,Khalid Cooper,45,66,1974,3,Male,Vancleve,KY,41385,11644.0,23740.0,4313.0,841
596,Fisher Roman,39,67,1980,5,Male,Miami,FL,33175,18828.0,38386.0,74820.0,850
597,Harrison Fisher,46,70,1973,6,Male,Woonsocket,RI,2895,19065.0,38872.0,86648.0,585
598,Anabelle Faraday,37,68,1982,3,Female,Atlanta,GA,30316,24196.0,49335.0,51520.0,773
599,Valerie Scott,50,79,1969,9,Female,Monroe,MI,48161,19736.0,40246.0,74352.0,641
600,Kace Gao,50,66,1970,1,Male,Chicago,IL,60622,39789.0,81122.0,112394.0,682
601,Jayceon Neufelder,18,64,2001,4,Male,Punta Gorda,FL,33950,14352.0,29265.0,37375.0,647
602,Darius Evans,51,65,1968,4,Male,Gilbert,AZ,85295,30557.0,62304.0,113416.0,719
603,Dean Lonsdale,54,65,1965,10,Male,Carrollton,TX,75006,21381.0,43598.0,15891.0,757
604,Zavier Allen,54,63,1965,5,Male,Rosharon,TX,77583,22856.0,46603.0,57177.0,612
605,Nathan Sanders,26,71,1993,3,Male,Fort Lauderdale,FL,33311,14191.0,28931.0,34511.0,711
606,Susan Labelle,42,71,1977,9,Female,Broad Run,VA,20137,35905.0,73208.0,115827.0,664
607,Ellianna Cooper,42,68,1978,2,Female,Township Of Washington,NJ,7676,37908.0,77288.0,46160.0,771
608,Shepherd Cox,30,66,1989,9,Male,Lake Worth,FL,33463,18415.0,37544.0,15489.0,703
609,Dallas Fox,58,65,1961,11,Male,Cornell,IL,61319,19926.0,40628.0,66552.0,636
610,Kimora Lewis,24,68,1995,4,Female,Warm Springs,GA,31830,15433.0,31469.0,53555.0,645
611,Milo Walker,53,65,1967,2,Male,Albuquerque,NM,87121,15385.0,31369.0,0.0,707
612,Ophelia Peres,36,65,1983,9,Female,Greenville,OH,45331,16351.0,33339.0,83353.0,679
613,Kyree Wood,25,65,1994,11,Male,Cantonment,FL,32533,20273.0,41338.0,90737.0,772
614,Alma Xi,54,66,1965,12,Female,Carthage,NY,13619,17220.0,35114.0,24637.0,686
615,Bryan Ajami,39,65,1980,9,Male,Louisville,KY,40299,25258.0,51499.0,7226.0,788
616,Joslyn Faraday,85,67,1934,10,Female,Lakewood,NJ,8701,13006.0,9795.0,396.0,771
617,Prakash Braun,19,67,2000,9,Male,Belmont,CA,94002,46616.0,95045.0,132371.0,708
618,Kace Gomez,66,72,1953,3,Male,Mulberry,FL,33860,17944.0,36589.0,86573.0,676
619,Romina Smith,59,63,1960,11,Female,Tampa,FL,33618,28916.0,58959.0,109358.0,598
620,Kaleb Lonsdale,61,61,1958,12,Male,Pinole,CA,94564,25849.0,28210.0,22961.0,655
621,Colton Stewart,39,68,1980,5,Male,Laurel,MD,20708,27635.0,56347.0,32530.0,779
622,Alicia Young,59,72,1961,1,Female,Claremont,NC,28610,18029.0,36760.0,95755.0,593
623,Cassius Schmidt,38,67,1981,11,Male,Carmel,CA,93923,29174.0,59482.0,130605.0,688
624,Sadie Cruz,55,60,1964,5,Female,Fort Worth,TX,76119,12175.0,24827.0,60261.0,590
625,Royalty Miller,67,65,1953,1,Female,San Jose,CA,95134,51631.0,52929.0,37514.0,737
626,Nathaniel Bell,52,70,1967,12,Male,Indianapolis,IN,46256,31114.0,63433.0,122550.0,770
627,Judah Richardson,21,67,1998,11,Male,Houston,TX,77049,19364.0,39485.0,144101.0,685
628,Celine Gutierrez,33,59,1986,8,Female,Valparaiso,IN,46383,25472.0,51938.0,97252.0,697
629,Lucinda Cox,68,53,1951,12,Female,Annandale,VA,22003,30622.0,65298.0,18684.0,524
630,Zaniyah Lewis,58,65,1962,1,Female,Trenton,GA,30752,15950.0,32520.0,29433.0,731
631,Chandler Wright,41,63,1978,8,Male,Park Forest,IL,60466,19359.0,39472.0,82626.0,698
632,Victoria Edwards,37,66,1982,5,Female,Kilauea,HI,96754,16898.0,34457.0,48966.0,666
633,Alessandro Thompson,48,73,1971,12,Male,Highland,NY,12528,26227.0,53478.0,73030.0,674
634,Keegan Myers,39,68,1980,10,Male,Ludington,MI,49431,15863.0,32343.0,59006.0,732
635,Remington Labelle,83,65,1937,1,Male,Westminster,SC,29693,15406.0,31943.0,1248.0,686
636,Jillian Ramirez,41,56,1978,10,Female,Manly,IA,50456,16081.0,32789.0,47679.0,699
637,William Foster,29,64,1990,8,Male,San Francisco,CA,94134,20536.0,41873.0,76725.0,717
638,Kenny Evans,44,66,1976,1,Male,Bloomfield,IN,47424,18204.0,37115.0,58438.0,685
639,Kaylani Thompson,40,65,1979,12,Female,Stanford,KY,40484,15202.0,30997.0,81716.0,722
640,Alina Braun,25,67,1994,8,Female,Bellevue,WA,98005,43432.0,88554.0,142154.0,701
641,Simeon Miller,29,63,1990,3,Male,Shafter,CA,93263,14556.0,29682.0,65845.0,659
642,Kade Williams,61,68,1959,1,Male,Bennett,CO,80102,26369.0,53762.0,37361.0,689
643,Gwendolyn Labelle,19,66,2001,1,Female,New York,NY,10026,26718.0,54477.0,72241.0,802
644,Frances Johnson,30,67,1989,7,Female,Independence,MO,64050,16224.0,33076.0,50117.0,721
645,Reid Robinson,58,67,1961,5,Male,Erie,PA,16505,24324.0,49595.0,68057.0,676
646,Pierce Perry,31,67,1988,12,Male,Scituate,MA,2066,40226.0,82019.0,64583.0,695
647,Ulises Chen,76,66,1943,5,Male,Sacramento,CA,95831,26815.0,51942.0,22839.0,723
648,Faith Myers,74,67,1945,3,Female,Chula Vista,CA,91910,20102.0,29130.0,8746.0,720
649,Maya Torres,71,66,1948,8,Female,Charleston,WV,25312,16835.0,13937.0,3854.0,783
650,Austin Robinson,20,63,1999,3,Male,Berwyn,IL,60402,18714.0,38158.0,80609.0,666
651,Amora Jenkins,47,67,1972,7,Female,Batavia,IL,60510,33701.0,68710.0,201796.0,717
652,Finley Evans,37,75,1983,1,Female,Naperville,IL,60564,49195.0,100303.0,53919.0,821
653,Naomi Anwar,58,65,1961,11,Female,Epping,NH,3042,25001.0,50980.0,87715.0,691
654,Levi Gomez,18,69,2002,1,Male,Sergeant Bluff,IA,51054,22958.0,46810.0,0.0,747
655,Hugo Diaz,61,65,1959,2,Male,Sammamish,WA,98075,50607.0,103185.0,206422.0,564
656,Colson James,23,71,1996,4,Male,North Las Vegas,NV,89081,22907.0,46704.0,91946.0,810
657,Gianni Merkel,35,61,1985,1,Male,Wynnewood,PA,19096,50579.0,103126.0,130160.0,642
658,Anakin Harris,48,61,1971,6,Male,Fayetteville,NC,28312,18376.0,37468.0,73448.0,666
659,Evelyn Hall,51,67,1968,7,Female,Mount Kisco,NY,10549,55274.0,112695.0,35135.0,840
660,Maximus Cruz,23,65,1996,5,Male,Holland,MI,49424,21668.0,44181.0,82622.0,701
661,Princess Collins,26,65,1993,5,Female,Mohegan Lake,NY,10547,33263.0,67820.0,86177.0,628
662,Francesca Schmidt,80,67,1939,4,Female,Frankfort,IN,46041,16421.0,24884.0,1828.0,850
663,Juliette Wright,41,53,1978,8,Female,San Diego,CA,92130,0.0,553.0,740.0,719
664,Leif Sullivan,40,64,1979,11,Male,Foxboro,MA,2035,35544.0,72470.0,133421.0,711
665,Selena Thompson,35,66,1984,11,Female,Hillsboro,IL,62049,17696.0,36081.0,118151.0,682
666,Jayden Myers,37,68,1982,6,Male,Woburn,MA,1801,29122.0,59375.0,0.0,729
667,Rodney James,18,70,2002,2,Male,Hernando,MS,38632,23782.0,48491.0,158871.0,588
668,Stephanie Gomez,60,67,1959,4,Female,West Baden Springs,IN,47469,15138.0,30867.0,12686.0,794
669,Annabella Ward,33,67,1986,5,Female,Monroe,NC,28110,19605.0,39974.0,64403.0,652
670,Camden Neufelder,39,72,1981,2,Male,Arlington,TX,76002,24331.0,49611.0,110543.0,739
671,Cristiano Morris,24,69,1995,10,Male,Hammond,LA,70401,17584.0,35856.0,73257.0,712
672,Ansley Reed,35,72,1984,9,Female,Covington,VA,24426,17537.0,35760.0,62768.0,830
673,Colten Bailey,40,69,1979,6,Male,Greenville,SC,29611,13249.0,27013.0,58806.0,651
674,Kole Gonzalez,63,62,1956,4,Male,Aurora,CO,80013,24849.0,58006.0,20196.0,774
675,Brylee Wilson,80,67,1940,1,Female,Kent,WA,98032,24884.0,39110.0,363.0,750
676,Isabela Bell,38,66,1981,12,Female,Shepherdsville,KY,40165,19661.0,40087.0,17392.0,712
677,Lane Cooper,46,65,1973,10,Male,Philadelphia,PA,19135,17603.0,35891.0,87749.0,577
678,Rosie Lonsdale,83,65,1936,3,Female,Stamford,CT,6902,37213.0,74753.0,1585.0,726
679,Finley Reed,31,70,1988,5,Male,Banning,CA,92220,13002.0,26511.0,21869.0,769
680,Kian Richardson,76,69,1943,4,Male,Olathe,KS,66061,28490.0,19682.0,0.0,683
681,Sadie Braun,81,64,1938,9,Female,Miami,FL,33179,19386.0,23217.0,2559.0,616
682,Avi Wilson,30,66,1989,5,Male,Boulder,CO,80302,33151.0,67589.0,0.0,734
683,Atlas Fox,30,68,1989,8,Male,South Hamilton,MA,1982,45596.0,92960.0,64167.0,724
684,Macy Wilson,52,61,1967,4,Female,Walnut Creek,CA,94596,42685.0,87030.0,156474.0,646
685,Keanu Ortiz,72,66,1948,2,Male,Ridgewood,NY,11385,19329.0,22918.0,11371.0,750
686,Samara Cruz,29,56,1990,9,Female,Stockton,UT,84071,24445.0,49842.0,79750.0,698
687,Miya Campbell,36,75,1983,4,Female,Seaford,DE,19973,17624.0,35933.0,23451.0,812
688,Leon Lewis,42,67,1978,2,Male,Waimanalo,HI,96795,18080.0,36860.0,65049.0,714
689,Scott Sanchez,53,70,1967,2,Male,Cordele,GA,31015,13864.0,28269.0,66681.0,734
690,Clyde Fisher,20,66,1999,11,Male,Ottawa,OH,45875,19827.0,40426.0,76199.0,727
691,Yaretzi Kelley,43,71,1976,8,Female,Anaheim,CA,92804,18330.0,37371.0,3378.0,739
692,Evelynn Foster,33,68,1986,9,Female,San Rafael,CA,94903,33148.0,67589.0,106072.0,602
693,Clyde Brooks,55,66,1964,4,Male,Williston Park,NY,11596,39705.0,80957.0,161166.0,683
694,Linda Phillips,64,69,1955,7,Female,Wilton,CT,6897,94302.0,192269.0,100192.0,700
695,Bo Bailey,34,75,1985,8,Male,Tucson,AZ,85710,17480.0,35641.0,64419.0,625
696,Alice Torres,33,69,1986,8,Female,Lobelville,TN,37097,14073.0,28696.0,52910.0,686
697,Lance Xi,30,65,1989,4,Male,Rome,NY,13440,18712.0,38153.0,92466.0,658
698,Ana Gray,51,73,1968,8,Female,Lorton,VA,22079,35062.0,71490.0,0.0,782
699,Magdalena Schmidt,20,67,1999,12,Female,Woodland,WA,98674,21093.0,43006.0,26144.0,688
700,Guillermo Richardson,44,67,1975,6,Male,Saint Amant,LA,70774,24289.0,49523.0,89129.0,688
701,Mohammed Carter,31,76,1988,11,Male,Memphis,TN,38106,10730.0,21876.0,20169.0,786
702,Brooklynn Butler,27,67,1992,8,Female,Griffith,IN,46319,21992.0,44843.0,67179.0,756
703,Kaiya Johnson,43,65,1976,3,Female,Durham,NC,27704,17625.0,35938.0,47204.0,670
704,Arielle Williams,73,65,1946,10,Female,Danville,VA,24541,16745.0,28553.0,19507.0,745
705,Thea Harris,18,68,2001,12,Female,Fayetteville,NC,28311,19520.0,39803.0,53607.0,695
706,Hana Flores,50,68,1969,9,Female,Murrieta,CA,92563,24069.0,49076.0,56547.0,715
707,Ledger Barnes,41,65,1978,10,Male,Cleveland,OH,44143,27646.0,56368.0,71544.0,664
708,Julieta Gao,35,66,1984,6,Female,Philadelphia,PA,19138,16114.0,32855.0,94228.0,693
709,Ian Reyes,65,64,1955,2,Male,Fort Worth,TX,76148,21401.0,18149.0,26672.0,738
710,Brecken Roman,44,65,1975,11,Male,Wellington,OH,44090,19818.0,40407.0,25986.0,697
711,Harry Murphy,19,60,2000,6,Male,Surprise,AZ,85388,23747.0,48418.0,73106.0,756
712,Keenan Labelle,61,73,1958,7,Male,Levittown,NY,11756,29337.0,59815.0,73325.0,573
713,Carlee Fu,23,66,1996,8,Female,Chicago,IL,60612,20822.0,42454.0,63754.0,750
714,Lillian Butler,43,69,1976,5,Female,Bessemer City,NC,28016,16073.0,32775.0,72785.0,637
715,Santino Powell,36,67,1983,12,Male,Mukwonago,WI,53149,28215.0,57532.0,61268.0,735
716,Scarlet Martin,34,67,1985,11,Female,Mena,AR,71953,12910.0,26325.0,32456.0,562
717,Landry Smith,70,74,1950,1,Male,Fremont,CA,94536,33727.0,68765.0,75608.0,798
718,Merrick Barnes,26,58,1993,4,Male,Saint Marys,PA,15857,18965.0,38670.0,80894.0,630
719,Ari Phillips,57,65,1962,11,Female,Prichard,WV,25555,17918.0,36528.0,109785.0,701
720,Micheal Long,28,61,1991,4,Male,Broken Bow,OK,74728,13811.0,28163.0,50872.0,689
721,Liv Rivera,56,70,1963,8,Female,Marietta,GA,30008,17977.0,36652.0,60949.0,600
722,Mustafa Torres,18,70,2001,12,Male,Attleboro,MA,2703,26693.0,54427.0,96369.0,714
723,Kaydence Allen,27,66,1992,6,Female,Poway,CA,92064,36390.0,74198.0,16084.0,838
724,Yousef Long,18,66,2002,1,Male,Greenville,NC,27834,17116.0,34904.0,46002.0,657
725,Grant Mitchell,55,73,1964,12,Male,Memphis,TN,38103,47798.0,97455.0,219213.0,616
726,Jamie Ajami,37,66,1983,1,Female,Fullerton,CA,92831,25592.0,52181.0,26792.0,727
727,Micheal Farhad,68,68,1951,6,Male,Claypool,IN,46510,17969.0,27939.0,11243.0,841
728,Alessia Abe,54,74,1965,5,Female,Colorado Springs,CO,80903,20579.0,41957.0,151027.0,783
729,Leighton Faraday,26,61,1993,11,Female,Richmond,KY,40475,19666.0,40102.0,57857.0,601
730,Hallie Perry,61,69,1958,9,Female,Honolulu,HI,96825,30410.0,62005.0,149968.0,651
731,Edward Rivera,18,58,2002,1,Male,Spokane,WA,99208,21609.0,44061.0,107955.0,713
732,Warren El-Mafouk,49,69,1970,5,Male,Rocky Point,NY,11778,28694.0,58503.0,37838.0,680
733,Johanna Peres,28,67,1991,5,Female,Buffalo,NY,14215,14456.0,29478.0,39224.0,675
734,Allie Sadr,29,66,1990,8,Female,Laurel,MT,59044,19625.0,40005.0,37694.0,737
735,Dario El-Mafouk,70,66,1949,5,Male,Delavan,WI,53115,18351.0,31901.0,16285.0,778
736,Brianna Jenkins,28,63,1991,8,Female,Miami,FL,33194,21602.0,44046.0,57982.0,557
737,Ari Roman,61,65,1958,5,Male,Joliet,IL,60436,17567.0,35823.0,96691.0,732
738,Maria Kelly,29,69,1990,5,Female,Prince George,VA,23875,22059.0,44976.0,80109.0,717
739,Orlando Perry,28,66,1992,2,Male,Portage,WI,53901,19635.0,40035.0,69241.0,684
740,Suzette Burns,31,62,1988,5,Female,North Little Rock,AR,72116,25002.0,50978.0,76898.0,574
741,Mark Merkel,76,72,1943,6,Male,Clinton Township,MI,48036,19780.0,34408.0,9107.0,701
742,Alexia Ward,22,68,1997,9,Female,Chicago,IL,60614,0.0,2026.0,1417.0,779
743,Kaleb Miller,59,66,1960,5,Male,Oviedo,FL,32765,27255.0,55571.0,93460.0,636
744,Valentino Reed,26,59,1993,12,Male,Weare,NH,3281,26084.0,53182.0,99550.0,623
745,Jerry Jackson,33,67,1987,2,Male,Wellsburg,WV,26070,16648.0,33944.0,53353.0,798
746,Isaiah Murphy,54,59,1965,7,Male,Bethesda,MD,20814,56069.0,114318.0,328089.0,748
747,Marcelo Cruz,67,66,1952,12,Male,Detroit,MI,48202,14848.0,28714.0,12978.0,638
748,Aydin Cook,41,66,1979,2,Male,Henderson,NV,89002,28985.0,59093.0,117325.0,737
749,Alayah Gray,39,68,1980,3,Female,Whittier,CA,90601,25242.0,51465.0,0.0,702
750,Travis Cook,20,69,1999,8,Male,Waterford,NY,12188,24904.0,50776.0,19785.0,701
751,Shelby Phillips,28,65,1991,9,Female,Quakertown,PA,18951,25205.0,51391.0,84768.0,573
752,Kobe Carter,53,65,1966,12,Male,Princeton,NJ,8540,0.0,920.0,1914.0,788
753,Briella Nguyen,50,73,1969,10,Female,Stuart,FL,34997,20315.0,41420.0,0.0,691
754,Mary Peterson,52,67,1967,4,Female,David City,NE,68632,16901.0,34460.0,43936.0,692
755,Ismael Masvidal,41,65,1979,2,Male,Waynesboro,VA,22980,18531.0,37786.0,107692.0,693
756,Vivian Rogers,21,70,1998,4,Female,Virginia Beach,VA,23453,20678.0,42161.0,59210.0,672
757,Reign Scott,30,69,1989,3,Male,Cincinnati,OH,45245,25503.0,51998.0,73575.0,640
758,Evelynn Harris,22,67,1997,12,Female,Central,SC,29630,18271.0,37253.0,63522.0,576
759,Aarav Jenkins,49,65,1970,12,Male,Wichita Falls,TX,76301,13705.0,27943.0,18693.0,681
760,Genesis Mitchell,76,69,1943,3,Female,Myrtle Beach,SC,29579,19025.0,32817.0,27209.0,705
761,Amos Leroux,62,66,1957,8,Male,Bristol,NH,3222,18972.0,38681.0,113190.0,663
762,Amari Torres,48,68,1971,7,Male,Luverne,AL,36049,15474.0,31553.0,63938.0,729
763,Roman Barnes,36,70,1983,8,Male,Puyallup,WA,98373,24519.0,49993.0,52978.0,767
764,Gary Anwar,63,64,1956,4,Male,New Marshfield,OH,45766,14137.0,28828.0,49793.0,687
765,Ximena Butler,77,63,1942,3,Female,New York,NY,10003,0.0,1.0,0.0,673
766,Charles Fisher,31,74,1988,3,Male,Houston,TX,77096,31072.0,63356.0,140107.0,704
767,Kora Watson,33,58,1986,12,Female,Carrollton,TX,75007,28213.0,57526.0,82715.0,812
768,Odin Evans,36,65,1983,7,Male,Cherry Hill,NJ,8003,39626.0,80794.0,3867.0,803
769,Kaylani Sullivan,57,64,1962,12,Female,Mansfield,MA,2048,37407.0,76274.0,102611.0,698
770,Zaylee Anderson,29,60,1990,5,Female,Berlin,WI,54923,19059.0,38861.0,62080.0,528
771,Henrik Johnson,32,65,1987,4,Male,Thibodaux,LA,70301,22223.0,45312.0,11788.0,681
772,Gerald Myers,63,68,1956,12,Male,Alhambra,CA,91801,21178.0,43180.0,36832.0,764
773,Stella Masvidal,25,66,1994,10,Female,Andover,MN,55304,29580.0,60310.0,91017.0,647
774,Leila Ryan,64,69,1955,11,Female,Moreno Valley,CA,92553,15079.0,30747.0,51667.0,850
775,Tate Garcia,21,68,1998,9,Male,Pueblo,CO,81007,21394.0,43617.0,16661.0,803
776,Lillie Mitchell,51,71,1968,7,Female,Janesville,WI,53546,21278.0,43386.0,2192.0,698
777,Vanessa Sullivan,62,62,1958,2,Female,Milwaukee,WI,53224,19483.0,36465.0,12789.0,688
778,Duncan Torres,72,66,1948,1,Male,San Francisco,CA,94131,51692.0,65055.0,1676.0,736
779,Randy Sadr,21,68,1998,6,Male,Ennis,TX,75119,18112.0,36924.0,71952.0,701
780,Leif Howard,34,69,1985,11,Male,Calistoga,CA,94515,21373.0,43579.0,96994.0,795
781,Elias Collins,54,65,1965,12,Male,Rochester,MN,55901,26478.0,53986.0,58381.0,748
782,Kailyn Ramirez,21,61,1998,9,Female,Cambridge,MA,2138,47637.0,97127.0,210206.0,660
783,Calvin Peres,52,71,1967,4,Male,Stamford,CT,6906,34138.0,69604.0,47193.0,684
784,Marissa Bailey,49,68,1971,1,Female,Cedar Park,TX,78613,30418.0,62019.0,85666.0,543
785,Henrik Farhad,19,68,2000,11,Male,Inglewood,CA,90301,15965.0,32550.0,82878.0,746
786,Holden Howard,30,65,1989,4,Male,Lost Creek,WV,26385,17701.0,36092.0,63276.0,679
787,Lincoln Sanders,55,67,1964,7,Male,Mountlake Terrace,WA,98043,23668.0,48259.0,146774.0,721
788,Zahir Gomez,42,68,1977,11,Male,Paragould,AR,72450,15447.0,31499.0,45661.0,782
789,Brielle Ortiz,36,71,1983,7,Female,Abbeville,SC,29620,15243.0,31079.0,91845.0,605
790,Jaxson Brown,46,66,1973,8,Male,Miami,FL,33186,23244.0,47395.0,41381.0,755
791,Eduardo Torres,42,73,1977,10,Male,Brooklyn,NY,11210,23316.0,47542.0,2667.0,725
792,Marcelo Flores,58,67,1962,1,Male,Burke,VA,22015,35563.0,72510.0,44317.0,727
793,Nixon Butler,48,66,1972,2,Male,Shelton,CT,6484,32240.0,65736.0,206000.0,733
794,Noor Fisher,71,71,1948,3,Female,Weatherford,TX,76086,19120.0,19581.0,21424.0,706
795,Dean Evans,57,64,1962,6,Male,Auburn,ME,4210,20800.0,42411.0,111077.0,765
796,Madalynn Gonzalez,87,64,1932,4,Female,Seattle,WA,98122,37485.0,55902.0,3385.0,531
797,Peyton Stewart,38,68,1981,10,Male,Lancaster,PA,17601,25917.0,52844.0,0.0,826
798,Ulises Ward,46,65,1973,9,Male,Winder,GA,30680,18171.0,37056.0,75730.0,753
799,Paul Thompson,44,64,1976,1,Male,Citrus Heights,CA,95621,19726.0,40220.0,106171.0,718
800,Canaan Long,81,71,1938,9,Male,North Hollywood,CA,91605,15239.0,28644.0,879.0,806
801,Abril Perry,52,66,1968,2,Female,Los Angeles,CA,90018,14553.0,29673.0,12950.0,788
802,Rodney Jackson,61,62,1958,12,Male,Rincon,GA,31326,23029.0,46954.0,69753.0,578
803,Cristian Adams,33,66,1986,7,Male,Huntington,WV,25705,21842.0,44534.0,107410.0,702
804,Jerry Abe,51,65,1968,6,Male,Riverside,CA,92505,18619.0,37963.0,102716.0,772
805,Henley Anwar,40,67,1979,5,Female,Mckinney,TX,75069,24684.0,50329.0,76759.0,625
806,Kaiser Watson,44,66,1975,6,Male,Philadelphia,PA,19145,18007.0,36715.0,74022.0,547
807,Elisha Rivera,60,66,1959,7,Male,Jacksonville,FL,32218,19382.0,39521.0,61861.0,491
808,Paola Howard,78,67,1941,5,Female,Fort Mill,SC,29715,26707.0,51014.0,23366.0,759
809,Oscar Sanders,41,65,1978,10,Male,Alpine,UT,84004,35834.0,73067.0,6332.0,721
810,Aspen Nguyen,63,65,1956,12,Female,San Leandro,CA,94578,21669.0,44183.0,89852.0,850
811,Zion Hill,21,65,1998,10,Male,Columbus,OH,43211,11243.0,22922.0,9004.0,694
812,Maggie Abe,28,68,1992,1,Female,Powell,OH,43065,41682.0,84987.0,162718.0,600
813,Veda Brown,63,69,1956,3,Female,Rosebush,MI,48878,16542.0,33728.0,107287.0,730
814,Emilee Fu,81,65,1939,1,Female,Warren,OH,44485,12406.0,11613.0,427.0,790
815,Chad Gray,47,66,1972,8,Male,Barnhart,MO,63012,23836.0,48600.0,23992.0,791
816,Ray El-Mafouk,58,63,1961,7,Male,Cordova,TN,38018,29571.0,60292.0,114223.0,531
817,Opal Fisher,42,61,1977,3,Female,Oxford,MI,48371,28463.0,58034.0,129546.0,676
818,Edison Hill,68,67,1951,7,Male,Orlando,FL,32818,15849.0,43004.0,15304.0,761
819,Danielle Macron,51,70,1968,7,Female,Okmulgee,OK,74447,14293.0,29144.0,35268.0,645
820,Armando Nguyen,46,63,1973,8,Male,San Antonio,TX,78210,12677.0,25850.0,56285.0,630
821,Ariella Fisher,28,59,1992,2,Female,Wyoming,MI,49519,18431.0,37583.0,51633.0,782
822,Jayden Howard,20,60,1999,11,Female,Kent,OH,44240,20305.0,41403.0,206131.0,776
823,Alvaro Cook,61,69,1958,7,Male,Mamaroneck,NY,10543,49546.0,101018.0,78115.0,748
824,Simeon Wilson,30,69,1989,4,Male,Thomson,GA,30824,15755.0,32125.0,58712.0,733
825,Avah White,80,67,1939,12,Female,Tampa,FL,33610,13254.0,13596.0,352.0,684
826,Judah Collins,51,62,1968,11,Male,Morrisville,PA,19067,39495.0,80526.0,117380.0,632
827,Ben Cook,36,59,1983,8,Male,Loganville,GA,30052,21556.0,43953.0,76915.0,607
828,Alyson Carter,56,68,1963,12,Female,Birmingham,AL,35212,15471.0,31533.0,42315.0,753
829,Belle Parker,23,65,1996,9,Female,El Cajon,CA,92020,20947.0,42711.0,48493.0,717
830,Genesis Ortiz,74,67,1945,11,Female,North Myrtle Beach,SC,29598,13409.0,23137.0,4871.0,642
831,Tristian White,18,64,2002,1,Male,Sylmar,CA,91342,19508.0,39778.0,60850.0,702
832,Melvin Barnes,42,72,1977,8,Male,Lake Hopatcong,NJ,7849,34205.0,69747.0,80763.0,741
833,Charlie Martin,54,63,1965,10,Male,Cape Coral,FL,33909,17140.0,34947.0,49024.0,751
834,Elijah Reyes,63,60,1956,4,Male,Mokena,IL,60448,32083.0,77961.0,39811.0,616
835,Melina Nguyen,22,66,1997,4,Female,Little Silver,NJ,7739,56252.0,114692.0,91575.0,805
836,Ahmed Anderson,47,62,1972,9,Male,Bronx,NY,10456,12475.0,25434.0,45540.0,712
837,Gia Davis,56,64,1964,2,Female,Columbus,OH,43228,18420.0,37558.0,72514.0,778
838,Jessica Evans,30,66,1989,12,Female,Columbus,OH,43206,23104.0,47110.0,57159.0,804
839,Apollo Roberts,52,68,1968,2,Male,Eaton,IN,47338,15048.0,30681.0,81680.0,746
840,Esperanza Peres,20,66,1999,8,Female,The Colony,TX,75056,31905.0,65051.0,220951.0,703
841,Lillian Rodriguez,49,67,1970,5,Female,Eight Mile,AL,36613,15207.0,31008.0,60527.0,713
842,Elliot Harris,62,68,1957,11,Male,Columbus,OH,43228,18420.0,37556.0,0.0,735
843,Kamryn Adams,76,68,1944,2,Male,Indianapolis,IN,46221,17909.0,21547.0,16040.0,785
844,Lukas Ortiz,20,68,1999,4,Male,Osceola,AR,72370,14249.0,29051.0,5819.0,774
845,Kennedy Farhad,19,69,2000,5,Female,Aurora,IL,60505,14200.0,28953.0,3619.0,738
846,Autumn Mitchell,39,65,1980,7,Female,Fort Lauderdale,FL,33326,28826.0,58774.0,94053.0,528
847,Grant Carter,46,61,1973,7,Male,Twin Falls,ID,83301,16378.0,33395.0,57774.0,588
848,Tatum Baker,87,65,1933,1,Female,Venice,FL,34293,14395.0,22894.0,1501.0,767
849,Legacy Peres,45,67,1974,6,Female,Yonkers,NY,10710,31299.0,63815.0,4832.0,699
850,Journey Ramirez,57,67,1963,2,Female,Chula Vista,CA,91913,26957.0,54963.0,105623.0,675
851,Lamar Sanders,28,69,1991,9,Male,New York,NY,10039,17624.0,35940.0,54354.0,595
852,Blaze Bennett,62,67,1957,5,Male,Palmdale,CA,93552,18103.0,36911.0,93367.0,724
853,Erin Burns,34,64,1985,12,Female,Jasper,IN,47546,21991.0,44838.0,109951.0,561
854,Zoe Gray,59,72,1960,3,Female,Sunnyvale,CA,94087,45509.0,92785.0,122254.0,786
855,Avi Martin,67,70,1953,1,Male,Butler,OH,44822,17161.0,34985.0,29409.0,723
856,Sebastian Howard,39,68,1980,11,Male,Muncie,IN,47304,20644.0,42086.0,79530.0,784
857,Magdalena Farhad,45,61,1974,11,Female,Sarasota,FL,34232,19065.0,38872.0,94970.0,663
858,Paisleigh Perez,50,66,1970,2,Female,Beaverton,OR,97008,23687.0,48295.0,109558.0,707
859,Paislee Collins,28,64,1991,6,Female,Gadsden,AL,35902,19474.0,39708.0,113715.0,717
860,Jazmine Ortiz,56,72,1963,6,Female,Queensbury,NY,12804,22273.0,45416.0,82611.0,713
861,Analia Nelson,36,67,1983,7,Female,Fontana,CA,92335,13739.0,28007.0,0.0,691
862,Addilynn Bennett,48,64,1971,11,Female,Rockford,IL,61109,18906.0,38554.0,47186.0,708
863,Bexley Howard,27,67,1992,8,Female,Elkton,VA,22827,18335.0,37384.0,120327.0,706
864,Jenna Thompson,29,71,1990,11,Female,North Brunswick,NJ,8902,31234.0,63684.0,96864.0,709
865,Lucia Gonzalez,92,61,1927,12,Female,Rialto,CA,92376,14632.0,26546.0,2480.0,689
866,Melody Clark,35,62,1984,11,Female,Lebanon,MO,65536,13963.0,28472.0,42750.0,508
867,Cayson Wood,49,65,1970,4,Male,Pana,IL,62557,15676.0,31957.0,12347.0,771
868,Dominik Gutierrez,61,68,1958,8,Male,North Highlands,CA,95660,14318.0,29195.0,64881.0,743
869,Thaddeus Phillips,36,67,1983,10,Male,Eureka,CA,95503,17839.0,36372.0,79220.0,684
870,Aspen Stewart,48,70,1971,7,Female,Atlanta,GA,30307,45818.0,93417.0,115916.0,714
871,Elsie Sanders,40,61,1980,2,Female,Silver City,NM,88061,14642.0,29854.0,66044.0,674
872,Wynter Myers,43,69,1976,11,Female,Los Angeles,CA,90044,12362.0,25207.0,34107.0,685
873,Fletcher Xi,25,66,1995,1,Male,Freeland,PA,18224,16168.0,32966.0,73741.0,707
874,Valentin Peterson,66,67,1953,7,Male,Clearwater,FL,33761,23528.0,47972.0,0.0,748
875,Leonidas Labelle,50,66,1970,2,Male,Pinehurst,NC,28374,24206.0,49350.0,20942.0,713
876,Courtney Torres,39,63,1980,12,Female,Miami,FL,33126,14901.0,30383.0,58466.0,609
877,Kaya Macron,44,65,1975,3,Female,Ashland,KY,41102,18916.0,38568.0,66300.0,756
878,Riley Neufelder,35,69,1984,5,Female,Alexandria,MN,56308,20179.0,41141.0,81016.0,706
879,Decker Wood,24,66,1996,2,Male,Fort Dodge,IA,50501,18895.0,38526.0,60556.0,778
880,Marie Cook,35,66,1984,12,Female,Fort Wayne,IN,46809,16764.0,34181.0,50668.0,764
881,Emiliano Wood,83,63,1936,3,Male,Durham,NC,27713,30325.0,41763.0,2279.0,714
882,Cole Baker,50,68,1969,11,Male,Walnut Creek,CA,94598,42234.0,86113.0,177353.0,713
883,Declan Foster,52,73,1968,2,Male,Sherwood,AR,72120,22377.0,45625.0,81136.0,662
884,Princess Chen,62,66,1957,9,Female,Kirkland,WA,98033,49629.0,101193.0,124771.0,747
885,Kannon Harris,64,66,1956,2,Male,Rochelle,IL,61068,18590.0,37898.0,36994.0,716
886,Adele Anwar,82,67,1937,9,Female,Greensburg,PA,15601,23074.0,52315.0,3174.0,695
887,Kailey Wright,28,67,1991,10,Female,Medford,NJ,8055,39269.0,80060.0,0.0,689
888,Camila Braun,89,72,1930,10,Female,Glenview,IL,60025,38274.0,50341.0,3270.0,735
889,Naya Howard,47,66,1972,7,Female,Williamstown,NJ,8094,24911.0,50790.0,3547.0,726
890,Alivia Xi,33,65,1986,11,Female,Grand Prairie,TX,75050,18334.0,37384.0,49182.0,713
891,Kane Martin,58,65,1961,6,Male,Honesdale,PA,18431,17302.0,35274.0,35234.0,708
892,Timothy Anderson,30,68,1989,7,Male,Mackinaw,IL,61755,23199.0,47300.0,93788.0,784
893,River Wilson,35,68,1984,9,Male,Compton,CA,90221,12849.0,26201.0,42551.0,655
894,Kelly Reed,62,62,1958,2,Female,Glendale,CA,91205,16842.0,20783.0,23623.0,699
895,Trent Peres,33,69,1986,10,Male,San Antonio,TX,78240,21563.0,43968.0,71218.0,644
896,Kairo Morris,27,66,1992,7,Male,Harlem,GA,30814,16568.0,33778.0,10058.0,757
897,Sloan Nelson,48,63,1971,3,Female,Louisville,OH,44641,18936.0,38611.0,93255.0,755
898,Paula Gutierrez,68,65,1951,3,Female,Sioux Falls,SD,57107,20153.0,39082.0,16870.0,722
899,Janiyah Morales,29,65,1990,6,Female,Ypsilanti,MI,48197,23487.0,47891.0,114299.0,629
900,Presley Nguyen,47,65,1972,5,Female,Bronx,NY,10463,25537.0,52063.0,87549.0,753
901,Chance Ramirez,23,68,1997,1,Male,Cambria Heights,NY,11411,24200.0,49342.0,56137.0,703
902,Aisha Kelly,49,68,1970,12,Female,Somerset,CA,95684,19471.0,39700.0,59062.0,701
903,Kieran Rogers,23,65,1996,12,Male,Fremont,CA,94536,33727.0,68767.0,119831.0,723
904,Darius Thomas,65,67,1955,1,Male,Carson City,NV,89701,19392.0,39543.0,53182.0,776
905,Natasha Roman,41,68,1978,4,Female,Tucson,AZ,85745,22662.0,46209.0,56034.0,710
906,Braydon Flores,36,71,1984,2,Male,Lansdale,PA,19446,31595.0,64419.0,183210.0,711
907,Callie Fisher,50,65,1969,11,Female,Vero Beach,FL,32960,16234.0,33098.0,59605.0,775
908,Kinslee Schmidt,57,66,1962,12,Female,Houston,TX,77086,14959.0,30495.0,70825.0,773
909,Kylan Murphy,45,61,1975,1,Male,Humble,TX,77346,32943.0,67170.0,114251.0,489
910,Aubree Wright,39,65,1980,10,Female,Baton Rouge,LA,70815,17412.0,35501.0,78801.0,693
911,Karlee Williams,46,65,1973,6,Female,Colmar,PA,18915,26545.0,54124.0,0.0,727
912,Chase Ward,65,65,1954,12,Male,Hartsdale,NY,10530,44664.0,40957.0,64144.0,608
913,Riya Lopez,42,67,1977,5,Female,Laurel,MD,20723,35553.0,72478.0,63078.0,728
914,Whitney Mitchell,70,67,1950,1,Female,Sanford,FL,32773,17736.0,26574.0,5244.0,689
915,Addison Long,78,63,1941,8,Female,Brandon,MS,39042,22304.0,23821.0,22427.0,613
916,Brooklyn Morris,55,70,1964,9,Female,Brooklyn,NY,11214,18719.0,38165.0,45891.0,719
917,Ailani Carter,68,72,1951,7,Female,Iron Mountain,MI,49801,19243.0,39238.0,85457.0,702
918,Emelia Green,19,65,2001,2,Female,North Dartmouth,MA,2747,25308.0,51601.0,79143.0,745
919,Galilea Fox,44,66,1975,4,Female,Lucama,NC,27851,15938.0,32491.0,24515.0,682
920,Joy Campbell,19,62,2000,10,Female,Hyde Park,MA,2136,23691.0,48308.0,106571.0,703
921,Jazmin Sanchez,49,61,1970,6,Female,Miami,FL,33155,20499.0,41800.0,67836.0,699
922,Danica Morales,27,74,1993,2,Female,Ankeny,IA,50021,29680.0,60510.0,23196.0,790
923,Mina Taylor,24,65,1995,7,Female,Pleasant Prairie,WI,53158,30288.0,61760.0,163824.0,590
924,Alana Lonsdale,85,69,1934,8,Female,Silver City,NM,88062,16654.0,25066.0,424.0,695
925,Victoria Labelle,78,66,1942,2,Female,Knoxville,TN,37931,24801.0,44469.0,12777.0,733
926,Mercy Russell,21,55,1998,8,Female,Griffith,IN,46319,21992.0,44842.0,54189.0,500
927,Leroy Gutierrez,18,50,2002,1,Male,Okatie,SC,29909,14305.0,29169.0,37230.0,754
928,Bonnie Braun,21,68,1998,7,Female,Portland,OR,97210,42850.0,87372.0,40547.0,792
929,Joshua Ortiz,46,70,1973,4,Male,Chesterfield,VA,23832,26918.0,54881.0,3584.0,700
930,Arely Gonzalez,49,73,1970,3,Female,Tampa,FL,33607,15447.0,31497.0,30805.0,702
931,Julio Rodriguez,24,69,1995,7,Male,Oxnard,CA,93033,14076.0,28703.0,94364.0,560
932,Suzette Reed,35,66,1984,4,Female,Thompsons Station,TN,37179,27637.0,56350.0,120125.0,808
933,Zechariah Cook,31,66,1988,12,Male,Upper Marlboro,MD,20774,33295.0,67886.0,7137.0,803
934,Koa Ross,54,70,1965,4,Male,Philadelphia,PA,19145,18007.0,36711.0,47490.0,687
935,Ivy Macron,61,66,1959,1,Female,Maywood,IL,60153,15451.0,31505.0,59730.0,655
936,Chase Bell,46,62,1973,11,Male,Phoenix,AZ,85023,24064.0,49068.0,123937.0,530
937,Jaycee Taylor,41,68,1978,11,Female,Albuquerque,NM,87105,14078.0,28704.0,103891.0,700
938,Prince Labelle,82,61,1937,6,Male,Fresno,CA,93650,12508.0,26126.0,1213.0,697
939,Tristen Jackson,50,70,1969,7,Male,Versailles,KY,40383,21869.0,44587.0,17148.0,775
940,Carter Macron,25,65,1994,10,Male,Fayetteville,AR,72701,22964.0,46822.0,0.0,810
941,Antonio Davis,40,67,1979,4,Male,Skokie,IL,60077,21801.0,44452.0,12409.0,711
942,Andrew Young,37,73,1983,2,Male,Seneca,PA,16346,16237.0,33108.0,44044.0,829
943,Decker Gomez,25,69,1994,6,Male,Morganton,NC,28655,16445.0,33534.0,76166.0,761
944,Corinne Brown,47,61,1973,2,Female,Chicago,IL,60629,14497.0,29564.0,54279.0,694
945,Clarissa Long,67,67,1952,3,Female,Placentia,CA,92870,26675.0,46945.0,17835.0,682
946,Titan Adams,48,72,1972,1,Male,Morrisville,NC,27560,37121.0,75682.0,37163.0,727
947,Norah Ryan,61,73,1958,10,Female,Greensboro,NC,27407,19453.0,39661.0,74740.0,850
948,Aden Rodriguez,20,64,1999,6,Male,Portland,ME,4103,23785.0,48495.0,97630.0,773
949,Blakely Roman,67,65,1952,3,Female,Paradise,CA,95967,15436.0,19199.0,15091.0,715
950,Lawson Howard,75,68,1944,7,Male,Rochester,MN,55903,23553.0,40696.0,15691.0,801
951,Liberty Rivera,31,72,1988,7,Female,Arlington,VA,22203,47408.0,96661.0,73401.0,721
952,Caylee Schmidt,55,64,1964,11,Female,Newland,NC,28657,13018.0,26546.0,32087.0,686
953,Kathryn Morales,34,67,1985,10,Female,North Fork,CA,93643,16643.0,33934.0,42945.0,622
954,Alyssa Cox,50,71,1969,9,Female,Franklin,WI,53132,29924.0,61008.0,0.0,781
955,Luis Allen,33,64,1986,11,Male,Fort Lauderdale,FL,33312,20995.0,42808.0,117011.0,758
956,Nickolas Lopez,21,67,1999,2,Male,Leesburg,VA,20176,44196.0,90104.0,85204.0,787
957,Naya Gonzalez,55,64,1964,12,Female,Sacramento,CA,95820,17435.0,35553.0,76077.0,623
958,Kaison Turner,26,67,1994,2,Male,Richmond,VA,23235,26269.0,53554.0,119852.0,689
959,Aaden Campbell,33,69,1986,3,Male,Scarborough,ME,4074,29237.0,59613.0,36199.0,763
960,Briar Reed,91,70,1928,9,Female,Flushing,NY,11355,13810.0,17150.0,375.0,807
961,Stephen Hill,67,65,1952,11,Male,San Leandro,CA,94577,24971.0,30962.0,15336.0,743
962,Marley Russell,59,62,1960,6,Male,Napoleon,OH,43545,18600.0,37927.0,79299.0,712
963,Khaleesi Green,33,66,1986,11,Female,Commack,NY,11725,34188.0,69706.0,97070.0,785
964,Avianna Taylor,18,57,2001,8,Female,Katy,TX,77449,21214.0,43253.0,56323.0,718
965,Giovanni Hughes,18,68,2002,2,Male,Farmington,MO,63640,17707.0,36101.0,46425.0,778
966,Evangeline Richardson,53,66,1966,11,Female,Duson,LA,70529,19798.0,40363.0,111112.0,711
967,Warren Phillips,83,59,1936,11,Male,East Hampton,NY,11937,37846.0,80493.0,2027.0,610
968,Hailee Ajami,78,57,1941,11,Female,Chino,CA,91710,22682.0,39263.0,24246.0,645
969,Ari Johnson,67,67,1952,4,Female,Allen,TX,75002,32580.0,78329.0,40161.0,720
970,Baylor Roberts,42,66,1977,5,Male,San Antonio,TX,78221,12547.0,25585.0,59827.0,702
971,Jaxen Powell,62,70,1957,8,Male,Garner,NC,27529,22685.0,46256.0,106753.0,650
972,Jadiel Thomas,28,65,1991,3,Male,Lynden,WA,98264,19301.0,39354.0,26700.0,685
973,Gordon Collins,35,66,1984,8,Male,Plano,TX,75023,29793.0,60746.0,88165.0,706
974,Kynlee Martinez,51,68,1968,11,Female,Round Rock,TX,78665,30358.0,61901.0,29627.0,726
975,Dakota Rivera,26,65,1994,2,Female,Borden,IN,47106,21313.0,43454.0,79295.0,774
976,Samuel Perez,43,67,1977,1,Male,Brooklyn,NY,11211,22456.0,45789.0,94014.0,695
977,Craig Ajami,56,68,1964,1,Male,Lake View,NY,14085,25916.0,52841.0,36288.0,733
978,Amber Flores,23,75,1996,10,Female,Lugoff,SC,29078,18494.0,37717.0,60367.0,688
979,Alexa Fox,22,63,1997,8,Female,Marysville,OH,43040,25313.0,51613.0,62635.0,649
980,Avalyn Taylor,42,69,1977,9,Female,Rialto,CA,92376,14632.0,29835.0,46702.0,618
981,Lucca James,78,65,1941,7,Male,Novi,MI,48375,34259.0,62103.0,33545.0,509
982,Reyna Kelley,51,65,1969,2,Female,Columbia,MO,65201,20966.0,42749.0,53471.0,728
983,Gabriella Flores,38,64,1981,7,Female,Houston,TX,77095,33925.0,69171.0,102537.0,622
984,Monserrat Perez,98,60,1921,11,Female,Ewa Beach,HI,96706,22778.0,42306.0,472.0,725
985,Lilly James,29,67,1990,10,Female,El Cajon,CA,92021,20673.0,42150.0,39663.0,750
986,Keyla Moore,23,63,1996,11,Female,Suitland,MD,20746,23340.0,47589.0,114020.0,763
987,Douglas Labelle,68,65,1952,2,Male,Hendersonville,NC,28792,13634.0,23993.0,2573.0,714
988,Esperanza Campbell,52,65,1967,8,Female,Allenton,MI,48002,20942.0,42701.0,53696.0,701
989,Karina Parker,41,69,1978,8,Female,Capistrano Beach,CA,92624,27622.0,56320.0,84614.0,792
990,Seth Wright,59,68,1960,6,Male,Grand Rapids,MI,49548,15472.0,31550.0,26738.0,710
991,Terry Nguyen,56,75,1963,9,Male,Highlands,NC,28741,15899.0,32418.0,84507.0,758
992,Anderson Jackson,47,65,1972,10,Male,Perris,CA,92571,16109.0,32847.0,3230.0,785
993,Emmett Hall,40,65,1980,2,Male,The Colony,TX,75056,31905.0,65053.0,83571.0,775
994,Musa Abe,72,65,1947,6,Male,San Ramon,CA,94583,0.0,2422.0,810.0,632
995,Vera Hughes,36,68,1984,2,Female,Caldwell,OH,43724,15950.0,32522.0,28260.0,769
996,Amara Moore,43,66,1976,9,Female,Griffin,GA,30224,17811.0,36315.0,0.0,824
997,Zoie Ward,64,62,1955,7,Female,Chambersburg,PA,17202,20943.0,39206.0,9219.0,605
998,Rory Ross,27,66,1992,7,Female,North Tazewell,VA,24630,16501.0,33641.0,40696.0,743
999,Valeria Schmidt,56,65,1963,3,Female,Barnegat,NJ,8005,20034.0,40848.0,146608.0,706
1000,Valentina Perez,47,66,1973,2,Female,Daytona Beach,FL,32118,16733.0,34112.0,39842.0,725
1001,Charley King,26,67,1994,2,Female,Dallas,TX,75230,63159.0,128775.0,232506.0,655
1002,Brennan Flores,50,66,1969,10,Male,Huntington,NY,11743,51032.0,104045.0,0.0,734
1003,Paulina Hill,58,66,1961,6,Female,Hendersonville,TN,37075,25166.0,51316.0,0.0,759
1004,Ramona Parker,66,59,1954,1,Female,Dearborn,MI,48124,24561.0,48690.0,36262.0,701
1005,Renee Brooks,18,65,2002,2,Female,Lucinda,PA,16235,17321.0,35311.0,44783.0,684
1006,Emmy Gomez,42,63,1977,8,Female,Orlando,FL,32808,13414.0,27354.0,42226.0,799
1007,Ainsley Phillips,56,66,1963,4,Female,Pawling,NY,12564,31288.0,63796.0,82173.0,730
1008,Marlon Howard,28,65,1991,5,Male,Apex,NC,27502,32485.0,66237.0,146680.0,785
1009,Kai King,58,66,1961,7,Female,Matthews,NC,28105,27254.0,55569.0,76181.0,698
1010,Emmett Morgan,40,65,1979,5,Male,Saint Paul,MN,55116,32972.0,67226.0,128174.0,729
1011,Celine Lonsdale,43,50,1976,11,Female,Boxford,MA,1921,52066.0,106159.0,144773.0,703
1012,Brenna Gonzalez,68,72,1951,8,Female,Elma,NY,14059,24651.0,50258.0,0.0,686
1013,Keyla Russell,44,69,1975,5,Female,Huntington Beach,CA,92647,26966.0,54981.0,121701.0,737
1014,Khalil Fernandez,59,70,1960,8,Male,Naples,FL,34104,17455.0,35590.0,92603.0,720
1015,Robert Anwar,41,67,1978,5,Male,Belleville,IL,62221,24509.0,49967.0,58582.0,712
1016,Miranda Carter,30,63,1989,7,Female,Springfield,OR,97478,18446.0,37610.0,64933.0,586
1017,Tinley Fu,31,66,1988,11,Female,Bensalem,PA,19020,24817.0,50599.0,83732.0,791
1018,Michael Anwar,64,67,1955,10,Male,Oceanside,NY,11572,32805.0,66885.0,144703.0,698
1019,Adrienne Wilson,61,67,1959,1,Female,Clifton,NJ,7012,31281.0,63781.0,111808.0,654
1020,Kehlani Torres,49,65,1970,7,Female,Tulsa,OK,74137,46461.0,94733.0,0.0,707
1021,Reese Ryan,49,66,1970,5,Male,Kansas City,MO,64124,12064.0,24598.0,23019.0,695
1022,Corey King,46,66,1974,1,Male,Cowansville,PA,16218,17870.0,36440.0,30574.0,745
1023,Reagan Butler,24,65,1996,1,Male,Hamptonville,NC,27020,15545.0,31693.0,98206.0,719
1024,Aylin Lopez,19,65,2000,3,Female,Los Angeles,CA,90022,13485.0,27494.0,26097.0,724
1025,Abdullah Xi,65,65,1955,2,Male,Clifton Springs,NY,14432,19095.0,20614.0,14042.0,711
1026,Rylee El-Mafouk,82,65,1938,1,Female,Dallas,TX,75238,27814.0,66999.0,3140.0,730
1027,Marcel Myers,41,61,1978,4,Male,Crestview,FL,32536,19066.0,38874.0,64474.0,672
1028,Julieta Schmidt,25,69,1995,1,Female,Woodland Park,CO,80863,23550.0,48017.0,95549.0,711
1029,Josie Fernandez,47,64,1972,8,Female,Galliano,LA,70354,21966.0,44789.0,94789.0,638
1030,Ellis Gray,35,62,1984,5,Female,Atlanta,TX,75551,16746.0,34143.0,49839.0,648
1031,Trey Carter,83,65,1936,7,Male,Albuquerque,NM,87121,15385.0,16611.0,1797.0,696
1032,Sage Thompson,36,68,1983,3,Female,Walla Walla,WA,99362,18880.0,38496.0,64688.0,642
1033,Ivan Anderson,78,64,1941,11,Male,Oklahoma City,OK,73110,16016.0,31046.0,11436.0,706
1034,Noe Sanchez,37,71,1982,3,Male,Vienna,VA,22182,60593.0,123540.0,236393.0,764
1035,Brooklyn Cook,65,65,1954,5,Female,Alcoa,TN,37701,18273.0,39809.0,0.0,775
1036,Eric Lonsdale,64,65,1956,1,Male,Dublin,GA,31021,16958.0,34576.0,81087.0,683
1037,Estella Price,74,67,1945,7,Female,Woodmere,NY,11598,45685.0,110570.0,5700.0,766
1038,Jett Barnes,28,69,1992,1,Male,Green Bay,WI,54302,16801.0,34262.0,60506.0,846
1039,Maximiliano Carter,40,71,1979,12,Male,Bessemer,AL,35023,19851.0,40473.0,54899.0,689
1040,Juliette Phillips,33,67,1986,4,Female,Atlanta,GA,30342,47453.0,96744.0,128122.0,838
1041,Miller Powell,48,70,1971,8,Male,Louisville,MS,39339,15316.0,31231.0,40499.0,681
1042,Tori Macron,57,65,1962,5,Female,Allen,TX,75002,32580.0,66427.0,103290.0,779
1043,Andres Lewis,31,70,1988,11,Male,Waco,TX,76707,11512.0,23469.0,22976.0,731
1044,Aydin Long,30,69,1989,11,Male,Lakewood,NJ,8701,13006.0,26519.0,63979.0,663
1045,Martha Bailey,40,64,1979,8,Female,Ashville,AL,35953,17067.0,34799.0,72749.0,793
1046,Ryann Schmidt,28,70,1991,12,Female,Astoria,OR,97103,17260.0,35194.0,56006.0,620
1047,Marie Gray,28,66,1991,7,Female,Zion,IL,60099,19463.0,39679.0,93772.0,758
1048,Tomas Ross,67,66,1952,3,Male,San Jose,CA,95121,25115.0,31287.0,25844.0,728
1049,Issac Gomez,26,71,1993,9,Male,Nolanville,TX,76559,19032.0,38805.0,54466.0,614
1050,Barbara Peterson,43,67,1976,4,Female,Washington,DC,20011,23940.0,48810.0,0.0,799
1051,Owen Johnson,62,67,1957,6,Male,Meridian,ID,83646,22290.0,45450.0,85218.0,686
1052,Ellen Sanders,25,64,1994,7,Female,Union City,NJ,7087,16770.0,34201.0,42895.0,731
1053,Nyla Faraday,53,64,1966,3,Female,Burney,CA,96013,16742.0,34137.0,80467.0,671
1054,Blaze Davis,67,67,1952,12,Male,Fresno,CA,93727,17683.0,28357.0,10400.0,628
1055,Gabriella Price,30,62,1989,8,Female,Houston,TX,77081,15862.0,32343.0,39656.0,683
1056,Jewel Smith,18,68,2002,1,Female,Sacramento,CA,95825,20670.0,42142.0,116857.0,713
1057,Mekhi Phillips,30,65,1989,7,Male,New Bern,NC,28560,16177.0,32985.0,32764.0,740
1058,Omari Cook,82,62,1937,8,Male,New York,NY,10032,16494.0,23572.0,216.0,590
1059,Kehlani Foster,25,70,1994,12,Female,Springfield,MA,1107,14155.0,28862.0,20944.0,751
1060,Aliana Diaz,76,68,1943,10,Female,Sioux Falls,SD,57106,21089.0,31145.0,5132.0,689
1061,Amari Masvidal,64,70,1956,2,Female,Modesto,CA,95351,13015.0,26535.0,93592.0,724
1062,Chanel Jackson,58,70,1962,2,Female,New Kensington,PA,15068,19517.0,39796.0,9452.0,729
1063,Kyree Phillips,71,67,1948,3,Male,Casper,WY,82604,25502.0,51703.0,5371.0,722
1064,Sutton Harris,66,66,1953,12,Male,Romulus,MI,48174,18879.0,31175.0,5846.0,711
1065,Thiago Roman,89,73,1930,11,Male,Chicago Heights,IL,60411,16503.0,38761.0,69.0,760
1066,Pedro Phillips,86,62,1933,11,Male,Jacksonville,FL,32218,19382.0,33291.0,695.0,714
1067,Emerson Faraday,40,64,1980,2,Female,Gainesville,FL,32606,25812.0,52630.0,68559.0,725
1068,Tony Walker,73,64,1946,12,Male,Pacoima,CA,91331,14317.0,26481.0,10392.0,705
1069,Robert Fu,24,59,1995,7,Male,Chicago,IL,60614,0.0,2370.0,4397.0,581
1070,Nickolas Neufelder,59,67,1960,3,Male,Montgomery,AL,36111,21102.0,43021.0,86014.0,725
1071,Forrest Wood,18,68,2002,1,Male,Dorchester,MA,2125,21809.0,44466.0,3096.0,709
1072,Roger James,50,57,1969,3,Male,Tampa,FL,33613,21033.0,42886.0,60474.0,604
1073,Levi Murphy,35,67,1984,5,Male,Granite City,IL,62040,18560.0,37843.0,40003.0,697
1074,London Garcia,34,66,1985,10,Male,Kernersville,NC,27284,23738.0,48398.0,138998.0,642
1075,Clementine Carter,33,66,1986,10,Female,Detroit,MI,48235,13820.0,28181.0,37929.0,682
1076,Opal Ortiz,48,65,1971,10,Female,Clinton,TN,37716,18353.0,37422.0,127116.0,681
1077,Amy Ryan,24,54,1995,3,Female,San Diego,CA,92127,44747.0,91237.0,231619.0,594
1078,Davion Xi,59,65,1960,4,Male,Minneapolis,MN,55425,21535.0,43913.0,83944.0,676
1079,Jude James,37,68,1982,4,Male,Hobart,IN,46342,21851.0,44550.0,117302.0,761
1080,Bruce Gonzalez,75,73,1945,2,Male,Orlando,FL,32825,20121.0,42806.0,20432.0,726
1081,Rowan Rodriguez,63,65,1956,12,Female,Merritt Island,FL,32952,26339.0,53702.0,85160.0,606
1082,Casey El-Mafouk,86,65,1933,8,Female,Nashville,TN,37211,20030.0,38273.0,1658.0,765
1083,Ailani Smith,29,67,1991,2,Female,Hendersonville,TN,37075,25166.0,51303.0,106248.0,688
1084,Aranza Perez,44,64,1975,5,Female,Jackson,GA,30233,17545.0,35775.0,67263.0,773
1085,Erika El-Mafouk,71,64,1948,3,Female,Littleton,CO,80122,31024.0,67186.0,29682.0,692
1086,Morgan Gao,47,67,1972,7,Male,Johnstown,OH,43031,22934.0,46763.0,65106.0,696
1087,Ayden Kelley,62,70,1958,2,Male,Mission,TX,78572,14275.0,29110.0,23504.0,699
1088,Isaias Abe,90,62,1929,10,Male,Vineland,NJ,8360,17685.0,41831.0,1100.0,615
1089,Kylie Mitchell,42,65,1978,1,Female,Reading,PA,19607,24089.0,49117.0,42380.0,769
1090,Mallory Morgan,69,70,1950,4,Female,Middleton,WI,53562,33808.0,68930.0,72619.0,768
1091,Raelynn Williams,68,58,1952,1,Female,Little River,SC,29566,13907.0,20334.0,9544.0,684
1092,Freya Garcia,43,61,1976,7,Female,Buffalo,NY,14211,12220.0,24917.0,36101.0,693
1093,Nicole Ajami,39,67,1980,12,Female,South Beloit,IL,61080,21749.0,44344.0,82822.0,744
1094,Courtney Jones,38,68,1982,1,Female,Ava,IL,62907,16825.0,34311.0,61776.0,705
1095,Dallas Abe,57,62,1962,3,Male,Saint Albans,WV,25177,17282.0,35239.0,43270.0,726
1096,Dallas Ajami,55,66,1964,4,Male,Mokelumne Hill,CA,95245,18223.0,37147.0,0.0,703
1097,Averi Taylor,50,64,1970,2,Female,Lebanon,OR,97355,17003.0,34671.0,55643.0,786
1098,Colby Myers,57,69,1962,10,Male,Pasadena,MD,21122,30004.0,61173.0,71422.0,692
1099,Bria Ortiz,55,72,1964,9,Female,Manteca,CA,95337,23368.0,47643.0,45706.0,764
1100,Layla Kelly,60,61,1959,6,Female,Kingman,AZ,86401,17113.0,34895.0,56622.0,820
1101,Oakley Harris,64,68,1956,2,Female,Keller,TX,76248,0.0,1785.0,2892.0,732
1102,Zachariah Fernandez,98,69,1921,11,Male,Vacaville,CA,95687,26137.0,33869.0,370.0,821
1103,Giovanna Reyes,77,68,1943,1,Female,Warner Robins,GA,31088,20835.0,31066.0,20902.0,712
1104,Armani Hill,37,68,1982,5,Female,Garland,TX,75044,27057.0,55172.0,96779.0,629
1105,Carolyn Reyes,54,60,1966,2,Female,Hickman,NE,68372,23029.0,46956.0,94340.0,610
1106,Rory El-Mafouk,53,61,1966,7,Male,Scottsdale,AZ,85260,36300.0,74012.0,93119.0,681
1107,Atlas Evans,32,68,1987,3,Male,Houston,TX,77035,20055.0,40887.0,50734.0,688
1108,Legend Thomas,32,65,1987,11,Male,Milton,PA,17847,16935.0,34531.0,60156.0,703
1109,Maisie James,18,67,2001,7,Female,Howard Beach,NY,11414,26481.0,53995.0,154800.0,673
1110,Destiny Fu,68,64,1951,6,Female,Marietta,GA,30067,30747.0,63502.0,24100.0,638
1111,Romeo Fisher,51,67,1969,2,Male,Lubbock,TX,79414,16272.0,33178.0,92366.0,671
1112,Zain Ramirez,84,65,1935,4,Male,Bradenton,FL,34212,29583.0,44690.0,2249.0,733
1113,Melody Nelson,56,61,1963,3,Female,Gulfport,MS,39503,19327.0,39409.0,52076.0,599
1114,David Fu,19,63,2000,5,Male,Clearwater,FL,33755,16223.0,33080.0,55066.0,692
1115,Musa Williams,54,64,1965,8,Male,Alpharetta,GA,30005,43725.0,89152.0,162012.0,675
1116,Lydia Moore,70,70,1950,2,Female,Duluth,MN,55807,17474.0,27772.0,14408.0,788
1117,Mohamed Hall,66,65,1954,1,Male,San Martin,CA,95046,26188.0,44137.0,22392.0,626
1118,Daniella Parker,66,69,1954,2,Female,Vanceboro,NC,28586,14844.0,30265.0,36789.0,814
1119,Gary Peterson,55,69,1965,1,Male,Houston,TX,77031,18412.0,37534.0,99840.0,706
1120,Kase Chen,21,67,1998,11,Male,Winslow,AZ,86047,15864.0,32345.0,61066.0,730
1121,Adrian Rogers,38,70,1981,3,Male,Postville,IA,52162,13332.0,27183.0,58323.0,637
1122,Harlow Green,52,71,1967,8,Female,Holland,MI,49423,18877.0,38487.0,49725.0,691
1123,Melody Masvidal,69,69,1950,4,Female,Urbandale,IA,50322,26764.0,33642.0,20874.0,593
1124,Trinity Campbell,51,67,1968,12,Female,El Paso,TX,79902,16823.0,34302.0,84935.0,651
1125,Arianna Clark,31,67,1988,9,Female,Georgetown,TX,78626,20968.0,42754.0,60172.0,656
1126,Cassidy Hill,24,69,1995,4,Female,South Park,PA,15129,25037.0,51045.0,127864.0,772
1127,Jonas Baker,84,69,1935,8,Male,Gwynn Oak,MD,21207,20641.0,24055.0,0.0,733
1128,Mayson Collins,28,68,1991,12,Male,San Marcos,CA,92069,22081.0,45021.0,77559.0,689
1129,Edgar Cox,18,55,2001,5,Male,York,PA,17406,22991.0,46878.0,60121.0,578
1130,Emberly Young,82,66,1937,9,Female,East Hartford,CT,6108,20065.0,22726.0,1692.0,784
1131,Khari Sadr,49,65,1970,4,Male,Oceanside,CA,92058,16894.0,34449.0,36540.0,686
1132,Jakob Hall,36,66,1983,12,Male,Cassville,MO,65625,13895.0,28334.0,0.0,700
1133,Vanessa Anderson,31,67,1988,8,Female,Snohomish,WA,98290,28037.0,57166.0,111755.0,737
1134,Mariana Braun,59,67,1961,1,Female,Edinburgh,IN,46124,17585.0,35854.0,49101.0,850
1135,Kallie Rodriguez,39,71,1980,7,Female,Oceanside,CA,92056,22050.0,44958.0,91549.0,787
1136,Macie Macron,62,72,1958,2,Female,Jefferson,NC,28640,14218.0,28988.0,13351.0,694
1137,Casey El-Mafouk,53,65,1966,5,Male,Washington Court House,OH,43160,16544.0,33729.0,0.0,763
1138,Alfonso Carter,31,69,1988,5,Male,Fredericksburg,VA,22405,29157.0,59455.0,96224.0,557
1139,Keagan Long,18,70,2002,2,Male,Brooklyn,NY,11210,23316.0,47543.0,124177.0,667
1140,Addisyn Gomez,39,65,1980,4,Female,Woodbridge,VA,22191,26618.0,54273.0,110237.0,789
1141,Adelyn Sullivan,77,71,1942,6,Female,Carson City,NV,89706,18239.0,38692.0,8902.0,596
1142,Rene Fisher,54,69,1965,11,Male,Mckeesport,PA,15132,14663.0,29898.0,19719.0,714
1143,Tinley Chen,22,60,1998,1,Female,Holiday,FL,34691,15418.0,31443.0,52826.0,676
1144,Koda Reed,43,65,1977,2,Male,Rolla,MO,65401,17428.0,35538.0,71591.0,747
1145,Ameer Turner,43,67,1976,12,Male,El Paso,TX,79912,24608.0,50174.0,145300.0,643
1146,Anton White,24,57,1995,6,Male,Fairfax,VA,22033,42884.0,87436.0,135294.0,845
1147,Aspen Martinez,33,67,1986,11,Female,Novato,CA,94947,30335.0,61846.0,12525.0,722
1148,Makenzie Rogers,22,62,1997,7,Female,Chicago,IL,60623,11951.0,24369.0,37437.0,575
1149,Willie Farhad,26,68,1993,10,Male,Bridgeport,TX,76426,21810.0,44470.0,66413.0,721
1150,Lionel Bailey,28,65,1991,12,Male,Fort Lauderdale,FL,33312,20995.0,42806.0,49194.0,712
1151,Alina Harris,69,66,1950,12,Female,Yorba Linda,CA,92886,38948.0,99825.0,4344.0,685
1152,Kyleigh Watson,44,66,1975,5,Female,Hamilton,OH,45013,19569.0,39898.0,43630.0,682
1153,Octavia Miller,39,70,1980,12,Female,Indianapolis,IN,46237,24233.0,49412.0,42378.0,830
1154,Alfred Powell,22,68,1997,8,Male,Manchester,TN,37355,16349.0,33337.0,71679.0,712
1155,Milan Sanchez,58,57,1961,4,Female,Revere,MA,2151,20979.0,17078.0,25245.0,719
1156,Alaina Allen,28,66,1992,2,Female,Tucson,AZ,85741,21494.0,43826.0,84935.0,823
1157,Maisie Edwards,51,66,1968,10,Female,Ladera Ranch,CA,92694,47991.0,97845.0,255288.0,836
1158,Harry Ryan,56,65,1964,2,Male,Bristol,TN,37620,17795.0,36285.0,67244.0,759
1159,Kathryn Harris,31,60,1988,9,Female,Aurora,CO,80013,24849.0,50666.0,102318.0,617
1160,Marley Anwar,51,68,1968,7,Female,Minneapolis,MN,55419,40364.0,82298.0,182301.0,789
1161,Khalid Masvidal,25,71,1994,8,Male,Round Rock,TX,78681,31839.0,64917.0,102747.0,689
1162,Yamileth Taylor,26,54,1993,7,Female,Saint Petersburg,FL,33705,18100.0,36909.0,102869.0,821
1163,Trevor Jones,24,70,1995,6,Male,San Diego,CA,92122,34848.0,71054.0,106595.0,767
1164,Malaya Lee,83,66,1936,9,Female,Gonzales,LA,70737,24703.0,16620.0,1140.0,804
1165,Rowan Richardson,45,66,1974,12,Female,Whittier,CA,90603,27973.0,57027.0,21798.0,709
1166,Vicente Sanders,18,71,2001,10,Male,Omaha,NE,68107,14199.0,28950.0,61297.0,609
1167,Zaylee Butler,50,69,1969,3,Female,Alpharetta,GA,30022,0.0,1426.0,3154.0,680
1168,Quentin Rogers,55,72,1964,11,Male,Batesville,MS,38606,15354.0,31308.0,59817.0,742
1169,Wilson Morales,26,64,1993,5,Male,Palm Coast,FL,32164,14546.0,29658.0,45750.0,589
1170,Emanuel Gutierrez,48,65,1971,9,Male,Newburgh,NY,12550,22762.0,46408.0,0.0,847
1171,Myra Faraday,39,63,1980,4,Female,Glade Valley,NC,28627,11431.0,23307.0,31064.0,789
1172,Sariah Fisher,31,69,1988,3,Female,Wildersville,TN,38388,14435.0,29433.0,61260.0,693
1173,London Nguyen,27,69,1992,6,Male,Henderson,NV,89012,30025.0,61222.0,142541.0,779
1174,Camryn Morris,46,68,1973,5,Female,Panama City,FL,32405,19508.0,39770.0,72827.0,711
1175,Zoie Morgan,48,66,1971,9,Female,Reno,NV,89511,38345.0,78180.0,102759.0,740
1176,Demetrius Walker,29,67,1991,1,Male,Pierre Part,LA,70339,23208.0,47317.0,42433.0,680
1177,Michael Abe,41,58,1979,1,Male,Gooding,ID,83330,14925.0,30432.0,101847.0,624
1178,Titan Harris,39,70,1980,5,Male,Maryville,MO,64468,18226.0,37165.0,0.0,771
1179,Darwin Diaz,46,66,1973,12,Male,Barberton,OH,44203,17856.0,36405.0,31815.0,715
1180,Yousef El-Mafouk,30,61,1989,12,Male,Lanham,MD,20706,23500.0,47916.0,69567.0,612
1181,Bobby Morgan,52,67,1967,5,Male,Merrill,WI,54452,19705.0,40177.0,47012.0,698
1182,Colette Phillips,49,68,1971,2,Female,Burlington,WA,98233,19604.0,39969.0,68456.0,713
1183,Cannon Myers,44,61,1975,9,Male,Alachua,FL,32615,21979.0,44816.0,63043.0,625
1184,Niko Labelle,32,59,1988,1,Male,La Mirada,CA,90638,24845.0,50658.0,72806.0,764
1185,Jaxxon Smith,21,68,1998,8,Male,Antioch,TN,37013,20236.0,41260.0,80574.0,682
1186,Reese Morgan,54,58,1965,3,Male,Jamaica,NY,11434,20760.0,42332.0,75213.0,616
1187,Marlee Ramirez,74,67,1946,1,Female,Belleville,IL,62226,22545.0,23011.0,30510.0,721
1188,Jefferson Gomez,64,61,1955,4,Male,Morrisville,PA,19067,39495.0,87317.0,41998.0,773
1189,Liana Bailey,72,65,1947,9,Female,Colorado Springs,CO,80913,14645.0,25243.0,18006.0,730
1190,Joanna Roberts,24,70,1996,2,Female,Orange,CA,92867,28884.0,58893.0,113715.0,666
1191,Craig Roberts,24,69,1995,7,Male,Sewell,NJ,8080,31547.0,64319.0,0.0,757
1192,Conner Johnson,47,63,1972,8,Male,Mesquite,TX,75149,17810.0,36319.0,44737.0,730
1193,Charles Clark,39,66,1980,9,Male,Newport News,VA,23602,21186.0,43192.0,33517.0,739
1194,Sawyer Wright,46,58,1974,2,Male,Brandon,MS,39042,22304.0,45476.0,67636.0,506
1195,Billy Phillips,31,68,1988,8,Male,Cheyenne,WY,82001,20255.0,41297.0,34703.0,685
1196,Holland Braun,45,63,1975,1,Female,Bethlehem,CT,6751,26674.0,54384.0,69717.0,622
1197,Amina Perry,43,68,1977,2,Female,Marion Center,PA,15759,16071.0,32770.0,103262.0,641
1198,Adrianna Morales,26,66,1993,8,Female,Culver City,CA,90230,29972.0,61104.0,79486.0,721
1199,Lane Labelle,55,67,1964,9,Male,Mosinee,WI,54455,23216.0,47334.0,87775.0,701
1200,Iris Long,67,69,1952,7,Female,Philadelphia,PA,19116,21497.0,43828.0,60231.0,711
1201,Emely Bell,47,69,1972,7,Female,Reedsville,OH,45772,16618.0,33883.0,50616.0,524
1202,Van Clark,44,72,1975,9,Male,Montgomery,AL,36106,25009.0,50993.0,75783.0,675
1203,Zane Bailey,48,66,1971,9,Male,Oswego,NY,13126,20447.0,41690.0,69869.0,763
1204,June Ortiz,29,66,1991,1,Female,Schaumburg,IL,60194,26545.0,54122.0,166903.0,796
1205,Adan Howard,56,66,1963,3,Male,Greenbelt,MD,20770,26467.0,53966.0,135478.0,747
1206,Cecilia Ortiz,20,65,2000,1,Female,Telford,PA,18969,26273.0,53569.0,79540.0,623
1207,Tatum Masvidal,67,70,1952,5,Male,Chandler,AZ,85226,32056.0,65362.0,27745.0,743
1208,Donovan Diaz,58,72,1961,11,Male,Millersburg,OH,44654,13259.0,27035.0,58050.0,595
1209,Aiden Labelle,38,74,1981,6,Male,Wooster,OH,44691,18962.0,38663.0,59053.0,686
1210,Maleah Jenkins,22,65,1998,2,Female,Lakewood,CA,90715,21940.0,44740.0,103896.0,651
1211,Nova Morris,43,70,1976,9,Female,Harvey,LA,70058,19126.0,38994.0,0.0,728
1212,Aleah Torres,54,67,1965,10,Female,Dover,OH,44622,18794.0,38318.0,93284.0,748
1213,Audrey Lee,42,73,1977,11,Female,Mesquite,TX,75150,18452.0,37623.0,923.0,726
1214,Edward Cruz,32,65,1987,10,Male,San Ramon,CA,94583,0.0,2365.0,0.0,769
1215,Karina Leroux,50,65,1969,12,Female,Daly City,CA,94014,23752.0,48428.0,72566.0,654
1216,Brycen Bell,58,66,1961,11,Male,Sacramento,CA,95823,15290.0,31177.0,18859.0,689
1217,Beckham Lopez,38,69,1981,10,Male,Leakesville,MS,39451,18746.0,38223.0,30756.0,725
1218,Mckinley Young,53,64,1966,9,Female,Atlanta,GA,30312,30157.0,61490.0,116180.0,647
1219,Mercy Phillips,41,78,1978,10,Female,Alpharetta,GA,30004,45132.0,92017.0,157723.0,703
1220,Ronan Thomas,43,69,1976,12,Male,El Paso,TX,79904,12313.0,25109.0,92.0,850
1221,Fox Martinez,44,68,1975,5,Male,Saint Louis,MO,63112,19874.0,40522.0,81572.0,801
1222,Koa Thompson,46,67,1973,4,Male,Hurst,TX,76054,30913.0,63030.0,93406.0,791
1223,Braylon Cox,61,65,1958,7,Male,Shelbyville,IN,46176,18324.0,37362.0,21600.0,703
1224,Colson Nguyen,52,68,1967,7,Male,Albany,NY,12203,27005.0,55059.0,162462.0,735
1225,Frida Burns,49,67,1970,12,Female,Bothell,WA,98021,33226.0,67743.0,67132.0,752
1226,Amia Smith,33,65,1986,7,Female,Johnson City,TN,37604,20142.0,41069.0,64073.0,644
1227,Declan Wilson,34,65,1985,9,Male,Gainesville,GA,30504,15814.0,32245.0,43097.0,625
1228,Keyla White,44,68,1975,6,Female,Charleston,SC,29492,41380.0,84365.0,113529.0,796
1229,Ishaan Roman,55,65,1965,2,Male,Silver Spring,MD,20901,30794.0,62791.0,193215.0,692
1230,Cyrus Myers,31,61,1988,4,Male,Poland,ME,4274,22283.0,45433.0,91998.0,523
1231,Leandro Anderson,36,62,1984,2,Male,Lake George,NY,12845,20371.0,41537.0,128044.0,582
1232,Jefferson Jenkins,58,71,1961,10,Male,Palos Verdes Peninsula,CA,90274,58517.0,119308.0,89328.0,789
1233,Cadence Fisher,25,66,1994,10,Female,The Villages,FL,32162,8491.0,17310.0,21853.0,749
1234,Gael James,75,66,1944,9,Male,Dorchester Center,MA,2124,21695.0,41316.0,22629.0,826
1235,Santana Masvidal,52,65,1967,3,Male,Eastpointe,MI,48021,18487.0,37686.0,41173.0,739
1236,Rylan Murphy,62,69,1957,3,Female,Sterling,NE,68443,17420.0,35519.0,111115.0,744
1237,Julissa Allen,90,71,1929,10,Female,Palm Coast,FL,32137,17142.0,31805.0,614.0,755
1238,Barbara Phillips,43,58,1977,2,Female,Seabrook,TX,77586,37415.0,76288.0,120771.0,710
1239,Margaret Williams,49,67,1970,6,Female,Green Bay,WI,54302,16801.0,34255.0,36094.0,708
1240,Zackary Lewis,24,65,1996,1,Male,Creswell,OR,97426,18364.0,37443.0,0.0,745
1241,Beau Perry,51,65,1968,4,Male,Mesa,AZ,85213,25005.0,50980.0,0.0,754
1242,Alexandria Bell,70,66,1949,10,Female,Navarre,FL,32566,20045.0,29164.0,19851.0,625
1243,Noa Robinson,77,67,1942,12,Female,Lebanon,PA,17042,20983.0,30457.0,19314.0,520
1244,Winnie James,47,67,1973,1,Female,Los Angeles,CA,90062,13614.0,27763.0,59691.0,691
1245,Abram Lewis,29,60,1990,12,Male,Chula Vista,CA,91910,20102.0,40988.0,89801.0,540
1246,Zachary Myers,68,64,1951,12,Male,Clayton,NC,27520,22644.0,38637.0,30595.0,643
1247,Jonathan Adams,46,67,1973,10,Male,Somerset,NJ,8873,32610.0,66489.0,45974.0,729
1248,Roman Brooks,51,65,1968,12,Male,Raymore,MO,64083,24981.0,50936.0,88447.0,681
1249,Noemi Sullivan,41,72,1978,3,Female,Laurel,MT,59044,19625.0,40012.0,59472.0,849
1250,Keegan Perry,50,71,1969,3,Male,Alta,IA,51002,16901.0,34456.0,54634.0,752
1251,Darren Murphy,59,67,1960,8,Male,La Porte,TX,77571,26170.0,53357.0,114266.0,690
1252,Duncan Nguyen,28,65,1991,11,Male,Brooklyn,NY,11232,16985.0,34629.0,34484.0,721
1253,Angelo Gutierrez,34,71,1985,9,Male,Purcell,OK,73080,18137.0,36983.0,58895.0,768
1254,Halle Parker,49,67,1970,11,Female,South Gate,CA,90280,14528.0,29621.0,0.0,730
1255,Rowen Brooks,64,67,1955,6,Male,Clinton,MI,49236,20108.0,41002.0,97188.0,685
1256,Dennis Rodriguez,52,69,1967,7,Male,Lincolnton,GA,30817,14717.0,30011.0,84166.0,589
1257,Rylie Cooper,32,72,1987,3,Female,Rockford,IL,61107,24589.0,50137.0,90747.0,679
1258,Quinton Powell,21,66,1998,4,Male,Garland,TX,75044,27057.0,55166.0,70698.0,689
1259,Justin Ortiz,84,70,1935,5,Male,Dinuba,CA,93618,13194.0,17016.0,691.0,714
1260,Valentino Jones,22,62,1997,7,Male,Lexington,OK,73051,15966.0,32557.0,60053.0,637
1261,Cannon Johnson,47,72,1972,6,Male,Loganville,GA,30052,21556.0,43954.0,60913.0,744
1262,Raylan Morris,56,59,1964,2,Male,Indianapolis,IN,46256,31114.0,63439.0,199706.0,786
1263,Darrell Howard,73,65,1947,1,Male,Farmington,MO,63640,17707.0,34067.0,17902.0,628
1264,Owen Anwar,47,70,1972,12,Male,Lincoln,IL,62656,17510.0,35699.0,63264.0,687
1265,Roger Kelley,28,70,1991,9,Male,Westlake,OH,44145,36610.0,74644.0,204251.0,792
1266,Cataleya Reed,26,65,1993,4,Female,Jenison,MI,49428,20773.0,42348.0,6204.0,754
1267,Kiera Wood,89,69,1931,1,Female,Torrance,CA,90503,31496.0,68010.0,0.0,704
1268,Meadow Martinez,87,70,1932,8,Female,Saint Paul,MN,55123,38514.0,60652.0,0.0,688
1269,Piper Garcia,39,70,1981,1,Female,Los Angeles,CA,90022,13485.0,27494.0,44258.0,702
1270,Juan Edwards,31,67,1988,4,Male,Bakersfield,CA,93306,19023.0,38788.0,77448.0,716
1271,Maxine Torres,57,66,1962,6,Female,Saint Charles,IL,60174,33847.0,69007.0,52218.0,720
1272,Rhys Faraday,43,66,1976,4,Male,Newport,RI,2840,24194.0,49328.0,6197.0,693
1273,Maggie Faraday,65,61,1954,12,Female,Santa Barbara,CA,93109,33097.0,35404.0,30887.0,575
1274,Hadley Davis,34,65,1985,3,Female,Lakeside,CA,92040,22740.0,46361.0,69620.0,743
1275,Darrell Gomez,54,66,1965,4,Male,Gainesville,FL,32608,25767.0,52538.0,132409.0,602
1276,Amina Torres,73,65,1947,1,Female,Brooklyn,NY,11216,19652.0,31317.0,4591.0,687
1277,Lucca Thompson,28,66,1991,10,Male,Pomona,CA,91768,16025.0,32676.0,88515.0,641
1278,Jaiden Powell,33,60,1987,2,Male,Portland,OR,97213,26647.0,54333.0,103224.0,584
1279,Briggs Campbell,66,61,1953,7,Male,Lawrenceville,GA,30043,24252.0,57383.0,20725.0,799
1280,Wayne Morales,44,65,1975,3,Male,Danielsville,GA,30633,15726.0,32064.0,9833.0,709
1281,Ember Merkel,53,66,1966,5,Female,Cambridge,MD,21613,16852.0,34361.0,41375.0,643
1282,Davian Ortiz,59,54,1960,9,Male,Inglewood,CA,90302,18476.0,28245.0,13411.0,669
1283,Kason Neufelder,26,69,1993,3,Male,Rapid City,SD,57703,18816.0,38363.0,63974.0,838
1284,Kyrie Martinez,93,69,1926,9,Male,Bronx,NY,10456,12475.0,10782.0,346.0,770
1285,Winnie Ortiz,86,68,1933,7,Female,Richmond,VT,5477,26951.0,35685.0,1135.0,714
1286,Anne Cox,49,70,1971,2,Female,Naples,FL,34109,25006.0,50984.0,65126.0,616
1287,Clare Foster,48,65,1971,9,Female,Iowa City,IA,52240,23238.0,47374.0,35312.0,714
1288,Rey Lee,33,66,1986,3,Male,Cordova,TN,38016,27474.0,56018.0,100163.0,739
1289,Rylie Campbell,23,65,1996,6,Female,Spring,TX,77389,35807.0,73011.0,240352.0,794
1290,Thea Johnson,59,60,1960,6,Female,Cave City,KY,42127,13456.0,27439.0,84665.0,631
1291,Phoenix Sanders,35,69,1984,11,Female,Jacksonville,FL,32222,20710.0,42229.0,0.0,688
1292,Lillian Kelly,54,58,1965,9,Female,Gloucester,VA,23061,21040.0,42900.0,111007.0,802
1293,Frankie Allen,60,68,1959,8,Male,Wichita,KS,67204,19224.0,39191.0,43396.0,756
1294,Brennan Johnson,18,68,2001,6,Male,Mc Lean,VA,22101,62840.0,128123.0,135808.0,699
1295,Clyde Wright,68,71,1951,9,Male,Zion Grove,PA,17985,20340.0,41473.0,98151.0,724
1296,Andy Bell,76,67,1943,8,Male,Delphos,OH,45833,18287.0,37829.0,20185.0,658
1297,Daniella Robinson,21,68,1998,8,Female,Lansing,MI,48911,16954.0,34568.0,81953.0,765
1298,Adrian Perez,71,74,1948,6,Male,Springfield,OH,45506,14342.0,29243.0,30686.0,726
1299,Aaliyah Martin,43,74,1976,4,Female,Pensacola,FL,32504,22247.0,45360.0,14587.0,704
1300,Bailee Nguyen,30,67,1989,8,Female,Wenonah,NJ,8090,26193.0,53407.0,125586.0,767
1301,Dakota Martinez,21,70,1998,9,Female,Rosemead,CA,91770,16101.0,32829.0,44141.0,652
1302,Joseph Sanchez,68,68,1951,4,Male,Gretna,LA,70056,20042.0,39832.0,5377.0,785
1303,Emerson Rogers,31,68,1988,9,Female,Henrico,VA,23231,21602.0,44041.0,109159.0,680
1304,Markus Masvidal,79,68,1940,10,Male,Mentor,OH,44060,24878.0,29517.0,2470.0,690
1305,Annika Rivera,50,69,1969,4,Female,Edgerton,WI,53534,21348.0,43529.0,126175.0,797
1306,Landen Martinez,53,66,1966,5,Male,Clarksville,IN,47129,16097.0,32820.0,23004.0,740
1307,Javion Stewart,69,73,1950,11,Male,San Mateo,CA,94404,47524.0,96901.0,182809.0,701
1308,Cason Thomas,60,66,1959,11,Male,Murphys,CA,95247,16448.0,33540.0,74530.0,734
1309,Augustine Turner,26,68,1993,3,Male,Hutchinson,MN,55350,20699.0,42201.0,138469.0,682
1310,Liliana Anderson,40,69,1979,3,Female,New Bremen,OH,45869,24227.0,49396.0,39549.0,814
1311,Butch Labelle,48,66,1971,9,Male,Oakdale,LA,71463,16816.0,34287.0,77180.0,760
1312,Sylvia Thomas,39,69,1980,4,Female,Kokomo,IN,46901,16794.0,34241.0,79551.0,784
1313,Nickolas Fisher,40,67,1980,2,Male,Columbus,OH,43204,17778.0,36247.0,34079.0,712
1314,Conner Ross,63,65,1956,11,Male,Sioux Falls,SD,57110,25692.0,52380.0,8764.0,850
1315,Jamison Fernandez,18,68,2002,2,Male,Gloversville,NY,12078,17027.0,34716.0,18962.0,850
1316,Adrien Rogers,85,67,1934,12,Male,North Bend,OR,97459,16738.0,38194.0,1674.0,680
1317,Emerson Wilson,64,67,1956,1,Male,Easton,PA,18042,21005.0,42831.0,59948.0,566
1318,Jazmin Clark,80,59,1939,10,Female,Lancaster,PA,17603,19945.0,34819.0,2971.0,696
1319,Jeffery Richardson,63,71,1956,9,Male,Brooklyn,NY,11232,16985.0,34637.0,12623.0,710
1320,Savanna Peterson,50,61,1969,7,Female,Hamtramck,MI,48212,8658.0,17657.0,21899.0,614
1321,Byron Leroux,79,65,1941,2,Male,Bluffton,SC,29910,21679.0,30434.0,23883.0,740
1322,Alayna Ward,23,65,1996,4,Female,Tacoma,WA,98466,23366.0,47639.0,0.0,732
1323,Lyric Lewis,32,70,1987,12,Female,Los Angeles,CA,90023,12557.0,25603.0,26348.0,729
1324,Jaxton Adams,56,70,1963,5,Male,Kissimmee,FL,34743,13964.0,28476.0,0.0,693
1325,Reed Williams,66,68,1953,3,Male,Alamo,TX,78516,10091.0,20577.0,60152.0,825
1326,Harlan Faraday,64,67,1955,7,Male,Bowling Green,KY,42101,14839.0,30252.0,24172.0,812
1327,Ryan Anwar,47,65,1972,8,Female,Grand Junction,CO,81506,24115.0,49169.0,65994.0,747
1328,Santos Wright,92,67,1927,10,Male,Tucson,AZ,85711,17460.0,24960.0,889.0,707
1329,Giuliana Moore,44,63,1975,8,Female,Zephyrhills,FL,33540,15187.0,30967.0,61201.0,685
1330,Clay Murphy,50,64,1969,4,Male,Round Lake,IL,60073,22578.0,46039.0,79738.0,672
1331,Brooklyn Reed,50,68,1969,12,Female,Oshkosh,WI,54901,19573.0,39911.0,93823.0,625
1332,Leandro Ryan,22,69,1997,8,Male,Tyler,TX,75703,27948.0,56984.0,128684.0,680
1333,Ryan Russell,50,68,1970,2,Male,Crossville,TN,38555,13708.0,27952.0,2070.0,850
1334,Elise Howard,22,65,1997,6,Female,Fort Lauderdale,FL,33327,42160.0,85954.0,108684.0,746
1335,Regina Turner,79,64,1940,8,Female,Lakeville,MN,55044,34186.0,57824.0,31354.0,668
1336,Yareli Macron,29,68,1991,1,Female,Campbellsport,WI,53010,21579.0,43996.0,16260.0,842
1337,Shepherd James,41,66,1978,12,Male,Roseville,CA,95678,25476.0,51943.0,61722.0,794
1338,Jaziel Bailey,34,73,1985,12,Male,Memphis,TN,38117,33974.0,69270.0,97114.0,540
1339,Laurel Gao,49,65,1970,8,Female,Summerville,SC,29485,21769.0,44383.0,42369.0,707
1340,Bryan Walker,82,63,1937,3,Male,Richmond,VA,23226,43827.0,92368.0,2689.0,719
1341,Mavis Johnson,52,71,1967,11,Female,Chandler,TX,75758,17886.0,36472.0,80469.0,526
1342,Zander Moore,18,66,2001,6,Male,Northampton,MA,1060,25442.0,51873.0,70144.0,731
1343,Marcelo Gao,47,72,1972,11,Male,Keller,TX,76248,0.0,3.0,5.0,750
1344,Braden Labelle,44,67,1975,7,Male,Saint Johnsbury,VT,5819,18069.0,36843.0,52248.0,772
1345,Maison Davis,26,66,1993,9,Male,Port Saint Lucie,FL,34986,18946.0,38634.0,42099.0,800
1346,Drew Green,29,70,1990,12,Male,Thomasville,NC,27360,16642.0,33933.0,5329.0,698
1347,Ryan Cruz,27,62,1992,7,Male,Fishers,IN,46038,31270.0,63760.0,151177.0,716
1348,Neil Moore,53,66,1967,1,Male,Elk Grove,CA,95624,25949.0,52904.0,144534.0,680
1349,Jayde Faraday,18,70,2002,1,Female,New Baltimore,MI,48051,23297.0,47501.0,81625.0,735
1350,Sophia Hill,59,66,1960,9,Female,Raceland,LA,70394,20521.0,41845.0,90940.0,673
1351,Amayah Bell,56,63,1963,6,Female,Temple City,CA,91780,22008.0,44875.0,125909.0,510
1352,Sean Morris,30,66,1989,10,Male,Durham,NC,27712,28430.0,57969.0,92382.0,691
1353,Archer Faraday,32,60,1987,5,Male,Wilmore,KY,40390,15757.0,32128.0,58373.0,724
1354,Ashton Thompson,47,66,1973,2,Male,Harrison,MI,48625,11036.0,22505.0,27928.0,798
1355,Tara Long,60,65,1959,7,Female,Miami,FL,33175,18828.0,38394.0,69393.0,693
1356,Carl Jackson,30,67,1989,3,Male,Phoenix,AZ,85043,17165.0,34998.0,60749.0,627
1357,Foster Rivera,58,67,1961,8,Male,Harbor City,CA,90710,22032.0,44924.0,27297.0,717
1358,Adalynn Young,86,67,1933,12,Female,Venus,TX,76084,19477.0,23371.0,0.0,757
1359,Ashanti Fu,60,66,1959,5,Female,New Castle,IN,47362,16273.0,33178.0,85620.0,687
1360,Bellissima Martin,32,63,1987,8,Female,Norman,OK,73071,20640.0,42084.0,57760.0,661
1361,Trenton Morales,24,69,1995,8,Male,Corona,CA,92880,28049.0,57187.0,9756.0,714
1362,Zuri Xi,46,66,1973,6,Female,Alvin,TX,77511,21956.0,44768.0,59862.0,728
1363,Kyree Anwar,90,67,1929,12,Male,Kailua,HI,96734,26370.0,39214.0,0.0,781
1364,Kolton Bailey,73,71,1947,1,Male,Waukesha,WI,53188,27546.0,38809.0,19912.0,788
1365,Haven Sanchez,55,77,1964,10,Female,Pittsburgh,PA,15224,18392.0,37495.0,28449.0,687
1366,Pablo Hall,49,63,1970,4,Male,Bristol,CT,6010,25405.0,51802.0,91118.0,696
1367,Katherine Walker,65,60,1954,11,Female,Rockville Centre,NY,11570,48994.0,103294.0,39076.0,831
1368,Emory Cooper,19,60,2001,1,Female,Dover,PA,17315,21400.0,43634.0,52593.0,654
1369,Augustus Martin,50,68,1970,2,Male,Morristown,TN,37814,17104.0,34868.0,51984.0,745
1370,Gemma Masvidal,61,64,1958,8,Female,Gunter,TX,75058,24364.0,49677.0,108399.0,593
1371,Grady Xi,67,65,1952,9,Male,Rainsville,AL,35986,15562.0,11029.0,3225.0,786
1372,Lyanna Cox,39,63,1980,7,Female,Union,NJ,7083,28993.0,59114.0,132715.0,730
1373,Paula Chen,43,68,1976,8,Female,Owego,NY,13827,19901.0,40576.0,54011.0,747
1374,Amber Jenkins,77,72,1942,5,Female,Bradenton,FL,34207,13972.0,31555.0,12777.0,696
1375,Cristiano Lewis,48,62,1971,8,Male,Phoenix,AZ,85083,35727.0,72844.0,207423.0,718
1376,Corbin Price,24,65,1995,8,Male,Mobile,AL,36618,17267.0,35212.0,56286.0,765
1377,Annabel Leroux,47,66,1972,7,Female,Blue Springs,MO,64015,24057.0,49045.0,0.0,727
1378,Katelyn Johnson,57,54,1962,12,Female,Ukiah,CA,95482,17899.0,12044.0,10323.0,576
1379,Jaxx Ward,38,71,1982,1,Male,Wichita,KS,67212,22638.0,46160.0,87459.0,763
1380,Thea King,46,71,1974,2,Female,Beaverton,OR,97005,21702.0,44249.0,103229.0,706
1381,Darius Taylor,76,70,1944,2,Male,Port Orchard,WA,98366,21219.0,30248.0,35766.0,763
1382,Trevor Bailey,28,71,1991,9,Male,Athens,AL,35614,16912.0,34487.0,52077.0,702
1383,Jolene Fox,83,67,1936,12,Female,Wilmer,TX,75172,13917.0,22873.0,0.0,710
1384,Jaziel Ross,50,69,1969,5,Male,Skiatook,OK,74070,21234.0,43290.0,90238.0,690
1385,Jazlynn Wood,28,73,1991,7,Female,De Soto,KS,66018,24982.0,50934.0,54406.0,720
1386,Eliezer Jones,23,65,1996,12,Male,Fairfax,VA,22033,42884.0,87437.0,0.0,738
1387,Hallie Leroux,25,70,1994,5,Female,Edgewood,MD,21040,21177.0,43178.0,74257.0,746
1388,Eliezer Bennett,51,63,1968,3,Male,Daytona Beach,FL,32117,13425.0,27372.0,54474.0,612
1389,Kaia Bennett,33,65,1986,8,Female,Circleville,OH,43113,18025.0,36755.0,96292.0,810
1390,Rory Nelson,70,64,1949,12,Female,Albuquerque,NM,87120,24485.0,40189.0,24169.0,621
1391,Valentin Wilson,29,65,1991,1,Male,Avis,PA,17721,15708.0,32024.0,69171.0,754
1392,Daphne Collins,34,65,1985,5,Female,Glen Cove,NY,11542,29426.0,59999.0,128311.0,676
1393,Harmoni Jackson,77,65,1942,5,Female,Springfield,KY,40069,16521.0,22540.0,16946.0,705
1394,Alaina Howard,38,66,1981,4,Female,Foristell,MO,63348,25756.0,52512.0,95640.0,706
1395,Zaylee Diaz,44,69,1975,12,Female,Daly City,CA,94014,23752.0,48430.0,62384.0,716
1396,Kayden Peres,36,66,1984,1,Male,Tacoma,WA,98403,31518.0,64262.0,75415.0,775
1397,Maleah Gonzalez,48,64,1971,8,Female,Houston,TX,77087,13862.0,28267.0,35727.0,799
1398,Tegan Fisher,70,65,1949,9,Female,Aurora,CO,80013,24849.0,45754.0,9066.0,718
1399,Alisa Abe,80,67,1939,4,Female,Danville,IL,61832,15755.0,16646.0,1639.0,590
1400,Elaine El-Mafouk,35,65,1984,3,Female,Alvin,TX,77511,21956.0,44766.0,68989.0,713
1401,Nancy Xi,34,66,1985,11,Female,Eastlake,OH,44095,20155.0,41091.0,86837.0,695
1402,Armani Diaz,43,71,1976,5,Male,Lake Havasu City,AZ,86404,14214.0,28983.0,36482.0,755
1403,Michael Allen,47,69,1972,7,Male,Waianae,HI,96792,17175.0,35016.0,54455.0,732
1404,Hannah Collins,82,69,1938,2,Female,Lamesa,TX,79331,14989.0,23175.0,1626.0,723
1405,Emerald Burns,49,66,1970,3,Female,Lorain,OH,44052,14880.0,30340.0,64661.0,552
1406,Emma Gray,38,62,1981,9,Female,Plattsburgh,NY,12901,20177.0,41141.0,71060.0,683
1407,Salma Jones,67,65,1952,10,Female,Saint Petersburg,FL,33704,34974.0,23533.0,23132.0,687
1408,Chana Bennett,24,68,1995,9,Female,Bronx,NY,10455,12939.0,26382.0,13161.0,748
1409,Cason Sanders,29,66,1990,7,Male,Buckeye,AZ,85396,25449.0,51891.0,83166.0,693
1410,Austin Chen,41,65,1978,6,Male,Great Barrington,MA,1230,21365.0,43560.0,58544.0,850
1411,Angelina Turner,51,56,1968,7,Female,Gulf Shores,AL,36542,15553.0,31713.0,42895.0,646
1412,Jesus Baker,29,66,1990,8,Male,Orange,CA,92865,26180.0,53376.0,60953.0,750
1413,Violet Johnson,58,75,1961,11,Female,Joplin,MO,64801,16574.0,33793.0,108196.0,768
1414,Aya Ross,71,65,1948,5,Female,Sanford,FL,32771,22585.0,38009.0,20529.0,689
1415,Bentlee Labelle,40,64,1979,12,Male,Monroe,CT,6468,37131.0,75711.0,121251.0,750
1416,Zahir Ward,55,74,1964,9,Male,Lake Forest,CA,92630,30307.0,61793.0,686.0,767
1417,Cecelia Burns,31,74,1988,10,Female,Ames,IA,50014,26190.0,53395.0,73370.0,785
1418,Kate Collins,61,66,1958,8,Female,Fayetteville,NC,28306,18316.0,37342.0,48611.0,779
1419,Florence King,59,68,1960,5,Female,Houston,TX,77015,17359.0,35397.0,55112.0,828
1420,Mathias Gao,52,66,1967,4,Male,Parsippany,NJ,7054,34756.0,70862.0,16595.0,745
1421,Miranda Martinez,63,61,1957,1,Female,Schenectady,NY,12309,30839.0,49569.0,58019.0,682
1422,Nico Miller,29,69,1990,11,Male,Newton,KS,67114,18479.0,37677.0,66737.0,685
1423,Khloe Baker,50,65,1970,1,Female,Federal Way,WA,98003,21756.0,44355.0,44779.0,680
1424,Alannah Gomez,78,68,1941,11,Female,Trinidad,CA,95570,15296.0,22290.0,9235.0,716
1425,Raquel Russell,32,73,1987,4,Female,Dayton,KY,41074,17278.0,35227.0,25277.0,746
1426,Mckenna Bell,73,65,1946,9,Female,Camillus,NY,13031,24172.0,48750.0,18724.0,709
1427,Zyaire Bennett,65,67,1954,9,Male,Burlingame,CA,94010,0.0,645.0,790.0,688
1428,Lyric Ramirez,40,70,1979,11,Female,Hope,IN,47246,18295.0,37299.0,31923.0,723
1429,Bill Merkel,94,66,1926,1,Male,Windsor,CO,80550,27185.0,60080.0,1807.0,690
1430,Kimber Sanders,51,64,1968,3,Female,Odenville,AL,35120,20542.0,41886.0,107734.0,768
1431,Savannah Bennett,47,55,1973,2,Female,La Grange,IL,60525,34681.0,70711.0,100226.0,741
1432,Kenya Reed,49,68,1970,4,Female,Fullerton,NE,68638,13582.0,27691.0,24480.0,687
1433,Maeve Phillips,35,62,1984,5,Female,Newark,DE,19713,22319.0,45508.0,93806.0,636
1434,Jaden Flores,45,65,1974,3,Male,Columbia,PA,17512,19663.0,40093.0,81752.0,615
1435,Edward Farhad,59,62,1961,2,Male,Garland,TX,75040,18408.0,37536.0,63386.0,717
1436,Gianna Cruz,18,69,2001,3,Female,Mililani,HI,96789,27576.0,56222.0,63846.0,726
1437,Maddox Gonzalez,35,67,1985,1,Male,Russellton,PA,15076,14798.0,30172.0,39959.0,653
1438,Paisley Perry,47,65,1973,2,Female,Brooklyn,NY,11222,25172.0,51330.0,106161.0,597
1439,Camille Lopez,37,68,1982,5,Female,Holden,MA,1520,31514.0,64252.0,92973.0,802
1440,Boston Peterson,45,57,1974,11,Male,Greenbrier,AR,72058,19589.0,39942.0,52441.0,709
1441,Erika Ajami,65,62,1954,3,Female,Orange,NJ,7050,18012.0,39077.0,14019.0,709
1442,Seth Butler,49,66,1970,6,Male,Minneapolis,MN,55429,18660.0,38039.0,27179.0,717
1443,Finley Wilson,23,65,1996,8,Female,Lakeland,FL,33813,26325.0,53675.0,82373.0,659
1444,Jairo Xi,75,64,1945,2,Male,Grand Rapids,MI,49534,21663.0,42812.0,22171.0,631
1445,Russell Harris,56,67,1963,4,Male,Los Angeles,CA,90002,11393.0,23231.0,48624.0,726
1446,Alvin Reed,20,71,2000,1,Male,Kennett,MO,63857,14824.0,30229.0,43239.0,595
1447,Amari Ortiz,63,65,1956,10,Male,Little Rock,AR,72209,13047.0,26600.0,0.0,799
1448,Kalani Kelley,32,71,1987,11,Female,Warwick,RI,2889,24424.0,49800.0,137460.0,694
1449,Cheyenne Morgan,63,57,1956,9,Female,Bethlehem,PA,18015,24571.0,50696.0,32793.0,767
1450,Miles Sadr,30,64,1990,1,Male,Stanton,CA,90680,17564.0,35813.0,43474.0,748
1451,Christopher Ajami,38,65,1981,9,Male,Chattanooga,TN,37415,21988.0,44831.0,20906.0,705
1452,Sue Morales,39,62,1980,11,Female,Monroe Township,NJ,8831,29088.0,59313.0,102360.0,802
1453,Paris Ramirez,49,67,1970,8,Female,Los Angeles,CA,90003,11073.0,22583.0,62461.0,683
1454,Liam Labelle,18,65,2002,2,Male,Mission Viejo,CA,92691,30564.0,62316.0,146487.0,813
1455,Dominique Johnson,20,62,1999,8,Male,Brooklyn,NY,11219,12433.0,25350.0,70475.0,643
1456,Everly Hughes,26,66,1993,9,Female,Fort Atkinson,WI,53538,21057.0,42931.0,48783.0,742
1457,Kai Merkel,19,68,2000,5,Male,Bensalem,PA,19020,24817.0,50602.0,66762.0,722
1458,Bryce Long,32,71,1988,1,Male,Toledo,OH,43608,12101.0,24668.0,22338.0,756
1459,Jaylah Martin,63,62,1956,4,Female,Ambler,PA,19002,44106.0,56102.0,59198.0,850
1460,Avi Stewart,61,62,1959,1,Male,Charleston,WV,25313,21705.0,44257.0,110587.0,664
1461,Otto Jackson,68,74,1952,1,Male,Houston,TX,77096,31072.0,63355.0,140526.0,747
1462,Dallas Torres,55,68,1964,8,Male,Seabrook,NH,3874,22448.0,45767.0,41791.0,721
1463,Macy Merkel,46,58,1973,5,Female,Anaheim,CA,92805,16252.0,33137.0,40559.0,706
1464,Stetson Hughes,79,65,1940,4,Male,Washington,IL,61571,24926.0,37898.0,32994.0,517
1465,Cain Morgan,27,67,1992,7,Male,Colchester,VT,5446,26033.0,53082.0,106945.0,689
1466,Terry Neufelder,25,68,1995,2,Male,Locust Grove,GA,30248,21682.0,44204.0,59310.0,710
1467,Marvin Roberts,24,61,1995,5,Male,Phoenix,AZ,85022,26023.0,53061.0,84073.0,743
1468,Yamileth Lee,28,67,1991,7,Female,Prattville,AL,36066,21796.0,44444.0,130382.0,706
1469,Tyson Kelley,67,67,1952,9,Male,Carleton,MI,48117,22321.0,56542.0,9097.0,733
1470,Ryann Faraday,24,67,1995,4,Female,Ashland,MS,38603,13161.0,26839.0,70077.0,805
1471,Ira Walker,51,69,1968,5,Male,Harwood,MD,20776,33529.0,68362.0,96182.0,711
1472,Kairo Mitchell,30,60,1989,6,Male,Piney Flats,TN,37686,22388.0,45649.0,150985.0,693
1473,Kenna Faraday,34,66,1985,11,Female,Killeen,TX,76543,14665.0,29897.0,27736.0,760
1474,Hannah Gonzalez,35,67,1984,3,Female,Roseville,CA,95661,29367.0,59872.0,95927.0,752
1475,Isaias Ross,51,72,1968,4,Male,Cookeville,TN,38501,15955.0,32531.0,78193.0,631
1476,Celine White,41,64,1978,6,Female,Winston,GA,30187,22613.0,46108.0,64994.0,635
1477,Jaden Gonzalez,54,66,1966,2,Male,Brownsville,TX,78521,11140.0,22714.0,27227.0,702
1478,Meredith Anwar,77,65,1942,4,Female,Belfair,WA,98528,19640.0,44807.0,13730.0,751
1479,Maya Lewis,39,65,1980,5,Female,Switz City,IN,47465,15285.0,31170.0,33165.0,685
1480,Rylan Rodriguez,33,69,1986,10,Female,Portage,WI,53901,19635.0,40029.0,0.0,787
1481,Kai Sanchez,38,67,1981,9,Male,Gainesville,FL,32605,24992.0,50957.0,73187.0,653
1482,Jillian Carter,26,69,1993,4,Female,Edinburg,TX,78542,11763.0,23987.0,39071.0,630
1483,Allen Ward,50,70,1970,1,Male,Wickes,AR,71973,13123.0,26758.0,41064.0,734
1484,Lillianna Davis,69,71,1950,9,Female,Bakersfield,CA,93308,21654.0,44152.0,90526.0,700
1485,Eva Perry,21,68,1998,12,Female,New York,NY,10010,91487.0,186534.0,233746.0,590
1486,Marcelo Foster,18,66,2002,2,Male,Hamburg,NY,14075,24121.0,49185.0,92484.0,690
1487,Abram Sullivan,30,66,1990,2,Male,Miami,FL,33176,28871.0,58865.0,94134.0,727
1488,Sally Russell,49,66,1970,9,Female,Henrico,VA,23228,20917.0,42652.0,133935.0,729
1489,Kinsley Kelley,43,65,1977,1,Female,Appleton,WI,54913,36825.0,75080.0,35268.0,747
1490,Isla Ward,56,69,1963,10,Female,Kuna,ID,83634,19198.0,39146.0,72957.0,766
1491,Maliyah Morales,75,65,1944,12,Female,Tacoma,WA,98404,16941.0,11410.0,0.0,812
1492,Malachi Perez,61,65,1958,11,Male,Sterling Heights,MI,48313,22974.0,46843.0,66529.0,736
1493,Lily Anwar,23,70,1996,7,Female,Torrance,CA,90504,25900.0,52815.0,77064.0,658
1494,Jazlynn James,18,71,2002,1,Female,Douglas,GA,31535,15701.0,32014.0,61420.0,728
1495,Savanna Perez,44,71,1975,7,Female,Saint Simons Island,GA,31522,26808.0,54659.0,73363.0,628
1496,Khalid Allen,44,66,1975,7,Male,Laurel Hill,NC,28351,13683.0,27896.0,42046.0,710
1497,Dario Collins,51,68,1969,1,Male,Coventry,RI,2816,25111.0,51196.0,26617.0,681
1498,Caylee Edwards,52,67,1967,5,Female,Crown Point,IN,46307,26168.0,53350.0,128676.0,685
1499,Alannah Farhad,44,65,1976,2,Female,West Harrison,NY,10604,45812.0,93406.0,151935.0,801
1500,Raphael Wilson,66,69,1953,9,Male,San Diego,CA,92129,36323.0,74059.0,144396.0,744
1501,Case Edwards,21,70,1998,3,Male,Powder Springs,GA,30127,25025.0,51028.0,105239.0,660
1502,Azariah Hall,21,69,1998,5,Female,Amanda,OH,43102,19000.0,38739.0,0.0,689
1503,Adilynn Ryan,41,60,1978,7,Female,Hannibal,NY,13074,17013.0,34690.0,48954.0,683
1504,Stanley Baker,37,63,1982,8,Male,Holly Springs,MS,38635,14367.0,29297.0,36303.0,825
1505,Timothy Miller,82,64,1937,10,Male,West Plains,MO,65775,14191.0,33356.0,938.0,566
1506,Alvaro Mitchell,31,68,1988,8,Male,Honeoye Falls,NY,14472,32973.0,67230.0,45269.0,685
1507,Genesis Fisher,65,64,1954,6,Female,Medford,NY,11763,27376.0,64829.0,15537.0,664
1508,Landry Ward,29,66,1990,11,Female,Marietta,GA,30062,33093.0,67473.0,140270.0,780
1509,Enoch Green,61,66,1959,1,Male,State College,PA,16801,25031.0,51039.0,0.0,704
1510,Jason Campbell,25,67,1994,8,Male,North Haven,CT,6473,29231.0,59599.0,79126.0,717
1511,David Wright,56,59,1963,5,Male,Perkins,OK,74059,17394.0,35468.0,53185.0,490
1512,Makai Gomez,33,67,1986,12,Male,Kenosha,WI,53144,23060.0,47023.0,0.0,765
1513,Alessia Jenkins,80,66,1939,12,Female,Houston,TX,77073,18528.0,22326.0,1620.0,564
1514,Isla Farhad,22,67,1997,7,Female,Chana,IL,61015,20147.0,41080.0,106545.0,793
1515,Alistair Lonsdale,56,66,1963,9,Male,High Point,NC,27265,24005.0,48944.0,79960.0,813
1516,Kingsley Abe,44,65,1975,7,Male,Lawrence,KS,66049,27149.0,55351.0,152645.0,703
1517,Damon Martin,18,68,2001,12,Male,Saint George,UT,84770,14470.0,29497.0,66044.0,722
1518,Baylee Martin,25,64,1995,2,Female,Tampa,FL,33647,34122.0,69572.0,137845.0,753
1519,Brody Ryan,37,59,1983,1,Male,Las Vegas,NV,89118,23889.0,48710.0,59824.0,792
1520,Milo Thompson,32,66,1987,6,Male,New Orleans,LA,70119,17536.0,35755.0,61748.0,708
1521,Johanna Williams,67,69,1952,8,Female,Norwalk,CT,6854,30736.0,62669.0,70317.0,760
1522,Alessandro Bell,39,69,1980,5,Male,Northwood,IA,50459,16087.0,32801.0,44496.0,701
1523,Brylee King,50,66,1970,2,Female,Conover,NC,28613,18444.0,37617.0,57746.0,695
1524,Cannon Masvidal,33,72,1986,7,Male,Henderson,TX,75652,17898.0,36496.0,119670.0,759
1525,Jordan Fu,77,67,1942,8,Male,Oswego,NY,13126,20447.0,47993.0,3080.0,827
1526,Cecelia Kelly,71,66,1948,8,Female,Saint George,UT,84790,15881.0,23350.0,19515.0,679
1527,Danielle Stewart,52,65,1967,7,Female,Oklahoma City,OK,73114,14465.0,29496.0,49681.0,704
1528,Kaylie Lonsdale,59,66,1960,10,Female,Easton,PA,18042,21005.0,42825.0,105122.0,850
1529,Alanna Ross,47,64,1972,8,Female,Sodus,NY,14551,16703.0,34057.0,59247.0,655
1530,Belen Fu,42,73,1977,8,Female,Hitchcock,TX,77563,21178.0,43181.0,57199.0,710
1531,Tommy Fu,32,66,1987,8,Male,Florham Park,NJ,7932,47698.0,97248.0,197100.0,775
1532,Lukas Cox,43,64,1976,11,Male,Sullivan,MO,63080,17101.0,34869.0,53381.0,699
1533,Carlee Roman,58,62,1961,4,Female,Barron,WI,54812,15371.0,31343.0,49537.0,741
1534,Anika Hall,63,62,1956,5,Female,Abilene,TX,79605,16665.0,30399.0,19404.0,668
1535,Sloane Ward,52,66,1967,9,Female,Lexington,KY,40509,28583.0,58278.0,51539.0,689
1536,Steven King,62,55,1958,2,Male,Leitchfield,KY,42754,14038.0,9445.0,14856.0,641
1537,Celeste Ward,32,66,1987,10,Female,Newark,NJ,7112,16691.0,34034.0,55846.0,633
1538,Zayne Adams,59,67,1960,8,Male,Miami,FL,33156,53676.0,109440.0,180865.0,737
1539,Kinslee Anderson,20,61,2000,2,Female,Woodbridge,NJ,7095,30587.0,62365.0,137710.0,606
1540,Lilly Chen,85,67,1935,1,Female,Everett,PA,15537,15262.0,38499.0,1493.0,746
1541,Sheila Martinez,21,65,1998,9,Female,Plainfield,IN,46168,23355.0,47622.0,87054.0,709
1542,Kassidy James,48,62,1972,1,Female,New Bloomfield,MO,65063,19627.0,40017.0,75377.0,648
1543,Thea Morales,28,71,1991,5,Female,Green Cove Springs,FL,32043,19805.0,40381.0,63008.0,730
1544,Lea Mitchell,63,65,1956,10,Female,Chicago,IL,60657,0.0,4.0,0.0,691
1545,Audrey Morales,32,67,1987,12,Female,New York,NY,10025,23874.0,48676.0,110589.0,721
1546,Shawn Walker,62,66,1957,9,Male,Milwaukee,WI,53206,9995.0,20377.0,12092.0,789
1547,Ryan Ajami,53,68,1967,2,Female,Mira Loma,CA,91752,19851.0,40470.0,87086.0,691
1548,Kingston Peterson,52,62,1967,3,Male,Canton,MA,2021,38878.0,79272.0,107029.0,716
1549,Rhett Nelson,42,63,1978,1,Male,Windsor,CT,6095,29261.0,59663.0,89579.0,681
1550,Zayd Kelly,30,71,1990,2,Male,Huntingdon Valley,PA,19006,34043.0,69412.0,64273.0,699
1551,Melany Taylor,23,55,1996,3,Female,Leesburg,FL,34748,11204.0,22844.0,37625.0,689
1552,Ahmed Russell,69,63,1950,4,Male,Albuquerque,NM,87106,20993.0,16542.0,36831.0,733
1553,Peyton Richardson,23,71,1996,10,Female,Carmel,CA,93923,29174.0,59479.0,69645.0,688
1554,Emerald Butler,61,64,1958,5,Female,Ooltewah,TN,37363,25814.0,52633.0,137109.0,704
1555,Coraline Gonzalez,21,67,1998,4,Female,Mount Airy,NC,27030,15286.0,31167.0,29342.0,749
1556,Tori Ortiz,25,65,1994,4,Female,Des Moines,IA,50313,18568.0,37864.0,57052.0,686
1557,Tinsley Campbell,18,61,2001,9,Female,Laneville,TX,75667,16183.0,32998.0,45196.0,736
1558,Susan Kelley,31,69,1988,8,Female,Midland,TX,79701,17329.0,35331.0,55566.0,697
1559,Barrett Brooks,46,68,1974,2,Male,Grenada,MS,38901,15568.0,31739.0,81905.0,799
1560,Rylie Roberts,18,65,2001,4,Female,Gorman,TX,76454,12583.0,25654.0,55761.0,746
1561,Curtis Rivera,35,66,1984,10,Male,Chula Vista,CA,91911,16942.0,34542.0,35474.0,697
1562,Elias El-Mafouk,26,61,1993,5,Male,Herrin,IL,62948,16397.0,33437.0,56690.0,588
1563,Andre Burns,53,69,1966,7,Male,Dallas,TX,75227,13799.0,28134.0,20231.0,707
1564,Coen Peres,54,71,1965,9,Male,Suwanee,GA,30024,35710.0,72807.0,0.0,803
1565,Gracelynn Peres,62,65,1957,10,Female,Gresham,OR,97080,22599.0,46075.0,139335.0,741
1566,Olivia Brooks,35,69,1984,6,Female,Spokane,WA,99216,17760.0,36213.0,48364.0,637
1567,Melody Hill,62,66,1957,7,Female,Denver,CO,80221,16459.0,33556.0,10619.0,799
1568,Leonardo Howard,54,61,1965,7,Male,Austin,TX,78705,23287.0,47482.0,59590.0,726
1569,Joshua Diaz,52,60,1967,8,Male,Elyria,OH,44035,18110.0,36927.0,54145.0,554
1570,Lillie Peres,18,65,2002,1,Female,Valdosta,GA,31605,19681.0,40131.0,48468.0,721
1571,Liliana Thomas,52,69,1967,10,Female,Chicago,IL,60620,14963.0,30509.0,56953.0,641
1572,Selah Morales,87,69,1932,11,Female,Oceanside,CA,92057,22270.0,33279.0,1642.0,778
1573,Kamari Hughes,61,67,1958,3,Male,Charlotte,TN,37036,17261.0,35196.0,51751.0,684
1574,Samara Murphy,52,65,1967,10,Female,Jersey City,NJ,7306,21642.0,44128.0,148684.0,739
1575,Rebekah Davis,20,70,1999,8,Female,Fargo,ND,58103,22214.0,45292.0,88917.0,660
1576,Lennon Martin,42,66,1977,9,Male,College Park,MD,20740,26224.0,53464.0,20683.0,751
1577,Wynter Nguyen,40,65,1979,10,Female,Corona,NY,11368,13177.0,26865.0,19529.0,826
1578,Kiana Edwards,18,69,2002,2,Female,Cape Canaveral,FL,32920,20392.0,41579.0,50190.0,694
1579,Jana Watson,46,70,1973,8,Female,Big Bear Lake,CA,92315,15515.0,31632.0,76538.0,832
1580,Paisleigh Merkel,30,67,1989,7,Female,Bismarck,ND,58504,23679.0,48277.0,110153.0,740
1581,Justin Evans,19,62,2000,10,Male,Effingham,SC,29541,16393.0,33426.0,51699.0,664
1582,Zaniyah Abe,73,68,1946,3,Female,Cleveland,OH,44104,9389.0,13089.0,10928.0,772
1583,Alfred Abe,24,65,1995,6,Male,Allendale,SC,29810,11384.0,23212.0,25138.0,799
1584,Brian Brown,18,63,2002,1,Male,Canoga Park,CA,91304,24074.0,49084.0,106863.0,577
1585,Laura Green,63,68,1956,11,Female,Albany,NY,12206,15490.0,31582.0,23359.0,693
1586,Jayceon Foster,74,66,1945,5,Male,Rush,NY,14543,26072.0,54013.0,3628.0,779
1587,Callum Ajami,41,64,1978,12,Male,Texarkana,TX,75501,15884.0,32387.0,65171.0,765
1588,Lilyana Green,61,65,1959,2,Female,De Land,IL,61839,16978.0,34619.0,13326.0,747
1589,Armani Edwards,52,67,1968,2,Male,Dallas,TX,75227,13799.0,28137.0,88482.0,797
1590,Liv Evans,56,68,1963,11,Female,Fall River Mills,CA,96028,13723.0,27981.0,62926.0,717
1591,Amani Roman,65,66,1954,3,Female,Patterson,LA,70392,19237.0,39221.0,45409.0,786
1592,Kenzie Kelley,25,70,1994,8,Female,Los Angeles,CA,90036,40761.0,83104.0,222502.0,714
1593,Johan Xi,59,65,1960,9,Male,Simpsonville,SC,29680,23966.0,48867.0,92873.0,644
1594,Londyn Rodriguez,49,61,1970,4,Female,Pascoag,RI,2859,24260.0,49464.0,123198.0,705
1595,Milena Reed,37,73,1982,11,Female,Parrish,AL,35580,17716.0,36122.0,51593.0,641
1596,Brenden Brown,20,74,1999,9,Male,West Warwick,RI,2893,22701.0,46284.0,46220.0,850
1597,Justice Davis,49,69,1970,10,Female,Gastonia,NC,28056,23879.0,48688.0,81995.0,679
1598,Veronica Lewis,50,68,1969,9,Female,Seattle,WA,98117,35031.0,71427.0,115702.0,709
1599,Eduardo Murphy,60,65,1959,12,Male,Kennett Square,PA,19348,34744.0,70840.0,52578.0,736
1600,Reese Torres,32,66,1988,2,Female,Fort Mill,SC,29707,26878.0,54804.0,172493.0,687
1601,Mohamed Perez,88,57,1931,9,Male,Buchanan Dam,TX,78609,13088.0,22371.0,994.0,700
1602,Tommy Brown,51,65,1968,11,Male,Fayetteville,NC,28312,18376.0,37467.0,50461.0,784
1603,Jaxen Faraday,32,71,1987,11,Male,Saint Paul,MN,55101,30650.0,62492.0,18680.0,686
1604,Westin Jackson,42,67,1977,8,Male,Clever,MO,65631,17222.0,35119.0,57463.0,850
1605,Emmeline Cox,63,66,1957,1,Female,San Diego,CA,92105,13805.0,28147.0,25987.0,756
1606,Rocky Adams,19,62,2001,1,Male,Norcross,GA,30092,31677.0,64585.0,121851.0,665
1607,Dario Thompson,33,69,1986,6,Male,Stockton,CA,95210,14709.0,29996.0,44313.0,809
1608,Ariyah Phillips,61,67,1959,1,Female,El Paso,TX,79928,14322.0,29206.0,25966.0,716
1609,Francis Brooks,51,69,1968,8,Male,Prairie Village,KS,66208,41663.0,84944.0,57746.0,713
1610,Emma Ross,21,71,1998,3,Female,Dearborn,MI,48126,11773.0,24006.0,57226.0,801
1611,Eliseo Price,50,62,1969,11,Male,Torrington,CT,6790,22401.0,45674.0,83331.0,717
1612,Jayde Powell,48,75,1972,1,Female,Lapel,IN,46051,19810.0,40392.0,52417.0,645
1613,Jana Howard,41,68,1978,5,Female,Pittsfield,NH,3263,19781.0,40334.0,65793.0,597
1614,Reed Ortiz,36,65,1984,1,Male,Mesa,AZ,85202,21053.0,42927.0,132343.0,687
1615,Prakash Mitchell,24,69,1995,12,Male,Dayton,OH,45420,18208.0,37122.0,58984.0,753
1616,Fiona Jenkins,36,65,1983,5,Female,Detroit,MI,48209,9710.0,19800.0,40038.0,682
1617,Aydin Miller,49,67,1970,8,Male,Grantham,PA,17027,21728.0,44303.0,53407.0,696
1618,Heaven Kelley,61,71,1958,4,Female,Utica,NY,13501,15194.0,30984.0,39222.0,616
1619,Casey Carter,45,66,1975,1,Female,Morristown,NJ,7960,55362.0,112875.0,44432.0,709
1620,Meredith Moore,28,65,1991,11,Female,Mosheim,TN,37818,14406.0,29371.0,32300.0,715
1621,Hunter Perez,35,64,1984,8,Male,Cicero,IL,60804,13891.0,28325.0,38658.0,822
1622,Julia Morris,52,69,1968,2,Female,Chicago,IL,60630,22296.0,45462.0,68494.0,657
1623,Thalia King,32,66,1987,7,Female,Lubbock,TX,79413,17444.0,35565.0,54634.0,681
1624,Khalid Murphy,18,64,2002,1,Male,Concord,NC,28025,20570.0,41940.0,82593.0,710
1625,Jaelyn Diaz,61,70,1958,3,Female,Thorofare,NJ,8086,28663.0,58433.0,48231.0,696
1626,Emmitt Kelley,57,69,1962,11,Male,Jackson Center,PA,16133,16809.0,34272.0,39514.0,765
1627,Magnus Sullivan,18,69,2001,9,Male,Saint Petersburg,FL,33704,34974.0,71312.0,200793.0,741
1628,Camilla Macron,49,69,1970,11,Female,Sacramento,CA,95822,18344.0,37401.0,76201.0,737
1629,Anabelle Cook,18,65,2002,2,Female,Pompano Beach,FL,33071,27916.0,56921.0,115330.0,823
1630,Allan James,52,60,1967,10,Male,Indianapolis,IN,46203,14691.0,29957.0,60321.0,624
1631,Skylar Perez,51,68,1969,1,Male,Godfrey,IL,62035,21680.0,44206.0,62813.0,690
1632,Westley Foster,47,57,1973,1,Male,Abbeville,LA,70510,18730.0,38190.0,81968.0,652
1633,Emmaline Fernandez,37,66,1982,4,Female,Blytheville,AR,72315,16689.0,34032.0,68762.0,769
1634,Moises Butler,43,69,1976,6,Male,Fayetteville,NC,28303,17751.0,36189.0,16988.0,694
1635,Isaiah Fox,51,65,1969,1,Male,Jackson,MS,39213,11061.0,22557.0,63019.0,699
1636,Jonas Brown,44,68,1975,11,Male,Camarillo,CA,93010,27544.0,56163.0,104767.0,671
1637,Kade Adams,44,71,1975,10,Male,Vancouver,WA,98684,22050.0,44963.0,90682.0,705
1638,Byron Cooper,20,68,1999,11,Male,Sterling Heights,MI,48310,19200.0,39144.0,55347.0,702
1639,Alexandria Brooks,82,67,1937,8,Female,Grover Hill,OH,45849,15090.0,21815.0,1597.0,498
1640,Maggie Wright,49,70,1971,2,Female,Olympia,WA,98516,24044.0,49026.0,83385.0,718
1641,Ariel Torres,38,68,1982,1,Male,Great Falls,MT,59404,19560.0,39882.0,77817.0,809
1642,Kaitlyn Diaz,59,63,1960,12,Female,Katy,TX,77493,26422.0,53878.0,78143.0,779
1643,Stevie Macron,18,64,2001,9,Female,Camp Pendleton,CA,92055,15520.0,31644.0,70064.0,480
1644,Nataly Mitchell,30,69,1989,4,Female,Commerce City,CO,80022,20522.0,41839.0,46226.0,761
1645,Hattie Smith,54,66,1965,3,Female,Palm Bay,FL,32905,15318.0,31240.0,26005.0,770
1646,Miranda Evans,80,69,1940,1,Female,Fleischmanns,NY,12430,14515.0,9766.0,66.0,732
1647,Thalia Phillips,25,65,1994,8,Female,Sunbury,PA,17801,16519.0,33682.0,42690.0,793
1648,Jeremiah Gonzalez,29,66,1990,5,Male,Chestnut Hill,MA,2467,62177.0,126775.0,28869.0,685
1649,Elaine Johnson,45,72,1974,5,Female,Pennington,AL,36916,17076.0,34817.0,63313.0,586
1650,Ellianna Martin,65,65,1955,2,Female,Blair,NE,68008,25102.0,16889.0,38489.0,679
1651,Maren Bennett,25,63,1994,9,Female,Jacksonville,FL,32210,19617.0,40000.0,127951.0,767
1652,Chaim Barnes,31,71,1988,5,Male,Alstead,NH,3602,20592.0,41986.0,134162.0,697
1653,Brendan Neufelder,23,65,1996,12,Male,Jersey City,NJ,7306,21642.0,44128.0,0.0,760
1654,Edward Roberts,23,65,1996,7,Male,Mundelein,IL,60060,28799.0,58721.0,135065.0,758
1655,Joey Taylor,55,68,1964,5,Male,Como,MS,38619,12285.0,25051.0,19465.0,734
1656,Elizabeth Gomez,20,67,1999,12,Female,Yuma,CO,80759,14242.0,29040.0,36331.0,703
1657,Warren Harris,45,67,1974,6,Male,Auburn,AL,36831,20782.0,42379.0,64124.0,550
1658,Terrance Martinez,59,67,1960,5,Male,Valley Center,CA,92082,22727.0,46341.0,78610.0,686
1659,Alec Johnson,20,64,2000,2,Male,Hummelstown,PA,17036,31040.0,63292.0,145756.0,635
1660,Emmanuel Richardson,37,68,1983,2,Male,Cosby,TN,37722,11755.0,23967.0,3880.0,722
1661,Mira Collins,41,72,1978,12,Female,Brunswick,OH,44212,23559.0,48038.0,83238.0,704
1662,Cristian Macron,27,65,1992,10,Male,San Francisco,CA,94112,22549.0,45973.0,0.0,777
1663,Axl Collins,75,65,1945,2,Male,Zebulon,NC,27597,19485.0,22850.0,17453.0,714
1664,Maxine Moore,22,63,1998,1,Female,Essex,MD,21221,21017.0,42856.0,67954.0,571
1665,Dennis Turner,22,66,1997,12,Male,Cynthiana,KY,41031,17478.0,35635.0,16372.0,713
1666,Thea Brown,66,66,1953,5,Female,Los Angeles,CA,90001,11649.0,24947.0,1767.0,766
1667,Zara Chen,74,57,1945,4,Female,Santaquin,UT,84655,18058.0,31792.0,28723.0,647
1668,Addyson Xi,23,59,1996,8,Female,Joaquin,TX,75954,19119.0,38983.0,96098.0,577
1669,London Fisher,31,67,1988,4,Female,North Wales,PA,19454,35861.0,73117.0,73557.0,685
1670,Sylvia Butler,59,66,1960,3,Female,Providence,RI,2903,30403.0,61991.0,2151.0,758
1671,Harlee Mitchell,19,65,2000,3,Female,Detroit,MI,48223,15790.0,32192.0,24074.0,686
1672,Chris Hill,36,64,1983,11,Male,Orlando,FL,32804,33078.0,67444.0,93513.0,850
1673,Kailyn Parker,22,67,1997,10,Female,Standish,ME,4084,22485.0,45846.0,103277.0,766
1674,Perla Chen,81,70,1938,6,Female,Tampa,FL,33617,18881.0,28594.0,1821.0,728
1675,Helen Leroux,29,71,1990,10,Female,Humble,TX,77346,32943.0,67166.0,123932.0,688
1676,Christian Lonsdale,47,72,1972,5,Male,Dawsonville,GA,30534,20581.0,41965.0,55700.0,724
1677,Yareli Wilson,47,68,1973,1,Female,La Habra,CA,90631,23740.0,48406.0,80441.0,683
1678,Jessie Xi,35,67,1984,11,Female,Newtown,PA,18940,50208.0,102369.0,189558.0,738
1679,Kaitlyn Martinez,66,67,1953,11,Female,Miami,FL,33193,17893.0,36481.0,81550.0,850
1680,Westley Lopez,25,63,1994,11,Male,Osseo,MN,55369,29872.0,60910.0,110864.0,679
1681,Kaylee Ward,49,65,1970,11,Female,Charleston,SC,29403,17158.0,34982.0,134631.0,765
1682,Abril Martin,79,57,1940,12,Female,Waipahu,HI,96797,21314.0,32232.0,21134.0,652
1683,Andrew Turner,37,69,1983,1,Male,West Bloomfield,MI,48322,32423.0,66111.0,98102.0,771
1684,Rose Schmidt,81,59,1938,8,Female,Irvington,NY,10533,74205.0,162709.0,5642.0,542
1685,Bryson Peres,46,70,1974,1,Male,Des Moines,IA,50313,18568.0,37857.0,57727.0,800
1686,Amir Leroux,70,66,1949,7,Male,Franklin,TX,77856,17356.0,23082.0,23406.0,638
1687,Malcolm Masvidal,83,64,1936,6,Male,Brooklyn,NY,11215,0.0,2.0,0.0,667
1688,Lincoln Fox,37,68,1982,9,Male,Stratford,CT,6614,27589.0,56248.0,149587.0,728
1689,Rose Adams,18,67,2001,3,Female,Lone Star,TX,75668,15832.0,32281.0,80882.0,630
1690,Angelo Cook,85,71,1934,5,Male,Sumter,SC,29153,14224.0,30451.0,93.0,686
1691,Yaretzi Cook,85,62,1934,4,Female,Canton,NC,28716,16248.0,28134.0,2081.0,674
1692,Susan Diaz,47,65,1972,12,Female,Bronx,NY,10463,25537.0,52065.0,98613.0,828
1693,Alivia Ryan,32,67,1987,7,Female,Garden Grove,CA,92844,16289.0,33212.0,59638.0,649
1694,Axl Powell,52,65,1967,9,Male,North Hollywood,CA,91605,15239.0,31070.0,86747.0,708
1695,Jaxson Anderson,18,68,2001,11,Male,Marion,KY,42064,14500.0,29562.0,31509.0,757
1696,Jose Thomas,52,67,1967,10,Male,Gaithersburg,MD,20879,30179.0,61532.0,26832.0,683
1697,Alivia Cook,18,62,2002,1,Female,Alamogordo,NM,88310,15095.0,30778.0,73680.0,681
1698,Kingsley Neufelder,66,57,1953,10,Male,Westfield,NC,27053,15838.0,27266.0,19798.0,777
1699,Ronan Sullivan,57,69,1962,5,Male,Grand Forks,ND,58201,23910.0,48750.0,117616.0,716
1700,Cole Murphy,18,67,2002,2,Male,Arlington,MA,2476,40694.0,82972.0,173295.0,653
1701,Jolie Masvidal,21,62,1998,7,Female,New Orleans,LA,70118,27603.0,56280.0,81803.0,760
1702,Otto Williams,18,67,2001,4,Male,Lynnwood,WA,98037,24564.0,50086.0,51164.0,776
1703,Kyla Thompson,22,69,1997,12,Female,Oklahoma City,OK,73112,19076.0,38892.0,50150.0,705
1704,Anika Garcia,47,66,1972,4,Female,Decatur,IL,62521,22153.0,45164.0,0.0,730
1705,Jamie Rivera,38,66,1981,7,Female,Quakertown,PA,18951,25205.0,51391.0,94145.0,656
1706,Blake Sadr,54,69,1966,1,Male,Massillon,OH,44646,20783.0,42379.0,136748.0,692
1707,Santiago Cruz,49,62,1970,8,Male,Denison,IA,51442,16673.0,33995.0,46102.0,531
1708,Hezekiah Howard,18,65,2002,1,Male,Baldwin Park,CA,91706,15775.0,32165.0,25778.0,689
1709,Adley Rivera,54,67,1965,5,Female,Old Saybrook,CT,6475,30281.0,61740.0,126015.0,583
1710,Analia Collins,86,69,1933,11,Female,Hattiesburg,MS,39401,14383.0,9678.0,812.0,688
1711,Macy Anwar,46,73,1974,2,Female,Millington,TN,38053,19115.0,38971.0,0.0,784
1712,Nico Brown,85,71,1934,7,Male,Lubbock,TX,79403,12187.0,12826.0,1550.0,734
1713,Keith Labelle,77,60,1942,6,Male,Mission,TX,78572,14275.0,22104.0,20031.0,670
1714,Serenity Foster,23,71,1996,10,Female,Fair Oaks,CA,95628,27548.0,56168.0,186534.0,703
1715,Arthur White,18,65,2002,2,Male,Asheville,NC,28803,22223.0,45313.0,21488.0,716
1716,Jemma Thomas,53,65,1966,12,Female,West Palm Beach,FL,33406,18205.0,37119.0,55010.0,718
1717,Isla Ramirez,25,67,1995,1,Female,Palmer,TX,75152,21032.0,42883.0,65917.0,807
1718,Noa King,53,58,1966,11,Female,Elyria,OH,44035,18110.0,36925.0,89762.0,721
1719,Roy Martinez,32,64,1987,7,Male,East Northport,NY,11731,33338.0,67976.0,105337.0,747
1720,Madeline El-Mafouk,27,65,1993,2,Female,Wellsville,OH,43968,16314.0,33266.0,0.0,693
1721,Tessa Baker,25,60,1994,5,Female,Jacksonville,FL,32218,19382.0,39520.0,61310.0,595
1722,Jamal Brooks,27,65,1992,3,Male,Greenwood,IN,46143,25773.0,52550.0,140825.0,710
1723,Dallas Fernandez,51,62,1968,3,Female,Miami,FL,33134,31625.0,64481.0,114394.0,627
1724,Aubrie Roman,55,67,1964,3,Female,Fayetteville,NC,28314,17789.0,36270.0,73779.0,769
1725,Jaxon Russell,31,57,1989,2,Male,San Jose,CA,95131,37677.0,76820.0,159137.0,819
1726,Jacoby Long,65,62,1954,5,Male,Wichita,KS,67212,22638.0,49817.0,26928.0,600
1727,Nicole Macron,67,71,1952,8,Female,Parkville,MD,21234,23096.0,47087.0,92489.0,820
1728,Melany Bailey,66,66,1953,7,Female,Angier,NC,27501,18340.0,36052.0,6602.0,767
1729,Matias Stewart,29,71,1990,5,Male,Selma,AL,36703,12474.0,25434.0,0.0,698
1730,Colten Nelson,41,70,1978,9,Male,Lyman,SC,29365,18857.0,38450.0,51430.0,850
1731,Noe Gutierrez,38,67,1981,3,Male,Milpitas,CA,95035,33758.0,68827.0,35669.0,755
1732,Reuben Torres,64,63,1956,2,Male,Katy,TX,77450,0.0,399.0,323.0,729
1733,Paxton Carter,71,56,1949,1,Male,Ocala,FL,34476,12992.0,17775.0,11520.0,746
1734,Dimitri Schmidt,64,67,1955,11,Male,Aurora,IL,60505,14200.0,28954.0,41461.0,636
1735,Sutton Sullivan,83,67,1936,3,Male,Los Altos,CA,94024,76725.0,82009.0,6229.0,764
1736,Kaleb Price,50,69,1970,2,Male,Gresham,OR,97080,22599.0,46077.0,135862.0,639
1737,Romeo Wood,36,65,1983,3,Male,Wethersfield,CT,6109,28557.0,58225.0,101148.0,685
1738,Breanna Robinson,20,64,2000,1,Female,Mays Landing,NJ,8330,23298.0,47504.0,65156.0,706
1739,Maya Bennett,58,67,1961,6,Female,Bowling Green,KY,42103,26567.0,54166.0,0.0,707
1740,Annabel King,54,66,1965,12,Female,Memphis,TN,38104,28570.0,58248.0,107130.0,728
1741,Caleb Masvidal,30,70,1989,4,Male,Fort Lauderdale,FL,33316,45143.0,92046.0,6658.0,681
1742,Pedro Gonzalez,53,66,1966,12,Male,Sarasota,FL,34243,19983.0,40745.0,18371.0,718
1743,Raelyn Carter,71,68,1948,7,Female,Burke,VA,22015,35563.0,87659.0,0.0,779
1744,Sergio Stewart,29,64,1990,5,Male,Sacramento,CA,95818,31184.0,63583.0,200435.0,635
1745,Jaxxon Wright,58,66,1962,1,Male,Alhambra,CA,91803,20059.0,40900.0,64420.0,678
1746,Saanvi Flores,67,67,1952,7,Female,Oakfield,NY,14125,17665.0,43070.0,14135.0,726
1747,Malik Scott,54,67,1966,1,Male,Montgomery,AL,36104,11703.0,23863.0,83430.0,536
1748,Rodney King,92,67,1927,6,Male,Danville,NH,3819,26541.0,56099.0,933.0,751
1749,Lyanna Ajami,32,65,1988,1,Female,Dickinson,TX,77539,24217.0,49374.0,108192.0,706
1750,Preston Fu,20,66,1999,7,Male,Cranberry Twp,PA,16066,35188.0,71750.0,117124.0,697
1751,Aria Rogers,20,66,1999,7,Female,West Chester,OH,45069,31920.0,65082.0,88347.0,850
1752,Colton Fox,18,65,2002,1,Male,Balch Springs,TX,75180,14245.0,29047.0,36835.0,786
1753,Brody King,43,68,1976,6,Male,Hawthorne,CA,90250,19153.0,39052.0,65861.0,804
1754,Rivka Taylor,94,65,1926,1,Female,Wauconda,IL,60084,28147.0,40787.0,1574.0,782
1755,Belen Stewart,22,64,1997,12,Female,Houston,TX,77093,11219.0,22876.0,36157.0,685
1756,Gabriela Davis,61,60,1958,3,Female,Medford,OR,97504,18961.0,30359.0,16552.0,758
1757,Samira Ross,47,66,1972,6,Female,Williamsburg,KY,40769,12814.0,26130.0,54290.0,498
1758,Barrett Schmidt,59,66,1960,9,Male,Houston,TX,77056,95039.0,193768.0,150896.0,686
1759,Elian Fernandez,32,67,1987,8,Male,Lynwood,CA,90262,13632.0,27795.0,72318.0,701
1760,Genesis Jones,53,66,1967,2,Female,Northport,AL,35476,15540.0,31688.0,66776.0,605
1761,Colt Cook,36,66,1983,8,Male,York,NE,68467,18024.0,36753.0,33657.0,684
1762,Alfredo Cruz,63,62,1956,8,Male,Cocoa,FL,32926,19018.0,12796.0,22192.0,644
1763,Livia Stewart,32,65,1987,8,Female,Blackwell,OK,74631,15077.0,30737.0,35858.0,815
1764,Achilles Schmidt,30,62,1989,12,Male,Germantown,MD,20876,31555.0,64340.0,94513.0,637
1765,Brylee Price,50,74,1969,4,Female,Vincentown,NJ,8088,28433.0,57975.0,34570.0,773
1766,Devin Roberts,30,67,1989,7,Male,Chilton,WI,53014,19382.0,39520.0,53896.0,772
1767,Ashlyn Scott,59,68,1960,3,Female,Union City,NJ,7087,16770.0,34190.0,39242.0,810
1768,Madison Neufelder,28,64,1991,10,Female,Los Angeles,CA,90007,13002.0,26513.0,32620.0,604
1769,Adrianna Cook,78,66,1941,11,Female,Valdosta,GA,31601,12672.0,8526.0,3723.0,684
1770,Kyra Gao,40,63,1980,2,Female,Mount Pleasant,NC,28124,20041.0,40867.0,50449.0,694
1771,Oakley Taylor,34,62,1985,10,Male,Summerville,GA,30747,14514.0,29594.0,47766.0,792
1772,Lorelai Brown,35,65,1984,3,Female,Los Angeles,CA,90006,11395.0,23238.0,31661.0,611
1773,Addison Faraday,49,68,1970,12,Female,Monaca,PA,15061,20142.0,41071.0,124139.0,685
1774,Winter Clark,65,62,1955,2,Female,O Fallon,MO,63366,25350.0,17056.0,29112.0,667
1775,Lainey Brooks,36,66,1983,3,Female,Newark,DE,19711,31719.0,64672.0,56485.0,695
1776,Kadence Morales,62,60,1957,6,Female,Clovis,CA,93612,17301.0,26975.0,17212.0,673
1777,Camilla Bailey,30,65,1989,4,Female,Philadelphia,PA,19133,10016.0,20424.0,14743.0,770
1778,Deborah Clark,60,67,1959,10,Female,Holly,MI,48442,22680.0,46244.0,108449.0,814
1779,Perla Phillips,38,65,1981,11,Female,Arnold,MO,63010,21744.0,44334.0,55173.0,684
1780,Magnus Brooks,63,68,1956,6,Male,Port Chester,NY,10573,35269.0,71909.0,44190.0,712
1781,Renee Williams,66,69,1953,5,Female,Mendham,NJ,7945,91180.0,185909.0,461854.0,621
1782,Achilles Edwards,76,65,1943,7,Male,Hickory,NC,28602,17850.0,21867.0,21103.0,759
1783,Briar Gomez,40,61,1979,12,Female,North Lawrence,OH,44666,21201.0,43229.0,96831.0,685
1784,Layne Mitchell,64,64,1956,2,Male,Houston,TX,77067,15401.0,24420.0,14460.0,685
1785,Aubree Hill,54,66,1966,1,Female,Brooksville,FL,34601,15524.0,31655.0,46405.0,623
1786,Collins Lewis,84,64,1936,1,Female,North Andover,MA,1845,41665.0,66745.0,682.0,718
1787,Keenan Allen,22,65,1997,4,Male,Moorhead,MN,56560,20214.0,41214.0,130538.0,763
1788,Moshe Martin,49,64,1970,6,Male,Albuquerque,NM,87114,24403.0,49756.0,70744.0,705
1789,Milan Faraday,66,63,1953,6,Male,Warner Robins,GA,31093,15334.0,28104.0,12054.0,751
1790,Mckenna Braun,54,68,1965,3,Female,Highland,MI,48357,25838.0,52680.0,87082.0,835
1791,Aylin Myers,61,66,1958,3,Female,Jeffersonville,KY,40337,13602.0,27733.0,21785.0,765
1792,Brycen Adams,61,63,1959,2,Male,Geneva,IN,46740,10493.0,21397.0,54771.0,812
1793,Shiloh Martin,47,70,1972,10,Male,Rancho Cucamonga,CA,91730,24603.0,50163.0,97188.0,761
1794,Mckenna Wilson,25,69,1994,5,Female,Hancock,WI,54943,13210.0,26939.0,69587.0,752
1795,Silas Kelly,52,69,1967,10,Male,Minneapolis,MN,55421,20662.0,42129.0,101742.0,758
1796,Jewel Perry,48,66,1971,12,Female,Palisades Park,NJ,7650,22278.0,45422.0,83940.0,689
1797,Alessandro Davis,37,66,1982,12,Male,Helena,MT,59601,20305.0,41401.0,71180.0,580
1798,Abigail Morales,19,63,2000,6,Female,San Diego,CA,92126,27394.0,55854.0,111042.0,782
1799,Nyla Fernandez,66,67,1953,11,Female,Strafford,NH,3884,24779.0,50523.0,98763.0,578
1800,Melvin Brown,73,67,1946,3,Male,Mobile,AL,36695,25381.0,48060.0,17440.0,581
1801,Skyler Robinson,40,64,1979,10,Male,Brownsville,TX,78520,12684.0,25861.0,42050.0,607
1802,Monserrat Schmidt,29,66,1990,3,Female,Jersey City,NJ,7307,21916.0,44688.0,88092.0,716
1803,Charli Neufelder,41,69,1979,1,Female,Rosedale,NY,11422,24412.0,49776.0,17352.0,684
1804,Owen Roman,21,62,1998,10,Male,Hudson,OH,44236,42201.0,86042.0,165447.0,701
1805,Dane Morales,27,65,1993,1,Male,Belleville,IL,62223,23778.0,48484.0,63561.0,775
1806,Kaysen Baker,54,62,1965,5,Male,Drums,PA,18222,23450.0,47814.0,92020.0,720
1807,Tara Anwar,20,69,1999,8,Female,Baker,LA,70714,17440.0,35559.0,59164.0,672
1808,Dallas Murphy,38,65,1981,7,Male,Le Mars,IA,51031,19853.0,40478.0,76392.0,718
1809,Brady Gomez,45,67,1974,3,Male,Charlotte,NC,28215,17817.0,36323.0,65525.0,700
1810,Luciana Faraday,34,66,1985,3,Female,Billings,MT,59102,20231.0,41249.0,42268.0,695
1811,Guillermo Morales,62,61,1957,9,Male,Bernalillo,NM,87004,15966.0,29769.0,14542.0,693
1812,Magdalena Gray,23,66,1996,3,Female,Atherton,CA,94027,150583.0,307018.0,516263.0,745
1813,Erick Reed,20,66,1999,11,Male,Jackson,MI,49203,17783.0,36264.0,99582.0,725
1814,Rosemary Sanders,36,69,1983,4,Female,Scottsdale,AZ,85260,36300.0,74016.0,85204.0,702
1815,Opal Ward,46,69,1973,12,Female,Cleveland,OH,44118,27250.0,55565.0,34039.0,731
1816,Aden Ward,31,63,1988,6,Male,Blacksburg,VA,24060,24640.0,50242.0,84457.0,722
1817,Brock Ramirez,43,67,1976,4,Male,Woodbine,NJ,8270,22697.0,46278.0,51243.0,791
1818,Darren Turner,31,63,1988,5,Male,Taylorsville,KY,40071,21444.0,43724.0,53853.0,514
1819,Amia Leroux,18,66,2001,4,Female,Louisville,KY,40207,31636.0,64504.0,69041.0,695
1820,Edith Burns,42,67,1978,2,Female,Choctaw,OK,73020,21884.0,44624.0,102882.0,611
1821,Stefan Thomas,49,58,1970,12,Male,San Antonio,TX,78209,36852.0,75137.0,175263.0,631
1822,Brantley Russell,70,65,1949,3,Male,Carpinteria,CA,93014,21191.0,36724.0,16437.0,701
1823,Lance Reyes,61,66,1958,4,Male,Concord,NC,28027,25299.0,51581.0,35134.0,810
1824,Dustin Williams,47,63,1972,11,Male,Franconia,NH,3580,21159.0,43144.0,54157.0,628
1825,Josephine Chen,91,67,1929,1,Female,Donaldsonville,LA,70346,16474.0,27150.0,2007.0,737
1826,Simeon Flores,47,67,1972,5,Male,Annandale,VA,22003,30622.0,62432.0,95799.0,741
1827,Jovanni El-Mafouk,18,67,2001,11,Male,Fontana,CA,92335,13739.0,28006.0,19518.0,703
1828,Trey Jackson,62,65,1957,10,Male,Marietta,GA,30062,33093.0,67470.0,93795.0,804
1829,Sarai Brown,18,75,2002,1,Female,Manhattan,KS,66503,25658.0,52315.0,109513.0,774
1830,Joyce Fisher,20,73,1999,8,Female,Attleboro,MA,2703,26693.0,54424.0,92199.0,687
1831,Rylan Morgan,22,66,1997,7,Male,Mulvane,KS,67110,22195.0,45254.0,75758.0,850
1832,Hannah Adams,34,68,1985,7,Female,Buffalo,NY,14210,15461.0,31525.0,57818.0,686
1833,Amiya Davis,44,67,1975,3,Female,Hot Springs National Park,AR,71913,15857.0,32330.0,97190.0,835
1834,Griffin King,30,74,1989,9,Male,Las Cruces,NM,88005,16670.0,33993.0,45149.0,602
1835,Paulina Jones,40,70,1979,7,Female,Mobile,AL,36610,9284.0,18935.0,43928.0,658
1836,Haley Sanders,73,60,1946,8,Female,Fort Lauderdale,FL,33309,21084.0,42593.0,16083.0,703
1837,Ronan Morgan,21,72,1998,6,Male,Saint Louis,MO,63119,31909.0,65058.0,157708.0,746
1838,Lainey Taylor,50,71,1969,7,Female,Chesapeake,VA,23321,24312.0,49570.0,43645.0,752
1839,Alora White,47,65,1972,12,Female,North Hollywood,CA,91606,16892.0,34441.0,907.0,725
1840,Bailee Labelle,30,65,1989,7,Female,Vancouver,WA,98663,20649.0,42101.0,70460.0,685
1841,Kelsey Burns,71,69,1949,1,Female,Candor,NY,13743,18323.0,40516.0,6908.0,698
1842,Curtis Roman,33,71,1986,11,Male,Dearborn,MI,48126,11773.0,24009.0,19085.0,811
1843,Elijah Wilson,33,66,1987,2,Male,Wyoming,MI,49519,18431.0,37579.0,59201.0,710
1844,Leighton Cook,53,68,1967,2,Female,El Cajon,CA,92021,20673.0,42152.0,55576.0,751
1845,Zoe Adams,63,72,1956,7,Female,Parma,MO,63870,11636.0,23725.0,47647.0,710
1846,Joanna Harris,21,69,1998,9,Female,Buffalo,NY,14215,14456.0,29475.0,48741.0,722
1847,Adalyn Sanchez,82,68,1937,5,Female,Santa Barbara,CA,93101,23071.0,34903.0,1336.0,630
1848,Quincy Fox,39,67,1980,5,Male,Middletown,OH,45042,19293.0,39336.0,43747.0,690
1849,Chloe Nguyen,32,74,1987,5,Female,New York,NY,10002,19744.0,40256.0,0.0,719
1850,Marcus Ramirez,18,65,2002,2,Male,Petaluma,CA,94954,26752.0,54547.0,92901.0,751
1851,Harmoni Fox,54,66,1965,5,Female,Naperville,IL,60565,41979.0,85596.0,159101.0,618
1852,Douglas Abe,37,66,1982,6,Male,Cullman,AL,35055,17198.0,35060.0,39104.0,724
1853,Vicente Gao,69,70,1951,2,Male,Wagoner,OK,74477,15195.0,30983.0,10019.0,757
1854,Darian Lonsdale,55,67,1964,10,Male,East Peoria,IL,61611,22416.0,45707.0,113194.0,715
1855,Gwendolyn Rogers,43,60,1976,11,Female,Elmer,NJ,8318,24417.0,49788.0,83932.0,690
1856,Galilea Clark,69,67,1950,12,Female,Manassas,VA,20109,24016.0,50753.0,20226.0,698
1857,Eileen Chen,88,67,1931,9,Female,Cincinnati,OH,45224,18959.0,16296.0,667.0,838
1858,Daniel Martinez,21,62,1998,8,Male,Fort Plain,NY,13339,15242.0,31077.0,89659.0,789
1859,Daleyza Campbell,27,65,1992,6,Female,Holland,MI,49423,18877.0,38487.0,28032.0,773
1860,Jayla Jenkins,59,66,1960,12,Female,Houston,TX,77081,15862.0,32347.0,82667.0,784
1861,Reina Cox,37,66,1982,4,Female,Lavallette,NJ,8735,19848.0,40470.0,41938.0,731
1862,Conner Harris,49,63,1970,8,Male,Syracuse,NY,13210,18649.0,38028.0,79101.0,831
1863,Angela Jenkins,83,64,1936,4,Female,Dover,DE,19901,17634.0,25567.0,1001.0,665
1864,Lorenzo Thomas,33,65,1987,1,Male,Liverpool,NY,13090,25429.0,51848.0,86951.0,692
1865,Finnegan Campbell,48,63,1971,8,Male,Lagrange,IN,46761,14263.0,29081.0,56301.0,655
1866,Yusuf Rivera,34,68,1985,9,Male,Willowbrook,IL,60527,45307.0,92375.0,156949.0,712
1867,Amber Masvidal,31,65,1988,10,Female,Marietta,GA,30067,30747.0,62692.0,50290.0,698
1868,Emory Lopez,58,62,1961,10,Male,Salt Lake City,UT,84120,17276.0,35229.0,60945.0,724
1869,Halle Rivera,40,58,1979,3,Female,Dallas,TX,75206,37234.0,75918.0,94579.0,759
1870,Tinley Watson,39,66,1980,11,Female,Tacoma,WA,98445,20345.0,41483.0,64098.0,721
1871,Samara Young,50,60,1969,7,Female,Piedmont,CA,94620,26391.0,53810.0,78986.0,637
1872,Angelica Long,26,72,1994,1,Female,Trinity,NC,27370,18657.0,38036.0,0.0,743
1873,Nathaniel Lopez,20,65,1999,9,Male,Buzzards Bay,MA,2532,23909.0,48747.0,171249.0,713
1874,Isabella Young,29,67,1990,8,Female,Farmington,MI,48331,36817.0,75070.0,161525.0,723
1875,August Braun,42,72,1977,8,Male,Antioch,CA,94531,28733.0,58584.0,99235.0,563
1876,Gloria Wright,53,66,1966,10,Female,Boone,NC,28607,19604.0,39974.0,77967.0,644
1877,Aarav Farhad,48,64,1971,8,Male,Bronx,NY,10460,13461.0,27447.0,80850.0,673
1878,Blaire Wright,32,68,1987,6,Female,Bartlesville,OK,74003,16453.0,33548.0,31183.0,693
1879,Raul Gao,23,74,1996,7,Male,Saint Clairsville,OH,43950,20697.0,42200.0,28557.0,769
1880,Jessie Parker,18,65,2001,9,Female,Cochran,GA,31014,16413.0,33459.0,37753.0,705
1881,Joseph Schmidt,78,66,1941,9,Male,Chantilly,VA,20152,46175.0,113514.0,16524.0,727
1882,Paris Powell,38,65,1982,2,Female,Colcord,OK,74338,12517.0,25524.0,69401.0,759
1883,Zayden Brown,50,67,1969,3,Male,Laguna Beach,CA,92651,69236.0,141161.0,0.0,773
1884,Kaylin Foster,32,66,1987,5,Female,Baltimore,MD,21224,26431.0,53890.0,252106.0,656
1885,Gerardo Gonzalez,60,65,1959,12,Male,Franklin,TN,37067,36563.0,74550.0,37427.0,687
1886,Greta Turner,81,69,1938,3,Female,Pottsboro,TX,75076,20874.0,32669.0,1433.0,755
1887,Allan Davis,54,68,1965,8,Male,Peckville,PA,18452,18432.0,37579.0,0.0,742
1888,Randall Parker,53,66,1966,12,Male,Mount Vernon,NY,10552,34646.0,70634.0,155651.0,682
1889,Kyng El-Mafouk,51,68,1968,10,Male,Berkeley Heights,NJ,7922,53790.0,109673.0,242379.0,505
1890,Liana Jones,46,66,1973,9,Female,Waukegan,IL,60085,15770.0,32150.0,47179.0,717
1891,Ethan Smith,42,68,1978,2,Male,Riverside,IA,52327,22308.0,45475.0,68358.0,698
1892,Elsa Lee,38,65,1981,12,Female,Cleveland,OH,44120,21402.0,43634.0,73037.0,786
1893,Cooper Labelle,23,66,1996,9,Male,New York,NY,10034,18525.0,37769.0,1412.0,742
1894,Matthew Murphy,74,61,1945,11,Male,Beaverdam,VA,23015,25937.0,24545.0,22488.0,753
1895,Eliza Morgan,83,65,1936,5,Female,Oklahoma City,OK,73159,17070.0,33811.0,2206.0,682
1896,Kashton Farhad,61,65,1958,11,Male,Marion,IA,52302,25275.0,51528.0,58509.0,745
1897,Bella Lewis,64,66,1956,1,Female,Dalton,GA,30720,19818.0,40407.0,62695.0,793
1898,Gabriela Price,57,67,1962,10,Female,Boulder,CO,80301,31377.0,63974.0,131731.0,707
1899,Amira Bailey,59,68,1960,11,Female,Eastford,CT,6242,25399.0,51788.0,77642.0,675
1900,Marie Rivera,23,70,1996,4,Female,Waldorf,MD,20603,35114.0,71590.0,60635.0,717
1901,Chase Brown,65,70,1954,5,Male,Blackville,SC,29817,12387.0,25257.0,83995.0,734
1902,Baylor Cook,24,65,1996,2,Male,Ravenna,OH,44266,18907.0,38549.0,35691.0,684
1903,Conor Morales,20,61,1999,6,Male,Wailuku,HI,96793,22844.0,46580.0,91081.0,660
1904,Aiyana Robinson,61,68,1958,3,Female,Richmond,CA,94804,21869.0,44583.0,85531.0,717
1905,Mariana Torres,62,66,1958,1,Female,Elk Grove,CA,95624,25949.0,52908.0,109229.0,709
1906,Janelle Campbell,30,64,1989,8,Female,Ray City,GA,31645,13238.0,26996.0,33332.0,501
1907,Aydin Jenkins,18,60,2002,2,Male,Victoria,TX,77901,16005.0,32635.0,47930.0,734
1908,Simon Diaz,29,53,1990,3,Male,Oriskany Falls,NY,13425,17681.0,36050.0,45559.0,708
1909,Charlie Phillips,34,65,1985,10,Female,Charlotte,NC,28215,17817.0,36324.0,56689.0,705
1910,Andre Faraday,44,68,1975,10,Male,Milford,DE,19963,18622.0,37965.0,69614.0,796
1911,Richard Peres,57,63,1962,12,Male,Lincoln Park,MI,48146,17094.0,34856.0,127313.0,830
1912,Jordan White,63,66,1956,3,Female,Kissimmee,FL,34746,16150.0,32928.0,80794.0,850
1913,Maggie Ajami,24,68,1995,3,Female,Fontana,CA,92335,13739.0,28011.0,20196.0,720
1914,Odin Schmidt,59,64,1960,8,Male,Lucasville,OH,45648,16336.0,33311.0,65822.0,590
1915,Leila Gomez,22,62,1997,4,Female,Logan,UT,84321,17093.0,34852.0,53830.0,641
1916,Henley Russell,21,65,1998,11,Female,Wallington,NJ,7057,21827.0,44501.0,37251.0,683
1917,Benjamin Anderson,53,69,1966,11,Male,Maquon,IL,61458,14739.0,30054.0,60128.0,681
1918,Memphis Davis,62,67,1957,10,Male,Delray Beach,FL,33445,20055.0,40891.0,61245.0,717
1919,Ariyah Bell,37,66,1982,7,Female,Bothell,WA,98021,33226.0,67747.0,76650.0,804
1920,Vihaan Cook,56,66,1963,5,Male,Los Angeles,CA,90007,13002.0,26510.0,53023.0,696
1921,Malik Torres,84,70,1936,1,Male,Colfax,WI,54730,19196.0,26676.0,1370.0,733
1922,Aylin Clark,44,70,1975,10,Female,Corpus Christi,TX,78418,22314.0,45497.0,101549.0,713
1923,Yahir Lopez,87,66,1932,4,Male,Broxton,GA,31519,14060.0,27971.0,1265.0,765
1924,Kayleigh Richardson,31,75,1988,9,Female,Louisville,KY,40299,25258.0,51501.0,140481.0,729
1925,Soren Hall,21,69,1998,3,Male,Easton,CT,6612,55814.0,113797.0,169684.0,660
1926,Zyaire Morales,19,69,2000,12,Male,Lampasas,TX,76550,16744.0,34134.0,0.0,683
1927,Elaine Cox,84,66,1935,9,Female,Concord,NC,28025,20570.0,16430.0,2873.0,779
1928,Harrison Green,72,65,1948,1,Male,Palm Bay,FL,32905,15318.0,16302.0,14408.0,748
1929,Anna King,33,63,1986,6,Female,Lindenhurst,NY,11757,26528.0,54091.0,165960.0,675
1930,Billy Roberts,51,65,1968,10,Male,Willsboro,NY,12996,14415.0,29388.0,21221.0,755
1931,Lennon Richardson,54,70,1965,11,Male,San Rafael,CA,94901,30819.0,62837.0,86171.0,850
1932,Maxim Wright,45,71,1974,4,Male,Grand Forks,ND,58201,23910.0,48755.0,37315.0,777
1933,Morgan Merkel,39,66,1980,10,Female,Lincoln,CA,95648,21829.0,44506.0,57994.0,849
1934,Wayne Hughes,64,66,1955,7,Male,Miltona,MN,56354,15325.0,31244.0,51924.0,713
1935,Aurora Phillips,58,67,1961,4,Female,Rockingham,NC,28379,15009.0,30605.0,16549.0,737
1936,Braylen Wright,34,68,1985,6,Male,Andrews,SC,29510,14669.0,29907.0,16764.0,732
1937,Abram Fox,21,69,1998,8,Male,Tampa,FL,33617,18881.0,38497.0,33413.0,699
1938,Malik Reed,34,59,1985,4,Male,Manchester,TN,37355,16349.0,33336.0,48213.0,692
1939,Linda Carter,79,65,1940,5,Female,Mira Loma,CA,91752,19851.0,15470.0,15349.0,789
1940,Jaycee Reyes,54,62,1965,3,Female,Upper Marlboro,MD,20774,33295.0,67890.0,112564.0,698
1941,Miguel Flores,33,60,1987,2,Male,Renton,WA,98059,33714.0,68741.0,203172.0,610
1942,Jasiah Jackson,31,64,1988,4,Male,San Marcos,CA,92069,22081.0,45025.0,62719.0,635
1943,Madelyn Lee,18,65,2002,2,Female,Ridgecrest,CA,93555,22397.0,45664.0,0.0,778
1944,Orion Moore,20,63,1999,12,Male,Hemet,CA,92545,15144.0,30882.0,60484.0,807
1945,Juan Bell,20,62,1999,10,Male,Bristol,TN,37620,17795.0,36283.0,60989.0,716
1946,Madeleine Rogers,57,70,1962,8,Female,Iuka,IL,62849,15976.0,32576.0,0.0,753
1947,Bodie Long,54,66,1965,7,Male,Fresno,CA,93725,13093.0,26696.0,0.0,683
1948,Elisabeth Kelly,19,66,2000,12,Female,Johnson City,TN,37615,23224.0,47350.0,47026.0,680
1949,Jon Adams,59,62,1961,2,Male,Pomona,CA,91768,16025.0,32678.0,44434.0,693
1950,Daniela Myers,19,71,2000,10,Female,Stockton,CA,95219,31600.0,64428.0,122968.0,703
1951,Keaton Burns,59,67,1960,10,Male,Syracuse,NY,13212,20294.0,41379.0,95988.0,681
1952,Malaya Young,64,64,1955,5,Female,Wilson,NC,27896,23756.0,55418.0,20950.0,590
1953,Mateo Collins,58,65,1961,9,Male,Ridgewood,NJ,7450,75378.0,153691.0,197377.0,604
1954,Raina Anwar,40,70,1979,9,Female,Meeker,OK,74855,17730.0,36152.0,81345.0,716
1955,Leif Butler,33,58,1987,2,Male,Monroe,NC,28110,19605.0,39975.0,52575.0,810
1956,Pierce Reed,42,69,1977,8,Male,Omaha,NE,68164,28553.0,58223.0,128784.0,689
1957,Amanda Torres,34,66,1985,11,Female,Menasha,WI,54952,22277.0,45419.0,124370.0,721
1958,Shmuel Jackson,22,70,1997,9,Male,Houston,TX,77064,26420.0,53873.0,76960.0,742
1959,Tony Watson,68,66,1952,1,Male,Middletown,NY,10940,22621.0,38689.0,8942.0,836
1960,Makai Lee,25,70,1994,8,Male,Stockton,CA,95219,31600.0,64429.0,136163.0,773
1961,Valeria Perry,21,70,1999,1,Female,Carlisle,IA,50047,23347.0,47602.0,89319.0,790
1962,Alexa Martin,99,67,1920,10,Female,Camp Hill,PA,17011,25336.0,51110.0,3781.0,709
1963,Lena Abe,42,66,1977,12,Female,Burley,ID,83318,14094.0,28738.0,48786.0,600
1964,Brooke Perez,52,66,1967,9,Female,Seminole,FL,33777,23878.0,48686.0,113137.0,701
1965,Ellen Miller,49,74,1970,8,Female,Independence,OH,44131,24071.0,49079.0,6494.0,683
1966,Elisha Ajami,57,66,1963,1,Male,Narberth,PA,19072,52517.0,107075.0,75999.0,815
1967,Genesis Reyes,66,65,1953,10,Female,Bellbrook,OH,45305,28466.0,59251.0,29300.0,679
1968,Jocelyn Martin,20,66,1999,10,Female,Newnan,GA,30263,19899.0,40572.0,0.0,732
1969,Allyson Neufelder,25,65,1994,10,Female,Lincolnton,GA,30817,14717.0,30004.0,67526.0,738
1970,Blaire Carter,18,68,2002,2,Female,Rising Sun,MD,21911,23383.0,47672.0,115371.0,767
1971,Rayan Braun,29,65,1990,6,Male,Kirbyville,TX,75956,18424.0,37568.0,53323.0,825
1972,Mara Merkel,35,70,1984,7,Female,Chesapeake,VA,23323,22084.0,45025.0,49878.0,691
1973,Aniyah Long,23,69,1996,4,Female,Charleston,WV,25303,21899.0,44644.0,83108.0,716
1974,Caspian Smith,22,62,1998,2,Male,Anaheim,CA,92805,16252.0,33140.0,51305.0,744
1975,Colt Barnes,34,69,1985,6,Male,Gregory,TX,78359,15758.0,32126.0,54351.0,745
1976,Abraham Macron,74,61,1945,5,Male,Baltimore,MD,21239,20919.0,32682.0,21379.0,650
1977,Isla Roberts,60,68,1959,12,Female,Dover,AR,72837,16877.0,34406.0,1636.0,774
1978,Toby Chen,48,69,1972,1,Male,Chattanooga,TN,37421,23706.0,48337.0,70603.0,625
1979,Kailyn Gomez,48,62,1971,9,Female,Trenton,GA,30752,15950.0,32522.0,50155.0,639
1980,Randall Farhad,48,70,1971,8,Male,Roanoke,TX,76262,46232.0,94260.0,39326.0,815
1981,Sullivan Cruz,38,68,1981,5,Male,Cedarville,MI,49719,13053.0,26613.0,17008.0,718
1982,Lucinda Burns,50,64,1969,9,Female,Brewster,MA,2631,19591.0,39947.0,57346.0,765
1983,Samuel Morales,56,66,1963,5,Male,Vero Beach,FL,32967,17942.0,36583.0,56310.0,614
1984,Nyla Schmidt,78,73,1942,1,Female,Minden,LA,71055,17311.0,27992.0,1058.0,695
1985,Luca Wilson,19,70,2000,9,Male,Columbus,OH,43223,13938.0,28417.0,25959.0,684
1986,Douglas Bell,50,60,1969,11,Male,Southaven,MS,38671,18861.0,38458.0,65836.0,696
1987,Alina Watson,69,60,1950,3,Female,Knoxville,TN,37918,19596.0,32952.0,5077.0,765
1988,Adelaide Diaz,51,65,1968,6,Female,Midlothian,IL,60445,22348.0,45570.0,0.0,712
1989,Markus Hall,37,66,1982,9,Male,Phoenix,AZ,85053,20815.0,42444.0,77510.0,736
1990,Lila Parker,56,67,1963,5,Female,Coshocton,OH,43812,15603.0,31814.0,43140.0,693
1991,Jaziel Howard,67,69,1953,2,Male,Bienville,LA,71008,16760.0,34172.0,71366.0,811
1992,Brynlee Kelley,18,60,2001,5,Female,Kennewick,WA,99336,18753.0,38241.0,81833.0,596
1993,Elsie Macron,31,72,1988,7,Female,Dinuba,CA,93618,13194.0,26900.0,74083.0,758
1994,Cali Brooks,85,66,1934,7,Female,Myrtle Beach,SC,29579,19025.0,35270.0,1769.0,731
1995,Donald Xi,21,66,1998,6,Male,Pacific,MO,63069,23106.0,47109.0,76035.0,844
1996,Jose Faraday,32,70,1987,7,Male,Freeport,NY,11520,23550.0,48010.0,87837.0,703
1997,Ximena Richardson,62,65,1957,11,Female,Independence,KY,41051,24218.0,49378.0,104480.0,740
1998,Annika Russell,47,67,1973,1,Female,Elizabeth,NJ,7201,15175.0,30942.0,71066.0,779
1999,Juelz Roman,66,60,1954,2,Male,Camp Hill,PA,17011,25336.0,54654.0,27241.0,618
2000,Kenia Harris,21,60,1998,11,Female,Merrimack,NH,3054,32325.0,65909.0,181261.0,673
